source_file,km_driven,engine_temp,fuel_level,battery_health,mileage,vehicle_age,brake_thickness,tire_tread,oil_degradation,hard_braking_freq,accel_variance,idle_ratio,aggressive_frac,stopgo_frac,smooth_frac,ambient_temp,road_roughness,monthly_precipitation,traffic_density,wind_speed,humidity,pressure_hpa,driving_style_enc,weather_condition_enc,road_type_enc,avg_road_roughness,avg_hard_braking,avg_traffic_density,stress,avg_stress,daily_km_avg,total_km,days_to_service_proxy,failure_proxy,engine_thermal_load,brake_stress_idx,traffic_road_impact,engine_battery_ratio,brake_wear_pct,tire_wear_pct,oil_wear_pct,composite_wear_idx,service_applied,services_done,drive_date,maintenance_probability,days_to_service_pred,severity,needs_maintenance_pred
2020-01-01_00-00-00_Toyota_Etios.csv,10.98,58.57231819859727,0.5115806570690291,0.6309763750461423,72010.98,5.0,6.784,4.892,0.422,0.008086747877445552,1.1122912513842746,0.0,0.106,0.893,0.001,26.59558139534884,2.1000000000000005,67.0,20.0,15.698523440383907,79.73159099298634,1010.6447803617571,2,0,1,2.1000000000000005,0.008086747877445552,20.0,1.211,1.211,10.98,10.98,214.6,0,40.605275378368404,0.87271562331238,42.000000000000014,92.82806855377741,0.2026586926456534,0.48562126217765,0.49646355233440004,0.37514680690403884,0,,2020-01-01,0.0,143.3,OK,0
2020-01-02_00-00-00_Toyota_Etios.csv,14.79,61.546508984231764,0.532548404840484,0.6287205720572057,72094.79,5.0,6.7626,4.8813,0.4247,0.009144297763109646,1.0608954895489549,0.0,0.107,0.89,0.002,26.335850751741845,2.1,67.0,20.0,13.168932893289329,82.04216721672167,1007.6762541254127,2,0,1,2.1,0.009144297763109646,20.0,1.211,1.211,12.88,25.77,181.8,0,42.04042464246425,0.8732323028511538,42.0,97.89167353447408,0.20623941986639582,0.487299728062373,0.4996230175291727,0.37795642715068206,0,,2020-01-02,0.0,137.7,OK,0
2020-01-03_00-00-00_Toyota_Etios.csv,17.17,60.68750840721492,0.5335713848975849,0.5999999999999999,72177.17,5.0,6.7376,4.8688,0.4278,0.008827881381840418,1.3120834607153775,0.0,0.102,0.895,0.003,24.668193213084685,2.1000000000000005,67.0,20.0,8.903928462243963,71.27704677468662,1008.5212962396821,2,0,1,2.1000000000000005,0.008827881381840418,20.0,1.21,1.21,14.31,42.94,162.5,0,41.2773928462244,0.8732151283401137,42.000000000000014,101.14584734535822,0.21039301118457698,0.48924672399277047,0.503287951045215,0.3812155456326042,0,,2020-01-03,0.0,137.7,OK,0
2020-01-04_00-00-00_Toyota_Etios.csv,11.47,57.67783889468196,0.5095430135557872,0.6240370177267986,72251.47,5.0,6.721,4.8605,0.4299,0.005688477580813347,0.8875114702815432,0.0,0.081,0.919,0.0,23.200544838373307,2.100000000000001,67.0,20.0,17.935072992700732,97.19479144942648,1007.0894447340982,2,0,1,2.100000000000001,0.005688477580813347,20.0,1.206,1.209,13.6,54.41,170.3,0,39.47902841501565,0.8720326765668985,42.00000000000002,92.42695105618418,0.21315947558660486,0.49054350418122106,0.5057289490470043,0.38338625395982034,0,,2020-01-04,0.0,141.8,OK,0
2020-01-05_00-00-00_Toyota_Etios.csv,12.93,60.84617057673509,0.5267988758553275,0.6328912512218962,72332.93,5.0,6.7022,4.8511,0.4322,0.010944281524926687,1.1452297165200394,0.0,0.123,0.876,0.001,24.497099217986314,2.1,67.0,20.0,10.105078201368523,95.16147116324535,1005.4199755620723,2,0,1,2.1,0.010944281524926687,20.0,1.214,1.21,13.47,67.34,170.9,0,41.32250513196481,0.8742186534951135,42.0,96.14000898141977,0.21629974308453048,0.49201550457087373,0.5084997733098797,0.38585026716108795,0,,2020-01-05,0.0,141.3,OK,0
2020-01-06_00-00-00_Toyota_Etios.csv,11.55,57.51843803786575,0.5072319277108434,0.6349333046471601,72411.55,5.0,6.6855,4.8427,0.4343,0.002991394148020654,0.7340094664371772,0.0,0.081,0.919,0.0,24.756488812392426,2.1,67.0,20.0,16.282314974182444,73.39217728055077,1004.7170008605852,2,0,1,2.1,0.002991394148020654,20.0,1.205,1.21,13.15,78.89,174.3,0,39.71051678141136,0.871112074416979,42.0,90.58973220790398,0.2190843767387668,0.493320801596297,0.5109568030047942,0.3880352320054092,0,,2020-01-06,0.0,142.2,OK,0
2020-01-07_00-00-00_Toyota_Etios.csv,12.43,59.248055365686945,0.5244870129870131,0.6024152426520846,72492.43,5.0,6.6674,4.8337,0.4366,0.013278537252221466,1.4090088858509913,0.0,0.131,0.867,0.002,23.6698974709501,2.1000000000000005,67.0,20.0,10.845427204374571,81.11913875598086,1007.1352734107996,2,0,1,2.1000000000000005,0.013278537252221466,20.0,1.216,1.21,13.05,91.32,174.5,0,40.3580071770335,0.8753083104483532,42.000000000000014,98.35085696844614,0.22210723059914483,0.49473776434334926,0.5136240269992454,0.3904071165096415,0,,2020-01-07,0.0,140.2,OK,0
2020-01-08_00-00-00_Toyota_Etios.csv,11.74,58.62066985645933,0.51050330371383,0.6063848257006151,72571.74,5.0,6.6503,4.8252,0.4387,0.009283435862383232,1.2164203691045798,0.0,0.104,0.895,0.001,23.794007746639323,2.1000000000000005,67.0,20.0,12.44702210070631,81.65056049213943,1009.0328457507405,2,0,1,2.1000000000000005,0.009283435862383232,20.0,1.211,1.21,12.88,103.06,175.8,0,40.06913647755753,0.8737871946929595,42.000000000000014,96.6723891692527,0.22494959799112424,0.4960701240583397,0.5161319982274626,0.39263738217373423,0,,2020-01-08,0.0,143.1,OK,0
2020-01-09_00-00-00_Toyota_Etios.csv,5.36,46.75634768740032,0.5071802232854864,0.5999999999999999,72640.0,5.0,6.6425,4.8213,0.4397,0.003157894736842105,0.9223157894736841,0.0,0.097,0.903,0.0,22.815263157894737,2.1000000000000005,67.0,20.0,18.05317384370016,79.92105263157895,1009.7178628389156,2,0,1,2.1000000000000005,0.003157894736842105,20.0,1.208,1.21,12.05,108.42,187.6,0,33.94122647527911,0.8713721685167565,42.000000000000014,77.92724614566723,0.22624503502319182,0.4966773601671214,0.5172750309028162,0.3936538477934733,0,,2020-01-09,0.0,162.0,OK,0
2020-01-10_00-00-00_Toyota_Etios.csv,13.67,58.645957324106114,0.5162004036908882,0.6052762399077276,72733.67,5.0,6.6226,4.8113,0.4422,0.012899942329873126,1.2663840830449826,0.0,0.125,0.875,0.0,23.711525374855828,2.1000000000000005,67.0,20.0,13.265585351787776,87.51445790080739,1007.722727797001,2,0,1,2.1000000000000005,0.012899942329873126,20.0,1.215,1.211,12.21,122.09,183.9,0,40.065283737024224,0.8753596261026702,42.000000000000014,96.89122661257362,0.2295677516572746,0.49823488358934775,0.5202068396975952,0.39626101984358036,0,,2020-01-10,0.0,137.0,OK,0
2020-01-11_00-00-00_Toyota_Etios.csv,11.8,45.040089766606826,0.4962280071813284,0.6,72811.8,5.0,6.6056,4.8028,0.4443,0.0035547576301615804,0.3926983842010772,0.0,0.05,0.95,0.0,23.947199281867146,2.1,67.0,20.0,9.139999999999999,75.04120287253141,1010.8171813285461,2,0,1,2.1,0.0035547576301615804,20.0,1.2,1.21,12.17,133.89,183.7,0,33.30948473967684,0.8716992296548515,42.0,75.06681627767804,0.23239949691379957,0.4995622641783437,0.5227054384533525,0.39848295084127827,0,,2020-01-11,0.0,158.0,OK,0
2020-01-12_00-00-00_Toyota_Etios.csv,9.95,58.472537526804864,0.5176458184417441,0.6000886347390992,72889.95,5.0,6.5912,4.7956,0.4461,0.008157255182273055,1.2869617583988564,0.0,0.099,0.9,0.001,24.049002859185133,2.1000000000000005,67.0,20.0,12.21318441744103,87.00507862759115,1011.2567262330235,2,0,1,2.1000000000000005,0.008157255182273055,20.0,1.209,1.21,11.99,143.84,185.7,0,40.046069335239466,0.873606563208825,42.000000000000014,97.43983495409306,0.23480625764439367,0.5006904332708098,0.5248290508627003,0.4003714174182159,0,,2020-01-12,0.0,155.4,OK,0
2020-01-13_00-00-00_Toyota_Etios.csv,13.02,61.5791796875,0.5470333533653846,0.6777812499999999,72973.02,5.0,6.572,4.786,0.4485,0.01676111778846154,1.8386751802884616,0.0,0.187,0.811,0.002,23.57765024038461,2.1000000000000005,67.0,20.0,10.041715745192308,75.15893930288462,1011.5768329326924,2,0,1,2.1000000000000005,0.01676111778846154,20.0,1.227,1.211,12.07,156.86,183.1,0,41.50511989182692,0.877136611535071,42.000000000000014,90.85406196689569,0.2380010108064986,0.5021879738155464,0.5276479507116163,0.40287818283594473,0,,2020-01-13,0.0,145.1,OK,0
2020-01-14_00-00-00_Toyota_Etios.csv,10.95,47.894394064303384,0.48993075020610055,0.6,73050.95,5.0,6.5606,4.7803,0.4499,0.0,0.13749051937345425,0.0,0.0,0.0,1.0,25.17194558944765,2.1,67.0,5.0,12.969274525968672,71.75120362737016,1012.6617312448475,0,0,0,2.1,0.0,5.0,0.87,1.189,11.99,167.81,187.1,0,30.481586150041224,0.8704852041622273,10.5,79.8239901071723,0.2399067269064986,0.5030812782374212,0.5293294649174987,0.4043735043750715,0,,2020-01-14,0.0,147.3,OK,0
2020-01-15_00-00-00_Toyota_Etios.csv,14.22,54.067467576791806,0.5011556313993173,0.5999999999999999,73134.22,5.0,6.5457,4.7729,0.4518,0.0,0.24883139931740614,0.0,0.0,0.0,1.0,22.728907849829344,2.1000000000000005,67.0,5.0,13.701890784982933,77.90552218430034,1014.3946825938565,0,0,0,2.1000000000000005,0.0,5.0,0.87,1.164,12.14,182.03,187.9,0,33.079515358361775,0.8705543597426143,10.500000000000004,90.1124459613197,0.24238154726649863,0.5042413502811713,0.5315131299410282,0.4063153739902664,0,,2020-01-15,0.0,142.5,OK,0
2020-01-16_00-00-00_Toyota_Etios.csv,14.28,49.990205128205126,0.48878666666666654,0.6,73214.28,5.0,6.5308,4.7654,0.4537,0.0,0.16264923076923077,0.0,0.0,0.0,1.0,23.802287179487177,2.1000000000000005,67.0,5.0,17.04554871794872,81.01352820512821,1014.3684820512821,0,0,0,2.1000000000000005,0.0,5.0,0.87,1.143,12.27,196.31,188.5,0,31.25556,0.8706241235866308,10.500000000000004,83.31700854700854,0.24486680990649867,0.5054063171436713,0.5337060087410281,0.40826543714814145,0,,2020-01-16,0.0,147.2,OK,0
2020-01-17_00-00-00_Toyota_Etios.csv,10.75,53.20218039215686,0.49213568627450976,0.5999999999999999,73290.75,5.0,6.5196,4.7598,0.4551,0.0,0.15264313725490197,0.0,0.0,0.0,1.0,24.046886274509806,2.1000000000000005,67.0,5.0,11.530964705882349,72.63403921568627,1011.9699764705884,0,0,0,2.1000000000000005,0.0,5.0,0.87,1.129,12.18,207.06,191.5,0,32.91046745098039,0.870676852432888,10.500000000000004,88.6703006535948,0.2467377184064986,0.5062833055030462,0.5353568103586752,0.4097334468783344,0,,2020-01-17,0.0,148.1,OK,0
2020-01-18_00-00-00_Toyota_Etios.csv,10.88,48.668941548183255,0.4915308056872038,0.6,73370.88,5.0,6.5082,4.7541,0.4565,0.0,0.12022590837282782,0.0,0.0,0.0,1.0,24.18347551342812,2.1,67.0,5.0,11.883420221169036,73.919897314376,1013.2561848341232,0,0,0,2.1,0.0,5.0,0.87,1.116,12.11,217.94,194.2,0,30.671165876777252,0.8707304041379199,10.5,81.11490258030543,0.24863125184649848,0.5071708993030462,0.5370275751586752,0.4112192092843343,0,,2020-01-18,0.0,151.1,OK,0
2020-01-19_00-00-00_Toyota_Etios.csv,10.95,51.342533444816056,0.48608193979933106,0.6,73450.95,5.0,6.4968,4.7484,0.4579,0.0,0.21843729096989964,0.0,0.0,0.0,1.0,24.118645484949834,2.1,67.0,5.0,8.983938127090301,83.92301839464882,1012.2799999999999,0,0,0,2.1,0.0,5.0,0.87,1.104,12.05,228.89,196.6,0,31.994995819397996,0.870784489493022,10.5,85.57088907469343,0.2505369679464985,0.5080642037249212,0.5387090893645575,0.4127145308234612,0,,2020-01-19,0.0,155.0,OK,0
2020-01-20_00-00-00_Toyota_Etios.csv,10.86,50.40897265948633,0.48177050538525273,0.5999999999999999,73530.86,5.0,6.4854,4.7427,0.4593,0.0,0.10003479701739851,0.0,0.0,0.0,1.0,24.86722452361226,2.1999999999999997,67.0,5.0,12.671300745650372,87.68274233637119,1011.8500165700085,0,0,0,2.1999999999999997,0.0,5.0,0.875,1.094,11.99,239.75,198.7,0,31.677931234465618,0.9108386402924984,10.999999999999998,84.01495443247724,0.2524382933064985,0.5089554499874211,0.540386729388087,0.4142064071652185,0,,2020-01-20,0.0,147.8,OK,0
2020-01-21_00-00-00_Toyota_Etios.csv,10.94,49.354757990867576,0.4933114155251141,0.6,73610.94,5.0,6.4739,4.737,0.4608,0.0,0.2544164383561644,0.0,0.0,0.0,1.0,23.111022831050228,2.1,67.0,5.0,16.26529680365297,80.33003652968038,1013.4260273972603,0,0,0,2.1,0.0,5.0,0.87,1.084,11.94,250.69,200.6,0,30.799583561643836,0.8708930578166997,10.5,82.2579299847793,0.2543422690264986,0.5098479386061712,0.5420667079645575,0.4157003631138987,0,,2020-01-21,0.0,153.6,OK,0
2020-01-22_00-00-00_Toyota_Etios.csv,10.91,53.973226484498156,0.48940199684708346,0.5999999999999999,73690.91,5.0,6.4626,4.7313,0.4622,0.0,0.11461797162375197,0.0,0.0,0.0,1.0,24.92335785601682,2.1000000000000005,67.0,5.0,7.964519180241721,84.74500788229112,1010.9855806621123,0,0,0,2.1000000000000005,0.0,5.0,0.87,1.075,11.89,261.6,202.3,0,33.47128481345244,0.8709475177125603,10.500000000000004,89.95537747416361,0.2562410236064986,0.5107379798155463,0.5437420796527928,0.4171902222912388,0,,2020-01-22,0.0,151.3,OK,0
2020-01-23_00-00-00_Toyota_Etios.csv,10.9,51.89851063829788,0.4884709219858156,0.5999999999999999,73770.9,5.0,6.4512,4.7256,0.4636,0.0,0.2258368794326241,0.0,0.0,0.0,1.0,23.56360756501182,2.1000000000000005,67.0,5.0,12.545498817966903,83.97912529550827,1008.720184397163,0,0,0,2.1000000000000005,0.0,5.0,0.87,1.067,11.85,272.5,203.8,0,32.1619768321513,0.8710021197749016,10.500000000000004,86.49751773049648,0.2581380378064986,0.5116272052217962,0.5454159157116164,0.4186787158781322,0,,2020-01-23,0.0,153.0,OK,0
2020-01-24_00-00-00_Toyota_Etios.csv,10.92,52.80251432664756,0.48726647564469916,0.6,73850.92,5.0,6.4398,4.7199,0.465,0.0,0.2855157593123209,0.0,0.0,0.0,1.0,22.62482808022923,2.1,67.0,5.0,8.929498567335244,76.15121060171919,1010.7988108882522,0,0,0,2.1,0.0,5.0,0.87,1.059,11.81,283.42,205.2,0,32.426222779369624,0.8710570155708657,10.5,88.00419054441261,0.2600385327664986,0.5125180622342962,0.5470928230292634,0.42016994064591895,0,,2020-01-24,0.0,154.4,OK,0
2020-01-25_00-16-11_Toyota_Etios.csv,2.71,49.35590204081633,0.4949632653061225,0.5999999999999999,73934.87,5.0,6.4369,4.7185,0.4654,0.0,0.4172963265306122,0.0,0.0,0.0,1.0,22.969991836734692,2.1000000000000005,67.0,5.0,17.137942857142853,77.43599183673471,1010.0266857142857,0,0,0,2.1000000000000005,0.0,5.0,0.87,1.057,11.45,286.13,211.9,0,30.771949387755104,0.8710706691010589,10.500000000000004,82.2598367346939,0.2605101757464986,0.5127391448811712,0.5475089785998517,0.4205400156569723,0,,2020-01-25,0.0,174.1,OK,0
2020-01-26_00-00-00_Toyota_Etios.csv,14.1,49.68981744421906,0.4835551048005408,0.5999999999999999,74014.1,5.0,6.4222,4.7111,0.4672,0.0,0.12776335361730898,0.0,0.0,0.0,1.0,22.60475321162948,2.1000000000000005,67.0,5.0,15.370682893847192,71.98044624746451,1011.9284178498986,0,0,0,2.1000000000000005,0.0,5.0,0.87,1.049,11.55,300.23,210.7,0,30.865859364435426,0.8711419019295867,10.500000000000004,82.81636240703179,0.26296411154649857,0.5138894272874213,0.5496742160704399,0.4224654981868068,0,,2020-01-26,0.0,143.8,OK,0
2020-01-27_00-00-00_Toyota_Etios.csv,12.68,50.284245161290336,0.4926322580645161,0.5999999999999999,74092.68,5.0,6.409,4.7045,0.4689,0.0,0.4668774193548387,0.0,0.0,0.0,1.0,23.97996129032258,2.1000000000000005,67.0,5.0,12.672980645161292,82.49407741935484,1009.7494838709678,0,0,0,2.1000000000000005,0.0,5.0,0.87,1.041,11.59,312.91,210.5,0,31.438114838709684,0.8712062404657456,10.500000000000004,83.80707526881724,0.2651709133864987,0.5149238656499211,0.5516213941645576,0.42419706687321124,0,,2020-01-27,0.0,149.6,OK,0
2020-01-28_00-00-00_Toyota_Etios.csv,10.95,51.47317060085837,0.49223336909871246,0.6,74170.95,5.0,6.3975,4.6988,0.4703,0.0,0.29434549356223183,0.0,0.0,0.0,1.0,24.601952789699574,2.100000000000001,67.0,5.0,10.936673819742488,85.45689377682405,1008.7839699570817,0,0,0,2.100000000000001,0.0,5.0,0.87,1.036,11.57,323.86,211.3,0,32.1569758583691,0.8712620152474296,10.500000000000005,85.78861766809729,0.2670766294864987,0.5158171700717961,0.5533029083704399,0.4256923884123381,0,,2020-01-28,0.0,152.7,OK,0
2020-01-29_00-00-00_Toyota_Etios.csv,10.87,47.706064030131834,0.47794601381042057,0.5999999999999999,74250.87,5.0,6.3862,4.6931,0.4717,0.0,0.022817953546767102,0.0,0.0,0.0,1.0,24.32053358443189,2.1000000000000005,67.0,5.0,11.160420590081607,64.23235404896421,1006.3643063402387,0,0,0,2.1000000000000005,0.0,5.0,0.87,1.03,11.54,334.73,212.1,0,30.217138731952296,0.8713175800850969,10.500000000000004,79.51010671688641,0.26896842254649866,0.5167039480686711,0.5549721375410281,0.4271767852278914,0,,2020-01-29,0.0,149.5,OK,0
2020-01-30_00-00-00_Toyota_Etios.csv,10.78,52.83894469525959,0.48726467268623025,0.5999999999999999,74330.78,5.0,6.3742,4.6871,0.4732,0.0,0.21525959367945824,0.0,0.0,0.0,1.0,23.12017494356659,2.6000000000000005,67.0,15.0,10.729492099322798,91.02039503386003,1008.6946218961629,0,0,0,2.6000000000000005,0.0,15.0,0.927,1.027,11.52,345.51,212.4,0,35.54350733634311,1.0713765113350313,39.00000000000001,88.06490782543267,0.27096750886649856,0.5176410197811712,0.5567360372351458,0.42874536977879574,0,,2020-01-30,0.0,151.0,OK,0
2020-01-31_00-00-00_Toyota_Etios.csv,10.8,49.54396299151889,0.47203161141094835,0.6,74410.8,5.0,6.3629,4.6815,0.4746,0.0,0.02572474942174248,0.0,0.0,0.0,1.0,22.329999999999995,2.1,67.0,5.0,10.94,71.26905936777177,1010.1809560524287,0,0,0,2.1,0.0,5.0,0.87,1.022,11.49,356.31,213.0,0,30.737981495759442,0.8714321232008327,10.5,82.57327165253149,0.27284711926649863,0.5185220871561711,0.5583945169998517,0.43022020746122225,0,,2020-01-31,0.0,150.5,OK,0
2020-02-01_00-00-00_Toyota_Etios.csv,10.77,49.02254319281272,0.4732301313061506,0.5999999999999999,74490.77,5.0,6.3517,4.6758,0.476,0.0,0.016821008984105046,0.0,0.0,0.0,1.0,22.065984796129925,2.1000000000000005,97.0,5.0,12.57836212854181,89.03944022114719,1008.7599239806497,0,0,0,2.1000000000000005,0.0,5.0,0.87,1.018,11.47,367.08,213.5,0,30.424468555632345,0.8714877772496221,10.500000000000004,81.70423865468788,0.2747215085264987,0.5194007071217961,0.5600483898763222,0.43169094837230865,0,,2020-02-01,0.0,151.4,OK,0
2020-02-02_00-00-00_Toyota_Etios.csv,10.55,50.17673295454546,0.47269365530303026,0.5999999999999999,74570.55,5.0,6.3397,4.6698,0.4775,0.0,0.01096685606060606,0.0,0.0,0.0,1.0,21.90385416666667,3.0,97.0,15.0,9.543338068181818,98.4835274621212,1008.1099621212122,0,0,0,3.0,0.0,15.0,0.949,1.016,11.44,377.63,213.6,0,33.969137310606065,1.2315474311185792,45.0,83.62788825757578,0.2767232655264986,0.520339030715546,0.5618146460527929,0.43326162847423877,0,,2020-02-02,0.0,157.1,OK,0
2020-02-03_00-00-00_Toyota_Etios.csv,12.35,52.99689521345407,0.4883993100474342,0.6000000000000001,74652.35,5.0,6.3268,4.6634,0.4792,0.0,0.1980056058645968,0.0,0.0,0.0,1.0,24.1175204829668,2.0999999999999996,97.0,5.0,18.28969383354894,79.64797757654162,1010.4445709357482,0,0,0,2.0999999999999996,0.0,5.0,0.87,1.011,11.47,389.98,213.1,0,32.821951703320394,0.8716117361040907,10.499999999999998,88.3281586890901,0.2788726348264986,0.521346547574921,0.5637111483763223,0.4349481326759024,0,,2020-02-03,0.0,147.0,OK,0
2020-02-04_00-00-00_Toyota_Etios.csv,10.68,53.36498577524894,0.4804978662873399,0.5999999999999999,74730.68,5.0,6.3156,4.6578,0.4805,0.0,0.10265113798008534,0.0,0.0,0.0,1.0,22.278709103840683,2.1000000000000005,97.0,5.0,16.187375533428167,79.85388691322903,1010.0325746799431,0,0,0,2.1000000000000005,0.0,5.0,0.87,1.007,11.45,400.66,213.6,0,32.63823470839261,0.8716675573473243,10.500000000000004,88.94164295874825,0.2807313606664986,0.522217825312421,0.565351200588087,0.43640658327296855,0,,2020-02-04,0.0,152.0,OK,0
2020-02-05_00-00-00_Toyota_Etios.csv,10.98,46.87729411764706,0.4826816176470588,0.5999999999999999,74810.98,5.0,6.3041,4.6521,0.482,0.0,0.03825294117647059,0.0,0.0,0.0,1.0,22.721661764705882,2.1000000000000005,97.0,5.0,18.501154411764706,88.73233823529412,1010.3828676470588,0,0,0,2.1000000000000005,0.0,5.0,0.87,1.004,11.43,411.64,213.8,0,29.482979411764706,0.8717251525038398,10.500000000000004,78.12882352941179,0.28264229790649864,0.523113577143671,0.5670373216822047,0.43790600158343546,0,,2020-02-05,0.0,147.4,OK,0
2020-02-06_00-00-00_Toyota_Etios.csv,10.83,46.102563706563714,0.4805104247104247,0.6,74890.83,5.0,6.2928,4.6464,0.4834,0.0,0.06566872586872587,0.0,0.0,0.0,1.0,24.514355212355216,2.1,97.0,5.0,12.63769884169884,75.43977606177606,1009.5224324324324,0,0,0,2.1,0.0,5.0,0.87,1.0,11.42,422.47,214.0,0,29.4541528957529,0.871782166438186,10.5,76.83760617760619,0.2845271294464986,0.523997091928046,0.5687004083351458,0.43938493603720197,0,,2020-02-06,0.0,146.4,OK,0
2020-02-07_00-00-00_Toyota_Etios.csv,10.75,46.754492647058825,0.48040000000000005,0.5999999999999999,74970.75,5.0,6.2816,4.6408,0.4848,0.0,0.03318897058823529,0.0,0.0,0.0,1.0,24.25252941176471,2.1000000000000005,97.0,5.0,9.794845588235292,80.06029411764706,1011.180779411765,0,0,0,2.1000000000000005,0.0,5.0,0.87,1.0,11.4,433.22,213.6,0,29.727752205882354,0.8718389622359778,10.500000000000004,77.92415441176473,0.28639803794649854,0.524874080287421,0.5703512099527929,0.440852945767395,0,,2020-02-07,0.0,151.4,OK,0
2020-02-08_00-00-00_Toyota_Etios.csv,10.85,46.36262151394423,0.4799880478087649,0.6,75050.85,5.0,6.2703,4.6351,0.4862,0.0,0.03148366533864542,0.0,0.0,0.0,1.0,24.285505976095617,2.1,97.0,5.0,11.692326693227093,81.05742629482073,1011.6269800796812,0,0,0,2.1,0.0,5.0,0.87,1.0,11.39,444.07,213.0,0,29.538411952191236,0.8718964925719169,10.5,77.27103585657372,0.2882863502464986,0.525759226678046,0.5720173678645576,0.442334611402055,0,,2020-02-08,0.0,147.2,OK,0
2020-02-09_00-00-00_Toyota_Etios.csv,14.54,46.712246891651866,0.4920515097690941,0.6,75134.54,5.0,6.2551,4.6275,0.4881,0.0,0.18715364120781527,0.0,0.0,0.0,1.0,24.497344582593254,2.1,97.0,5.0,16.34976909413854,80.53927175843694,1010.2943783303728,0,0,0,2.1,0.0,5.0,0.87,1.0,11.47,458.61,210.4,0,29.755592362344583,0.871973915304388,10.5,77.85374481941977,0.29081686276649865,0.5269454044217958,0.5742501730292634,0.4443201799115438,0,,2020-02-09,0.0,137.3,OK,0
2020-02-10_00-00-00_Toyota_Etios.csv,10.91,51.71730555555556,0.4896333333333333,0.5999999999999999,75210.91,5.0,6.2437,4.6219,0.4895,0.0,0.32895277777777776,0.0,0.0,0.0,1.0,23.31201666666667,2.1000000000000005,97.0,5.0,11.236738888888887,80.87185555555556,1011.7090388888889,0,0,0,2.1000000000000005,0.0,5.0,0.87,1.0,11.45,469.52,209.8,0,32.021056111111115,0.8720322562466881,10.500000000000004,86.1955092592593,0.29271561734649865,0.5278354456311709,0.5759255447174987,0.44581003908888395,0,,2020-02-10,0.0,140.1,OK,0
2020-02-11_00-00-00_Toyota_Etios.csv,13.98,51.84891096394408,0.4932450331125827,0.5999999999999999,75293.98,5.0,6.2291,4.6146,0.4914,0.0,0.4001846946284032,0.0,0.0,0.0,1.0,24.25794701986755,2.1000000000000005,97.0,5.0,8.554150110375277,80.69107431935248,1011.4799705665928,0,0,0,2.1000000000000005,0.0,5.0,0.87,1.0,11.51,483.5,207.7,0,32.27604488594555,0.8721073258594724,10.500000000000004,86.41485160657348,0.2951486685864987,0.5289759383999209,0.5780723546351457,0.4477191345333582,0,,2020-02-11,0.0,133.9,OK,0
2020-02-12_00-00-00_Toyota_Etios.csv,10.73,53.80538625466169,0.48994192860948316,0.5999999999999999,75370.73,5.0,6.2179,4.609,0.4928,0.0,0.327879062333511,0.0,0.0,0.0,1.0,24.616201385189132,2.100000000000001,97.0,5.0,10.333995737879597,89.22220031965904,1012.2999999999998,0,0,0,2.100000000000001,0.0,5.0,0.87,1.0,11.49,494.23,207.2,0,33.32593340436867,0.8721651827674018,10.500000000000005,89.6756437577695,0.2970160963264986,0.5298512951530459,0.5797200849939693,0.4491844130826578,0,,2020-02-12,0.0,137.5,OK,0
2020-02-13_00-00-00_Toyota_Etios.csv,10.6,52.28629401408451,0.49626408450704224,0.5999999999999999,75450.6,5.0,6.2068,4.6034,0.4941,0.0,0.3498714788732395,0.0,0.0,0.0,1.0,22.369903169014083,2.1000000000000005,97.0,5.0,7.204366197183099,84.13,1013.7436883802818,0,0,0,2.1000000000000005,0.0,5.0,0.87,1.0,11.47,504.83,206.8,0,32.11712764084507,0.8722225438118044,10.500000000000004,87.14382335680754,0.2988608991264986,0.5307160464655458,0.5813478521704398,0.45063193895615045,0,,2020-02-13,0.0,149.5,OK,0
2020-02-14_00-00-00_Toyota_Etios.csv,11.99,53.083584173778114,0.4985717610550814,0.5999999999999999,75531.99,5.0,6.1943,4.5972,0.4957,0.0,0.3244437548487199,0.0,0.0,0.0,1.0,22.59349883630722,2.1000000000000005,97.0,5.0,15.168192397207136,85.08120248254461,1015.7780760279286,0,0,0,2.1000000000000005,0.0,5.0,0.87,1.0,11.48,516.82,205.7,0,32.5604918541505,0.8722876738153269,10.500000000000004,88.4726402896302,0.30094761474649856,0.5316941944124208,0.5831890718351458,0.45226928190173316,0,,2020-02-14,0.0,133.3,OK,0
2020-02-15_00-00-00_Toyota_Etios.csv,10.8,49.80206033848418,0.4719786607799853,0.5999999999999999,75610.8,5.0,6.183,4.5915,0.0514,0.0,0.02490507726269316,0.0,0.0,0.0,1.0,22.46088300220751,2.1000000000000005,97.0,5.0,14.07119205298013,75.34874172185431,1013.8599632082413,0,0,0,2.1000000000000005,0.0,5.0,0.87,1.0,11.47,527.62,303.9,0,30.893206769683594,0.8723465655065192,10.500000000000004,83.00343389747366,0.3028272251464986,0.5325752617874209,0.06048200917647059,0.3226527339783144,1,oil_change,2020-02-15,0.0,156.3,OK,0
2020-02-16_00-00-00_Toyota_Etios.csv,15.12,50.49108389012621,0.4982635486265776,0.5999999999999999,75695.12,5.0,6.1672,4.5836,0.0534,0.0,0.41344469190794353,0.0,0.0,0.0,1.0,22.916577579806976,2.1000000000000005,97.0,5.0,11.085337787676318,80.55210838901262,1011.1501039346692,0,0,0,2.1000000000000005,0.0,5.0,0.87,1.0,11.55,542.74,300.7,0,31.3288574610245,0.8724293757178637,10.500000000000004,84.15180648354371,0.30545867970649876,0.5338087561124208,0.06280388084705882,0.3247175067337115,0,,2020-02-16,0.0,148.9,OK,0
2020-02-17_00-00-00_Toyota_Etios.csv,10.98,51.60764039155075,0.47930602782071097,0.6,75770.98,5.0,6.1558,4.5779,0.0548,0.0,0.09539567233384853,0.0,0.0,0.0,1.0,23.94760432766615,2.1000000000000005,97.0,5.0,11.415729005667185,90.11749613601236,1010.2353992787221,0,0,0,2.1000000000000005,0.0,5.0,0.87,1.0,11.54,553.72,300.2,0,32.09334106130861,0.8724897779530885,10.500000000000004,86.01273398591792,0.3073696169464988,0.5347045079436707,0.06449000194117648,0.3262169250441784,0,,2020-02-17,0.0,175.8,OK,0
2020-02-18_00-00-00_Toyota_Etios.csv,10.83,53.69189435336977,0.4875505464480875,0.6,75850.83,5.0,6.1445,4.5722,0.0562,0.0,0.21697632058287797,0.0,0.0,0.0,1.0,23.2406102003643,2.1,97.0,5.0,15.234112021857923,89.24015027322405,1011.8953233151184,0,0,0,2.1,0.0,5.0,0.87,1.0,11.52,564.55,299.8,0,32.994069216757744,0.8725495758447542,10.5,89.48649058894962,0.30925444848649875,0.5355880227280458,0.06615308859411766,0.327695859497945,0,,2020-02-18,0.0,184.9,OK,0
2020-02-19_00-00-00_Toyota_Etios.csv,14.35,53.45137588652482,0.4963,0.5999999999999999,75934.35,5.0,6.1295,4.5647,0.0581,0.0,0.3884879432624114,0.0,0.0,0.0,1.0,23.6926524822695,2.1000000000000005,97.0,5.0,7.291964539007093,85.09056028368792,1011.2837021276596,0,0,0,2.1000000000000005,0.0,5.0,0.87,1.0,11.58,578.9,297.2,0,32.96421843971631,0.8726291493198233,10.500000000000004,89.0856264775414,0.3117518937864987,0.5367587002124208,0.06835671680000001,0.32965548178894677,0,,2020-02-19,0.0,161.2,OK,0
2020-02-20_00-00-00_Toyota_Etios.csv,10.86,51.92520871143376,0.48496324863883844,0.6,76010.86,5.0,6.1181,4.5591,0.0595,0.0,0.13442241379310343,0.0,0.0,0.0,1.0,24.096474591651543,2.1,97.0,5.0,8.82606170598911,90.56053539019965,1010.7736796733215,0,0,0,2.1,0.0,5.0,0.87,1.0,11.56,589.76,296.8,0,32.28189927404719,0.8726896291982572,10.5,86.54201451905627,0.3136419464664987,0.5376446624061708,0.07002441034117649,0.33113851301405334,0,,2020-02-20,0.0,186.7,OK,0
2020-02-21_00-00-00_Toyota_Etios.csv,10.8,50.76114895363151,0.4832326631103816,0.6,76090.8,5.0,6.1069,4.5534,0.0609,0.0,0.10650594993844892,0.0,0.0,0.0,1.0,23.88975379565039,2.1,97.0,5.0,10.728362741075093,87.9582724661469,1012.6905498563808,0,0,0,2.1,0.0,5.0,0.87,1.0,11.55,600.56,296.3,0,31.658525235945834,0.872749997695099,10.5,84.60191492271919,0.31552155686649874,0.5385257297811707,0.07168289010588236,0.33261335069647985,0,,2020-02-21,0.0,186.8,OK,0
2020-02-22_00-00-00_Toyota_Etios.csv,10.87,46.86506859205776,0.4807595667870036,0.5999999999999999,76170.87,5.0,6.0955,4.5478,0.0623,0.0,0.03451768953068592,0.0,0.0,0.0,1.0,22.23038267148014,2.1000000000000005,97.0,5.0,13.641711191335741,94.65543682310467,1012.380036101083,0,0,0,2.1000000000000005,0.0,5.0,0.87,1.0,11.54,611.43,295.8,0,29.37861083032491,0.8728109830279664,10.500000000000004,78.10844765342962,0.3174133499264987,0.5394125077780458,0.0733521192764706,0.3340977475120332,0,,2020-02-22,0.0,185.4,OK,0
2020-02-23_00-00-00_Toyota_Etios.csv,10.9,50.35144704931285,0.4764967663702506,0.6,76250.9,5.0,6.0841,4.5421,0.0638,0.0,0.022032740501212608,0.0,0.0,0.0,1.0,22.04632983023444,2.1,97.0,5.0,8.974292643492321,81.20935327405012,1011.9136337914309,0,0,0,2.1,0.0,5.0,0.87,1.0,11.52,622.33,295.3,0,31.084989490703315,0.8728723651688153,10.5,83.91907841552143,0.3193103641264988,0.5403017331842959,0.07502595533529413,0.3355862410989266,0,,2020-02-23,0.0,183.8,OK,0
2020-02-24_00-00-00_Toyota_Etios.csv,10.74,48.78063230605739,0.4779452709883103,0.5999999999999999,76330.74,5.0,6.0729,4.5365,0.0652,0.0,0.02950743889479277,0.0,0.0,0.0,1.0,23.969086078639744,2.1000000000000005,97.0,5.0,12.70498937300744,83.01026567481404,1011.5747662061636,0,0,0,2.1000000000000005,0.0,5.0,0.87,1.0,11.51,633.07,294.9,0,30.684133368756644,0.8729330713351477,10.500000000000004,81.301053843429,0.32117953224649876,0.5411779057405459,0.07667522132352943,0.3370528852386729,0,,2020-02-24,0.0,184.4,OK,0
2020-02-25_00-00-00_Toyota_Etios.csv,14.6,52.01910320284697,0.4996669039145908,0.5999999999999999,76414.6,5.0,6.0577,4.5288,0.0671,0.0,0.29755871886121,0.0,0.0,0.0,1.0,23.547316725978646,2.1000000000000005,97.0,5.0,9.802170818505338,86.9109893238434,1010.025715302491,0,0,0,2.1000000000000005,0.0,5.0,0.87,1.0,11.57,647.67,292.4,0,32.21901494661921,0.8730159560230709,10.500000000000004,86.6985053380783,0.3237204870464988,0.5423689783030459,0.0789172402647059,0.33904664729084205,0,,2020-02-25,0.0,157.1,OK,0
2020-02-26_00-00-00_Toyota_Etios.csv,13.23,55.690037383177575,0.5030084112149533,0.6,76493.23,5.0,6.0439,4.5219,0.0688,0.0,0.1152728971962617,0.0,0.0,0.0,1.0,23.739897196261683,2.1,97.0,5.0,13.751224299065422,74.40931775700933,1010.8906168224298,0,0,0,2.1,0.0,5.0,0.87,1.0,11.59,660.9,290.6,0,34.092998130841124,0.8730914243149654,10.5,92.81672897196263,0.3260230097864988,0.5434482858374208,0.0809488779764706,0.34085332345181446,0,,2020-02-26,0.0,156.1,OK,0
2020-02-27_00-00-00_Toyota_Etios.csv,10.86,50.75068393782384,0.4719968911917099,0.6,76570.86,5.0,6.0325,4.5163,0.0702,0.0,0.011192746113989637,0.0,0.0,0.0,1.0,22.739461139896378,2.1000000000000005,97.0,5.0,14.218922279792746,74.93105181347153,1012.1300310880825,0,0,0,2.1000000000000005,0.0,5.0,0.87,1.0,11.58,671.76,290.1,0,31.423234196891194,0.8731536316694659,10.500000000000004,84.5844732297064,0.32791306246649876,0.5443342480311708,0.08261657151764706,0.3423363546769211,0,,2020-02-27,0.0,177.3,OK,0
2020-02-28_00-00-00_Toyota_Etios.csv,11.09,43.44330817610063,0.48670566037735846,0.5999999999999999,76651.09,5.0,6.0209,4.5105,0.0717,0.0,0.04534968553459119,0.0,0.0,0.0,1.0,21.714955974842766,2.1000000000000005,97.0,5.0,8.97451572327044,91.0985283018868,1012.8983899371067,0,0,0,2.1000000000000005,0.0,5.0,0.87,1.0,11.57,682.85,289.5,0,27.56464528301887,0.8732173983202649,10.500000000000004,72.40551362683439,0.3298431438864987,0.5452389736967959,0.08431958453529413,0.3438507944823016,0,,2020-02-28,0.0,187.9,OK,0
2020-02-29_00-00-00_Toyota_Etios.csv,14.1,50.114379263301494,0.497,0.5999999999999999,76734.1,5.0,6.0062,4.5031,0.0735,0.0,0.3464993178717599,0.0,0.0,0.0,1.0,23.54714870395635,2.1000000000000005,97.0,5.0,11.979631650750344,68.70954979536154,1013.7299727148702,0,0,0,2.1000000000000005,0.0,5.0,0.87,1.0,11.62,696.95,287.4,0,31.266619372442015,0.8732988273021065,10.500000000000004,83.52396543883584,0.3322970796864988,0.5463892561030458,0.08648482200588235,0.3457762770121361,0,,2020-02-29,0.0,158.7,OK,0
2020-03-01_00-00-00_Toyota_Etios.csv,15.49,57.402574617181415,0.5110625486633792,0.644708279262912,76815.49,5.0,5.982,4.491,0.0765,0.0051692187905528165,0.7896924474435506,0.0,0.08,0.919,0.0,23.174897482481185,2.100000000000001,200.0,45.0,9.198528419413442,82.9077290423047,1014.994523747729,2,0,0,2.100000000000001,0.0051692187905528165,45.0,1.305,1.0,11.68,712.44,284.1,0,46.83626680508694,0.8755015184492828,94.50000000000004,89.03650916785055,0.3363391988570662,0.5482839994642492,0.0900513977446184,0.3489479287914683,0,,2020-03-01,0.0,167.5,OK,0
2020-03-02_00-00-00_Toyota_Etios.csv,10.37,71.90244897959184,0.22953741496598637,0.6,76890.37,5.0,5.968,4.484,0.0783,0.008526360544217688,1.3388078231292517,0.0786420068027211,0.071,0.308,0.621,23.596513605442176,2.1,200.0,45.0,11.953801020408164,89.66986394557824,1013.6838775510206,0,0,0,2.1,0.008526360544217688,45.0,1.119,1.0,11.66,722.81,283.6,0,54.17052721088435,0.8769223894813722,94.5,119.8374149659864,0.33866016415828926,0.5493719519491975,0.09209930830452108,0.3507690759216651,0,,2020-03-02,0.0,159.0,OK,0
2020-03-03_00-00-00_Toyota_Etios.csv,15.72,73.6214070642733,0.24332541980312677,0.5999999999999999,76975.72,5.0,5.9469,4.4734,0.0809,0.010976259409380431,1.512557614360162,0.05181876085697742,0.074,0.307,0.619,23.525506658946146,2.1000000000000005,200.0,45.0,15.863051534452808,92.44927041111755,1013.8440359004053,0,0,0,2.1000000000000005,0.010976259409380431,45.0,1.121,1.0,11.72,738.53,280.6,0,55.01580486392588,0.878021479446947,94.50000000000003,122.7023451071222,0.342183577604119,0.5510235520019302,0.09520820252142957,0.3535337248726806,0,,2020-03-03,0.0,152.9,OK,0
2020-03-04_00-00-00_Toyota_Etios.csv,10.18,64.52563857515204,0.27684969591659425,0.5999999999999999,77050.18,5.0,5.933,4.4665,0.0827,0.006907037358818421,1.1187228496959167,0.3987706342311034,0.049,0.412,0.54,22.70511728931364,2.1000000000000005,200.0,45.0,7.033979148566464,96.84046046915726,1015.1954995655951,0,0,0,2.1000000000000005,0.006907037358818421,45.0,1.139,1.0,11.7,748.71,280.2,0,50.30384274543875,0.876472650991958,94.50000000000003,107.54273095858676,0.34450226084031066,0.552110434768895,0.09725409949453992,0.3553530813788725,0,,2020-03-04,0.0,154.4,OK,0
2020-03-05_00-00-00_Toyota_Etios.csv,29.75,56.84022746071134,0.5131455748552523,0.5999999999999999,77149.75,5.0,5.8863,4.4432,0.0885,0.0074127377998345735,0.8677737799834574,0.0,0.088,0.912,0.0,24.636910669975187,2.1000000000000005,200.0,45.0,9.344983457402812,84.47151364764268,1014.0913606286188,2,0,0,2.1000000000000005,0.0074127377998345735,45.0,1.307,1.0,11.98,778.46,270.4,0,46.847495864350705,0.8769421586561125,94.50000000000003,94.73371243451892,0.35227935561567725,0.5557559479448482,0.1041162419433928,0.36145538451281595,0,,2020-03-05,0.0,114.0,OK,0
2020-03-06_00-00-00_Toyota_Etios.csv,17.65,56.05534469403564,0.5221843532145624,0.6,77217.65,5.0,5.8585,4.4292,0.092,0.011166537567776918,1.1644980635166537,0.0,0.131,0.867,0.002,25.374957397366384,2.1,200.0,45.0,9.789008520526725,93.87297443841983,1013.3687838884587,2,0,0,2.1,0.011166537567776918,45.0,1.316,1.0,12.06,796.11,266.6,0,46.602663826491096,0.8786053011817011,94.5,93.4255744900594,0.3569239547652785,0.5579331037962239,0.10821441766362914,0.365099772650697,0,,2020-03-06,0.0,148.4,OK,0
2020-03-07_00-00-00_Toyota_Etios.csv,29.05,58.953538328280644,0.5276132524902555,0.6547739281074058,77280.0,5.0,5.8126,4.4063,0.0977,0.00862104807275877,1.183612386314422,0.0,0.13,0.867,0.003,23.735365959289737,2.0999999999999996,200.0,45.0,9.130125595495885,77.88280640970116,1012.7789172802077,2,0,0,2.0999999999999996,0.00862104807275877,45.0,1.315,1.0,12.32,825.16,258.0,0,47.72384235599827,0.8778562874170587,94.49999999999999,90.03647793167814,0.3645626686921005,0.5615137509494216,0.11495445936376616,0.3710934951500793,0,,2020-03-07,0.0,114.3,OK,0
2020-03-08_00-00-00_Toyota_Etios.csv,12.15,58.446826735885786,0.516309863724854,0.6296544451654769,77372.15,5.0,5.7935,4.3968,0.1001,0.006773848150551591,0.9976593121349773,0.0,0.097,0.903,0.0,23.871606099935104,2.1000000000000005,200.0,45.0,5.327459441920829,96.14729072031147,1012.1536599610642,2,0,0,2.1000000000000005,0.006773848150551591,45.0,1.309,1.002,12.31,837.31,256.3,0,47.49773458792992,0.8772307316911306,94.50000000000003,92.82365460077966,0.36774289493679646,0.5630044820016229,0.11776054134438023,0.3735888620113817,0,,2020-03-08,0.0,150.1,OK,0
2020-03-09_00-00-00_Toyota_Etios.csv,24.67,58.00203112635189,0.5095254550250593,0.635736744922184,77440.0,5.0,5.7548,4.3774,0.1049,0.008412819836454762,0.9039857557372726,0.0,0.093,0.907,0.001,24.59090213663941,2.1000000000000005,200.0,45.0,13.683621735689792,97.91879978897389,1009.6474070166183,2,0,0,2.1000000000000005,0.008412819836454762,45.0,1.308,1.01,12.49,861.98,247.9,0,47.41919599050382,0.8781186475156528,94.50000000000003,91.23592680402876,0.3741978634545021,0.5660302484942974,0.12345610180117932,0.37865375780509974,0,,2020-03-09,0.0,121.4,OK,0
2020-03-10_00-00-00_Toyota_Etios.csv,1.9,58.05226005188068,0.5124983787289235,0.642116083009079,77521.9,5.0,5.7518,4.3759,0.1053,0.006130998702983139,0.9939098573281452,0.0,0.087,0.912,0.001,24.713038261997408,2.1000000000000005,200.0,45.0,8.748566796368353,98.54226329442284,1010.8726297016862,2,0,0,2.1000000000000005,0.006130998702983139,45.0,1.306,1.011,12.34,863.88,250.6,0,47.46873767833982,0.8772239152055895,94.50000000000003,90.40773403437689,0.374694268026599,0.5662629381374678,0.12389410583538243,0.3790432620175989,0,,2020-03-10,0.0,162.5,OK,0
2020-03-11_00-00-00_Toyota_Etios.csv,11.31,58.312212654436536,0.516102583302134,0.6511546237364282,77611.31,5.0,5.734,4.367,0.1075,0.007432796705353801,1.0278333957319354,0.0,0.111,0.888,0.0,23.667817296892547,2.1,200.0,45.0,12.252280044926993,74.97000000000001,1009.9199925121677,2,0,0,2.1,0.007432796705353801,45.0,1.311,1.015,12.33,875.19,248.7,0,47.38966978659678,0.8778525598254429,94.5,89.55202117713891,0.3776605289330499,0.5676533729373666,0.12651139487048624,0.38137074081891986,0,,2020-03-11,0.0,149.1,OK,0
2020-03-12_00-00-00_Toyota_Etios.csv,12.89,59.15665249734325,0.5215802337938363,0.6026918172157278,77692.89,5.0,5.7125,4.3562,0.1102,0.011655685441020193,1.2661370882040384,0.0,0.117,0.88,0.003,22.355607509741407,2.6000000000000005,200.0,55.0,13.007715196599362,88.16609280906837,1011.6652249380091,2,0,0,2.6000000000000005,0.011655685441020193,55.0,1.393,1.02,12.33,888.08,245.8,0,50.54944775061991,1.0796732858001516,143.00000000000003,98.15406615379463,0.3812519227314227,0.5693368387803539,0.1296802717514034,0.3841887306035438,0,,2020-03-12,0.0,151.4,OK,0
2020-03-13_00-00-00_Toyota_Etios.csv,11.83,58.006917324470294,0.5178151225592024,0.6,77771.83,5.0,5.6939,4.347,0.1126,0.008680099709181554,1.1989397590361446,0.0,0.098,0.901,0.001,21.588508516825925,2.1,200.0,45.0,16.205205650186958,95.37356875778978,1014.4375862068968,2,0,0,2.1,0.008680099709181554,45.0,1.309,1.024,12.33,899.91,243.8,0,46.821160365600335,0.8785973138803757,94.5,96.67819554078383,0.38434903967452383,0.5707886123474325,0.1324130219953161,0.38661888569023994,0,,2020-03-13,0.0,150.2,OK,0
2020-03-14_00-00-00_Toyota_Etios.csv,13.21,57.711684658161595,0.5081619234543671,0.6372250572456656,77853.21,5.0,5.6732,4.3366,0.1151,0.00683447824664704,0.8453074910042525,0.0,0.093,0.906,0.0,23.376614327772327,2.100000000000001,200.0,45.0,14.235989532221131,79.61926071311744,1011.6849362119724,2,0,0,2.100000000000001,0.00683447824664704,45.0,1.308,1.028,12.34,913.12,241.2,0,47.031165194635264,0.8779874079233088,94.50000000000004,90.56719286528677,0.38780386643527587,0.5724080623915351,0.1354613985489209,0.38932971804837785,0,,2020-03-14,0.0,150.2,OK,0
2020-03-15_00-00-00_Toyota_Etios.csv,11.59,58.99554189944133,0.5194119180633148,0.6093519553072625,77931.59,5.0,5.6549,4.3275,0.1174,0.009633519553072628,1.2531988826815643,0.0,0.117,0.883,0.0,23.576245810055866,2.1000000000000005,200.0,45.0,14.631854748603352,98.59022346368715,1012.4473780260707,2,0,0,2.1000000000000005,0.009633519553072628,45.0,1.313,1.032,12.33,924.71,239.4,0,47.713020111731836,0.8792208906836982,94.50000000000003,96.81685827970001,0.3908480153095907,0.5738350071763703,0.13814741226155164,0.3917183117009537,0,,2020-03-15,0.0,152.4,OK,0
2020-03-16_00-00-00_Toyota_Etios.csv,14.63,59.369980532122,0.5248011031797535,0.6577157689811809,78014.63,5.0,5.6316,4.3158,0.1203,0.008387410772225828,1.3012663854639843,0.0,0.141,0.857,0.002,24.464743672939647,2.1999999999999993,200.0,45.0,17.08012329656067,96.93383517196624,1010.3472809863725,2,0,0,2.1999999999999993,0.008387410772225828,45.0,1.325,1.036,12.36,939.34,236.2,0,48.07793900064893,0.9188685384009881,98.99999999999997,90.26692582433849,0.3947250916821433,0.5756523867260043,0.14156836200203918,0.3947604625274686,0,,2020-03-16,0.0,157.1,OK,0
2020-03-17_00-00-00_Toyota_Etios.csv,13.0,59.38747240197944,0.5253913208983632,0.6022188808526836,78093.0,5.0,5.6112,4.3056,0.1229,0.010222687476208605,1.2143136657784546,0.0,0.115,0.883,0.003,23.74261134373811,2.1000000000000005,200.0,45.0,16.696330414921967,92.2207955843167,1007.7065169394747,2,0,0,2.1000000000000005,0.010222687476208605,45.0,1.312,1.04,12.37,952.34,233.9,0,47.94225846973734,0.8797322259764727,94.50000000000003,98.61443121459847,0.39813730236412115,0.5772518604831814,0.14457913613319623,0.39743785614806104,0,,2020-03-17,0.0,160.0,OK,0
2020-03-18_00-00-00_Toyota_Etios.csv,11.51,59.13578338590957,0.5185473186119874,0.6580825446898001,78171.51,5.0,5.5931,4.2965,0.1252,0.006796267087276551,1.0686564143007362,0.0,0.115,0.885,0.0,23.983233438485804,2.1000000000000005,200.0,45.0,11.143422712933754,97.53159305993691,1010.4357781282863,2,0,0,2.1000000000000005,0.006796267087276551,45.0,1.312,1.044,12.36,963.85,232.2,0,47.86453838065195,0.8784771680598311,94.50000000000003,89.86073838774186,0.4011582408803954,0.5786679254126851,0.14724467011814413,0.39980823777613395,0,,2020-03-18,0.0,156.9,OK,0
2020-03-19_00-00-00_Toyota_Etios.csv,12.42,62.51519565217391,0.5398722826086957,0.6651081521739131,78252.42,5.0,5.5732,4.2866,0.1276,0.02491304347826087,2.118457065217391,0.0,0.215,0.783,0.002,23.92132065217391,2.1000000000000005,200.0,45.0,11.251597826086957,74.73048913043479,1010.4155217391304,2,0,0,2.1000000000000005,0.02491304347826087,45.0,1.335,1.047,12.36,976.27,230.1,0,49.541861956521736,0.8858515575761171,94.50000000000003,93.99252655052014,0.4044747993711447,0.5802225622052237,0.1501710452570405,0.40241057783454637,0,,2020-03-19,0.0,154.3,OK,0
2020-03-20_00-00-00_Toyota_Etios.csv,13.57,58.51331793364131,0.5251835363292734,0.6084993700125997,78333.57,5.0,5.5517,4.2759,0.1303,0.013364132717345652,1.5859025619487608,0.0,0.129,0.871,0.0,22.803805123897522,2.1000000000000005,200.0,45.0,12.724834103317935,99.0,1008.9330449391013,2,0,0,2.1000000000000005,0.013364132717345652,45.0,1.316,1.051,12.37,989.84,227.6,0,47.317419991600154,0.8813705555550578,94.50000000000003,96.16003042440245,0.40804746023951755,0.5818972469872736,0.1533233930820754,0.40521386881187166,0,,2020-03-20,0.0,159.5,OK,0
2020-03-21_00-00-00_Toyota_Etios.csv,11.96,60.74636118598383,0.530300808625337,0.6149385444743934,78411.96,5.0,5.5327,4.2664,0.1327,0.01881832884097035,1.5958889487870618,0.0,0.156,0.843,0.001,22.74296495956873,2.100000000000001,200.0,45.0,8.782264150943398,81.19156873315366,1010.4270889487872,2,0,0,2.100000000000001,0.01881832884097035,45.0,1.323,1.054,12.37,1001.8,225.8,0,48.42177358490566,0.88367582283818,94.50000000000004,98.7844423346492,0.41121093948168586,0.5833801278820399,0.15611469829575322,0.4076960951253266,0,,2020-03-21,0.0,157.6,OK,0
2020-03-22_00-00-00_Toyota_Etios.csv,15.48,59.912947875602285,0.5372268944371441,0.5999999999999999,78495.48,5.0,5.5082,4.2541,0.1358,0.013540078843626808,1.4082785808147174,0.0,0.142,0.857,0.001,24.136618484450285,2.1000000000000005,200.0,45.0,6.605698642137539,94.58272886552781,1010.3427551467366,2,0,0,2.1000000000000005,0.013540078843626808,45.0,1.319,1.058,12.41,1017.28,222.7,0,48.2837976346912,0.8817252820323819,94.50000000000003,99.85491312600384,0.41529363603947,0.5852938918935011,0.1597170776114451,0.4108995859813747,0,,2020-03-22,0.0,156.3,OK,0
2020-03-23_00-00-00_Toyota_Etios.csv,11.47,58.89937127729981,0.5196088682991397,0.6449966909331567,78571.47,5.0,5.4901,4.245,0.138,0.007892786234281933,1.0926528788881535,0.0,0.12,0.879,0.001,24.336237590999332,2.1999999999999997,200.0,45.0,9.193898080741231,95.21949040370617,1010.3686565188617,2,0,0,2.1999999999999997,0.007892786234281933,45.0,1.321,1.061,12.39,1028.75,221.1,0,47.81693315684977,0.9195866206172322,98.99999999999999,91.31732318205607,0.41832413116869593,0.5867144364853258,0.1623910439019386,0.413277466212827,0,,2020-03-23,0.0,155.5,OK,0
2020-03-24_00-00-00_Toyota_Etios.csv,12.55,57.871276309897,0.520512315270936,0.6000000000000001,78652.55,5.0,5.4704,4.2352,0.1405,0.00841513658755038,1.0362445141065832,0.0,0.096,0.902,0.002,25.252355575459024,2.0999999999999996,200.0,45.0,8.638128078817735,88.51908195253023,1007.3135826242723,2,0,0,2.0999999999999996,0.00841513658755038,45.0,1.308,1.064,12.4,1041.3,219.2,0,47.4861092700403,0.8799267680757779,94.49999999999999,96.45212718316165,0.4216078718664532,0.5882536899373996,0.16528846216466572,0.41585405576583756,0,,2020-03-24,0.0,157.8,OK,0
2020-03-25_00-00-00_Toyota_Etios.csv,11.89,58.45962589546299,0.5032066861236402,0.6226903687980895,78731.89,5.0,5.4518,4.2259,0.1428,0.005540992305651367,0.78880127354736,0.0,0.063,0.936,0.0,24.111568055187053,2.1000000000000005,200.0,45.0,12.390037145131336,83.49627752719555,1008.7395648713186,2,0,0,2.1000000000000005,0.005540992305651367,45.0,1.301,1.067,12.39,1053.19,217.6,0,47.552126558768904,0.878901638446161,94.50000000000003,93.88233514563773,0.4247027247106018,0.5897044022080943,0.1680192146742086,0.41828243432562584,0,,2020-03-25,0.0,157.8,OK,0
2020-03-26_00-00-00_Toyota_Etios.csv,13.59,59.35279860228716,0.5156022871664548,0.6267951080050824,78813.59,5.0,5.4304,4.2152,0.1455,0.008216645489199493,1.3226797966963153,0.0,0.101,0.898,0.001,25.196378653113083,2.1000000000000005,200.0,45.0,14.923052731893266,87.36893583227445,1008.0160482846251,2,0,0,2.1000000000000005,0.008216645489199493,45.0,1.31,1.07,12.4,1066.78,215.4,0,48.215675031766196,0.8801161671162444,94.50000000000003,94.69250452702303,0.4282619840186229,0.5913728050087292,0.1711597375930507,0.42107520975876706,0,,2020-03-26,0.0,157.9,OK,0
2020-03-27_00-00-00_Toyota_Etios.csv,13.23,59.94975291695264,0.5164869595058339,0.6226705559368564,78893.23,5.0,5.4096,4.2048,0.1481,0.010949897048730268,1.2899691146190801,0.0,0.107,0.892,0.001,26.584927934111192,2.1000000000000005,200.0,45.0,8.961252573781744,92.02854495538776,1010.0049931365819,2,0,0,2.1000000000000005,0.010949897048730268,45.0,1.311,1.073,12.41,1080.01,213.3,0,48.79186204529856,0.8813511950800587,94.50000000000003,96.27844507077032,0.43173152866533726,0.5929991540618765,0.17422110051662215,0.4237975905169472,0,,2020-03-27,0.0,164.7,OK,0
2020-03-28_00-00-00_Toyota_Etios.csv,12.35,59.65316270566727,0.517005941499086,0.6494524680073126,78972.35,5.0,5.3902,4.1951,0.1505,0.006353747714808044,0.9788085009140767,0.0,0.093,0.907,0.0,26.55258683729433,2.1,200.0,45.0,8.71278336380256,82.0368327239488,1008.5345612431445,2,0,0,2.1,0.006353747714808044,45.0,1.308,1.075,12.41,1092.36,211.6,0,48.6370987202925,0.8796456785095286,94.5,91.85146818934807,0.43496194091474605,0.594513409803787,0.17707146426610051,0.42633233586374897,0,,2020-03-28,0.0,165.2,OK,0
2020-03-29_00-00-00_Toyota_Etios.csv,14.38,60.04894419306184,0.5237310206133735,0.641185017596782,79054.38,5.0,5.3676,4.1838,0.1533,0.01250729009552539,1.573948717948718,0.0,0.11,0.887,0.003,25.68887380593263,2.1000000000000005,200.0,45.0,11.900729009552538,84.26383609854197,1007.7765158371041,2,0,0,2.1000000000000005,0.01250729009552539,45.0,1.312,1.079,12.44,1106.74,209.2,0,48.66224685771745,0.8822635423886256,94.50000000000003,93.65306821754909,0.4387339506001462,0.5962815393438181,0.18039970810615943,0.4292920460369347,0,,2020-03-29,0.0,161.5,OK,0
2020-03-30_00-00-00_Toyota_Etios.csv,12.6,59.920789938217126,0.5158314210061783,0.611977493380406,79132.6,5.0,5.3461,4.1731,0.156,0.009240953221535746,1.1985507502206532,0.0,0.089,0.91,0.001,26.33291262135922,3.0,200.0,55.0,10.740348631950573,95.96669020300088,1008.0495719329215,2,0,0,3.0,0.009240953221535746,55.0,1.419,1.082,12.44,1119.34,207.1,0,51.72697749338041,1.2411065920066757,165.0,97.91338829673315,0.44231099762538373,0.5979582801368983,0.1835559260696043,0.43209877861546897,0,,2020-03-30,0.0,162.2,OK,0
2020-03-31_00-00-00_Toyota_Etios.csv,11.8,60.55201652892562,0.5268892561983471,0.6654688705234159,79211.8,5.0,5.3275,4.1638,0.1583,0.013171900826446281,1.6902192837465564,0.0,0.12,0.879,0.001,24.540000000000003,2.1000000000000005,200.0,45.0,15.983911845730027,85.95726721763086,1011.7269476584021,2,0,0,2.1000000000000005,0.013171900826446281,45.0,1.314,1.085,12.43,1131.14,205.6,0,48.68400826446281,0.8828096510079191,94.50000000000003,90.99150871069179,0.44541264919641266,0.599412179310818,0.18629267745580622,0.43453249180130293,0,,2020-03-31,0.0,160.1,OK,0
2020-04-01_00-00-00_Toyota_Etios.csv,12.73,59.063948744769874,0.5179429916317991,0.6076835774058577,79292.73,5.0,5.3075,4.1538,0.1608,0.009873430962343097,1.282239539748954,0.0,0.099,0.899,0.002,24.657787656903768,2.100000000000001,320.0,45.0,14.572358786610877,92.76073744769874,1012.0700679916316,2,0,0,2.100000000000001,0.009873430962343097,45.0,1.309,1.087,12.43,1143.87,203.9,0,47.96353190376569,0.8816317152594606,94.50000000000004,97.1952360419351,0.4487457310091152,0.6009745614105224,0.18923363199642615,0.43714779689643546,0,,2020-04-01,0.0,163.8,OK,0
2020-04-02_00-00-00_Toyota_Etios.csv,11.38,58.84439541547278,0.5280785100286534,0.5999999999999998,79371.38,5.0,5.2896,4.1448,0.1631,0.010249283667621777,1.5525793696275072,0.0,0.121,0.876,0.002,23.8061776504298,2.1000000000000005,320.0,45.0,9.0909111747851,90.20881375358167,1012.5732034383952,2,0,0,2.1000000000000005,0.010249283667621777,45.0,1.313,1.09,12.42,1155.25,202.5,0,47.68343323782235,0.8819098175392063,94.50000000000003,98.07399235912135,0.4517347725433484,0.6023756746296941,0.19187102158545538,0.43949315053409616,0,,2020-04-02,0.0,165.5,OK,0
2020-04-03_00-00-00_Toyota_Etios.csv,11.05,59.773543108873504,0.5245588420390183,0.6051774701069853,79451.05,5.0,5.2721,4.1361,0.1653,0.012847073631214602,1.5320575833857772,0.0,0.139,0.859,0.001,23.218300818124604,2.1000000000000005,320.0,45.0,8.71042479546885,84.2974638137193,1010.9914915040906,2,0,0,2.1000000000000005,0.012847073631214602,45.0,1.318,1.092,12.41,1166.3,201.3,0,48.03043171806167,0.8830742398165411,94.50000000000003,98.77027163338803,0.4546468234618647,0.6037406984977485,0.19444047827826386,0.4417780934285238,0,,2020-04-03,0.0,164.1,OK,0
2020-04-04_00-00-00_Toyota_Etios.csv,20.8,74.41705536912752,0.5942915268456376,0.5999999999999999,79540.8,5.0,5.2439,4.122,0.1688,0.017111577181208055,1.615087248322148,0.12486073825503356,0.072,0.336,0.591,23.748791946308724,2.1000000000000005,320.0,45.0,10.144072986577182,94.31913590604027,1012.546841442953,0,0,0,2.1000000000000005,0.017111577181208055,45.0,1.129,1.092,12.5,1187.1,198.0,0,55.458286073825505,0.8849839632099684,94.50000000000003,124.02842561521257,0.4593449520377336,0.6059429462676871,0.198585885845207,0.44546448347008566,0,,2020-04-04,0.0,126.9,OK,0
2020-04-05_00-00-00_Toyota_Etios.csv,20.75,70.41945780498469,0.580758635767381,0.5999999999999999,79620.75,5.0,5.2157,4.1079,0.1723,0.012178836904241364,1.612593353738522,0.1251254919108002,0.064,0.363,0.573,25.046243987756885,2.1000000000000005,320.0,45.0,8.54171403585483,92.01991692173152,1010.4346480104941,0,0,0,2.1000000000000005,0.012178836904241364,45.0,1.133,1.093,12.58,1207.85,194.9,0,53.71897770004372,0.883217087624615,94.50000000000003,117.36576300830784,0.4640452192071147,0.6081461965033345,0.20273318040642563,0.4491525515606194,0,,2020-04-05,0.0,115.8,OK,0
2020-04-06_00-00-00_Toyota_Etios.csv,21.78,74.61241337138198,0.5356017121891561,0.5999999999999999,79701.78,5.0,5.1866,4.0933,0.176,0.011806767223807585,1.4033628210354667,0.17325397472482673,0.07,0.297,0.634,25.020000000000007,2.1000000000000005,320.0,45.0,9.72924174480228,85.60260089686098,1010.3399999999998,0,0,0,2.1000000000000005,0.011806767223807585,45.0,1.116,1.093,12.68,1229.63,191.6,0,55.810206685690986,0.8832838762293255,94.50000000000003,124.35402228563666,0.4689058819871609,0.610424632181481,0.2070220005064663,0.45296647418499925,0,,2020-04-06,0.0,113.9,OK,0
2020-04-07_00-00-00_Toyota_Etios.csv,21.25,71.0364898466639,0.5269171156237049,0.5999999999999999,79781.25,5.0,5.1579,4.0789,0.1796,0.013467882304185663,1.546375880646498,0.19830418566100289,0.065,0.335,0.599,25.533725652714466,2.1000000000000005,320.0,45.0,12.043050145047657,95.86244508910072,1009.900157480315,0,0,0,2.1000000000000005,0.013467882304185663,45.0,1.125,1.094,12.76,1250.88,188.5,0,54.12499005387484,0.8841627889768425,94.50000000000003,118.39414974443986,0.4736870006230619,0.6126657815420595,0.21124063459696713,0.4567179824381874,0,,2020-04-07,0.0,111.2,OK,0
2020-04-08_00-00-00_Toyota_Etios.csv,19.63,72.0528090405904,0.22036485239852396,0.6,79859.63,5.0,5.1316,4.0658,0.1828,0.012886070110701107,1.3544741697416973,0.2921978782287823,0.06,0.315,0.625,25.17777675276753,2.1,320.0,45.0,8.30369003690037,98.26652214022141,1010.0799999999999,0,0,0,2.1,0.012886070110701107,45.0,1.116,1.094,12.83,1270.51,185.8,0,54.56195987084871,0.884128784174631,94.5,120.08801506765067,0.47807011302895386,0.6147203654823215,0.21510808671981296,0.4601571948103473,0,,2020-04-08,0.0,110.0,OK,0
2020-04-09_00-00-00_Toyota_Etios.csv,11.99,60.346740362811786,0.5223568594104309,0.6513336167800453,79931.99,5.0,5.1186,4.0593,0.1845,0.009043934240362811,1.2435839002267572,0.0,0.0,0.0,1.0,23.54636337868481,2.1000000000000005,320.0,15.0,13.289804421768705,98.18133786848072,1006.8348270975057,0,0,1,2.1000000000000005,0.009043934240362811,15.0,0.902,1.093,12.82,1282.5,185.5,0,39.382642857142855,0.8826907026229003,31.500000000000007,92.65104519116325,0.4802321292854336,0.6157338106025463,0.21701574812258925,0.46185362245571193,0,,2020-04-09,0.0001,162.1,OK,0
2020-04-10_00-00-00_Toyota_Etios.csv,92.28,64.28651042701092,0.5645878848063555,0.7293719960278052,80000.0,5.0,5.018,4.009,0.197,0.018000794438927506,1.9320367428003973,0.0,0.0,0.0,1.0,24.29449851042701,2.2011916583912603,320.0,15.023833167825224,10.964254220456803,98.7527388282026,1008.512399205561,0,0,1,2.2011916583912603,0.018000794438927506,15.023833167825224,0.908,1.08,13.61,1374.78,171.1,0,41.50930486593843,0.9275333130618725,33.070336246078824,88.13953754341863,0.49699612618525746,0.6235919341493388,0.231807510093022,0.47500750494962707,0,,2020-04-10,0.0029,74.0,OK,0
2020-04-11_00-00-00_Toyota_Etios.csv,15.31,60.7394048480463,0.5267092981186686,0.673189580318379,80095.31,5.0,5.0015,4.0007,0.1991,0.007378075253256151,1.190734442836469,0.0,0.0,0.0,1.0,24.650888205499278,2.1000000000000005,320.0,15.0,11.411206584659912,98.50868306801736,1012.191541244573,0,0,1,2.1000000000000005,0.007378075253256151,15.0,0.901,1.078,13.63,1390.09,170.2,0,39.799880065123006,0.8829395268186706,31.500000000000007,90.22629972870367,0.4997561102540624,0.6248856766815911,0.23424279015373223,0.4771731284786149,0,,2020-04-11,0.0001,106.5,OK,0
2020-04-12_00-00-00_Toyota_Etios.csv,12.47,59.47433048433049,0.5171086182336182,0.6534932336182334,80172.47,5.0,4.988,3.994,0.2008,0.006188568376068376,0.9672069088319089,0.0,0.0,0.0,1.0,24.269745370370373,2.1000000000000005,320.0,15.0,9.705292022792023,92.97471153846153,1012.1963621794871,0,0,1,2.1000000000000005,0.006188568376068376,15.0,0.901,1.077,13.62,1402.56,169.8,0,39.09111431623932,0.8825718376060778,31.500000000000007,91.00986425679659,0.502003717519752,0.6259392425873831,0.23622597303522305,0.47893671517229064,0,,2020-04-12,0.0001,110.7,OK,0
2020-04-13_00-00-00_Toyota_Etios.csv,34.95,65.47090074507717,0.5658143959552954,0.6455855508249068,80274.95,5.0,4.9501,3.9751,0.2055,0.01476995742416179,1.3509992017030337,0.0,0.0,0.0,1.0,22.407046301224053,2.100000000000001,320.0,15.0,16.316696381053752,97.67927488025545,1013.063591005854,0,0,1,2.100000000000001,0.01476995742416179,15.0,0.902,1.072,13.82,1437.51,165.9,0,41.7168596327834,0.8863109417442192,31.500000000000014,101.4132064471095,0.5083112472200064,0.6288958971343773,0.24179144041780049,0.48388592298948474,0,,2020-04-13,0.0004,87.4,OK,0
2020-04-14_00-00-00_Toyota_Etios.csv,12.76,60.50469190794358,0.5290324177183866,0.6740044543429843,80332.76,5.0,4.9363,3.9682,0.2072,0.008617173966839892,1.1686327641672853,0.0,0.0,0.0,1.0,24.407636723583273,2.1000000000000005,320.0,15.0,9.070616184112843,78.96186340014849,1011.6777876763178,0,0,1,2.1000000000000005,0.008617173966839892,15.0,0.902,1.071,13.81,1450.27,165.4,0,39.63387329868844,0.8839628139553742,31.500000000000007,89.76897929691461,0.5106119614692834,0.6299743569387259,0.24382148240245677,0.4856911801168816,0,,2020-04-14,0.0001,107.1,OK,0
2020-04-15_00-00-00_Toyota_Etios.csv,12.2,59.7384990619137,0.5133489681050657,0.637873443629541,80412.2,5.0,8.9868,7.4934,0.0516,0.009331059184717723,1.108024901927341,0.0,0.0,0.0,1.0,24.173772812553302,2.1000000000000005,320.0,15.0,9.485127068053897,93.90285007675251,1009.5962971175167,0,0,1,2.1000000000000005,0.009331059184717723,15.0,0.902,1.069,13.8,1462.47,360.7,0,39.20400409346751,0.8659872860302585,31.500000000000007,93.6525883911984,0.0,0.07915623955367546,0.06076468621868308,0.042895855398457174,1,full_service,2020-04-15,0.0,181.2,OK,0
2020-04-16_00-00-00_Toyota_Etios.csv,14.53,62.40023855577047,0.5399424027509134,0.6595383623468729,80494.53,5.0,8.9711,7.4855,0.0536,0.01264560498603052,1.3842785299806575,0.0,0.0,0.0,1.0,25.60626477541371,2.0999999999999996,320.0,15.0,8.237160971416289,98.70770040833871,1010.2649946271222,0,0,1,2.0999999999999996,0.01264560498603052,15.0,0.902,1.068,13.8,1477.0,360.2,0,40.821372232967974,0.867352122932379,31.499999999999993,94.61199244533427,0.0,0.08038503873655645,0.0630777199746947,0.043904193551468434,0,,2020-04-16,0.0,185.2,OK,0
2020-04-17_00-00-00_Toyota_Etios.csv,15.91,63.27411791801013,0.5491849378166743,0.7248576692768309,80575.91,5.0,8.9538,7.4769,0.0558,0.01422201750345463,1.5525405343159833,0.0,0.0,0.0,1.0,26.062441271303545,2.1,320.0,15.0,9.724675264854904,90.1677706126209,1010.088622754491,0,0,1,2.1,0.01422201750345463,15.0,0.902,1.066,13.82,1492.91,359.3,0,41.349547213265765,0.8680255797167413,31.5,87.29178237313381,0.0,0.08173086180078226,0.06561103397794306,0.04500856012475955,0,,2020-04-17,0.0,183.0,OK,0
2020-04-18_00-00-00_Toyota_Etios.csv,12.63,60.99835476425981,0.5263086053412463,0.6224192218925155,80652.63,5.0,8.9402,7.4701,0.0575,0.01181800197823937,1.3421078140454994,0.0,0.0,0.0,1.0,25.061801846356744,2.1000000000000005,320.0,15.0,8.707579953841082,94.36091988130565,1010.7635443455325,0,0,1,2.1000000000000005,0.01181800197823937,15.0,0.902,1.065,13.81,1505.54,359.3,0,40.01153775140125,0.8670981281080549,31.500000000000007,98.00204206224451,0.0,0.08279884601968324,0.06762135721352167,0.04588493541026954,0,,2020-04-18,0.0,196.6,OK,0
2020-04-19_00-00-00_Toyota_Etios.csv,13.8,61.65132947976879,0.5360818882466281,0.653811416184971,80733.8,5.0,8.9252,7.4626,0.0593,0.013435452793834297,1.5928860789980734,0.0,0.0,0.0,1.0,25.502615606936416,2.1,320.0,15.0,12.164323217726396,99.0,1007.9465438342967,0,0,1,2.1,0.013435452793834297,15.0,0.902,1.063,13.81,1519.34,358.9,0,40.42618786127168,0.8677825556951351,31.5,94.29527835336376,0.0,0.08396604725769274,0.0698184418968337,0.046842727014400884,0,,2020-04-19,0.0,196.3,OK,0
2020-04-20_00-00-00_Toyota_Etios.csv,12.11,59.23496418493596,0.515710223572824,0.65000629476883,80812.11,5.0,8.9121,7.4561,0.061,0.00605383112654656,1.04538332971565,0.0,0.0,0.0,1.0,26.24391360972433,2.1,320.0,15.0,10.770180160625136,90.90669850227914,1009.2972411547646,0,0,1,2.1,0.00605383112654656,15.0,0.901,1.062,13.8,1531.45,359.0,0,39.366264814412844,0.8648628353066048,31.5,91.12983160571152,0.0,0.08498917680843932,0.0717443328158856,0.04768229508692516,0,,2020-04-20,0.0,198.5,OK,0
2020-04-21_00-00-00_Toyota_Etios.csv,17.63,60.78732889158086,0.5272937613567535,0.5999999999999998,80897.63,5.0,8.8855,7.4428,0.0643,0.010238643246517262,1.3729939430648093,0.0,0.151,0.846,0.002,24.577692307692306,2.100000000000001,320.0,30.0,10.638891580860083,84.33680193821925,1009.9707147183525,2,0,0,2.100000000000001,0.010238643246517262,30.0,1.259,1.064,13.83,1549.08,355.9,0,44.309202907328896,0.8666040291411632,63.00000000000003,101.31221481930147,0.0,0.08707001784499646,0.07566121006116977,0.0493898087610412,0,,2020-04-21,0.0,180.1,OK,0
2020-04-22_00-00-00_Toyota_Etios.csv,13.89,56.12491638795988,0.51070419918246,0.5999999999999999,80973.89,5.0,8.8647,7.4323,0.0669,0.005526941657376439,0.9935826830174656,0.0,0.1,0.9,0.0,23.709810479375697,2.1000000000000005,320.0,30.0,11.850052025269417,97.57732813080638,1008.3832069862505,2,0,0,2.1000000000000005,0.005526941657376439,30.0,1.249,1.066,13.83,1562.97,354.1,0,41.804420289855074,0.8647722207802037,63.000000000000014,93.54152731326649,0.0,0.08869681418457864,0.0787234149356778,0.050724738698521975,0,,2020-04-22,0.0,178.9,OK,0
2020-04-23_00-00-00_Toyota_Etios.csv,13.62,54.98149210903873,0.5125078909612626,0.5999999999999999,81053.62,5.0,8.8442,7.4221,0.0695,0.009261836441893831,1.1802109038737447,0.0,0.108,0.892,-0.0,24.416334289813484,2.1000000000000005,320.0,30.0,8.838715925394547,99.0,1008.8893758967,2,0,0,2.1000000000000005,0.009261836441893831,30.0,1.251,1.067,13.83,1576.59,352.5,0,41.37401291248206,0.8663183575074724,63.000000000000014,91.63582018173125,0.0,0.090294815690384,0.08173141777013469,0.05203603993416807,0,,2020-04-23,0.0,179.2,OK,0
2020-04-24_00-00-00_Toyota_Etios.csv,13.54,55.92160975609757,0.5058364227642276,0.6007193495934958,81133.54,5.0,8.824,7.412,0.072,0.0032295934959349596,0.9577730081300813,0.0,0.082,0.918,0.0,24.136396747967485,2.1000000000000005,320.0,30.0,8.423674796747967,98.0338276422764,1008.3234081300811,2,0,0,2.1000000000000005,0.0032295934959349596,30.0,1.245,1.069,13.83,1590.13,350.9,0,41.78808422764228,0.8639573199187744,63.000000000000014,93.0910745491043,0.0,0.09187575059071862,0.08470729522958832,0.053333336514148594,0,,2020-04-24,0.0,178.3,OK,0
2020-04-25_00-00-00_Toyota_Etios.csv,12.25,56.31389428682473,0.5105219588029538,0.5999999999999999,81212.25,5.0,8.8057,7.4028,0.0743,0.0034745433346288377,0.8922137582588417,0.0,0.08,0.92,0.0,23.846785853089777,2.1000000000000005,320.0,30.0,7.386956859696852,96.15259619121647,1011.8646987951807,2,0,0,2.1000000000000005,0.0034745433346288377,30.0,1.245,1.07,13.81,1602.38,349.8,0,41.926304314030325,0.8641024113678459,63.000000000000014,93.85649047804124,0.0,0.09330568256034755,0.08739893187830135,0.05450672186569698,0,,2020-04-25,0.0,173.6,OK,0
2020-04-26_00-00-00_Toyota_Etios.csv,12.2,55.97006386175808,0.5081739293764087,0.6059413974455296,81292.2,5.0,8.7875,7.3937,0.0766,0.004475957926371149,0.9247794891059353,0.0,0.068,0.932,0.0,22.68,2.1,320.0,30.0,6.869725770097671,99.0,1010.5215101427499,2,0,0,2.1,0.004475957926371149,30.0,1.243,1.072,13.8,1614.58,348.7,0,41.52103193087904,0.8645500124551291,63.0,92.36877377533764,0.0,0.09472739435343847,0.09007509525353162,0.05567336183708636,0,,2020-04-26,0.0,176.9,OK,0
2020-04-27_00-00-00_Toyota_Etios.csv,13.59,56.06378176382661,0.5068141504733432,0.6111141006477327,81373.59,5.0,8.7672,7.3836,0.0791,0.003957149975087195,0.9196636771300449,0.0,0.079,0.92,0.0,22.63740408570005,2.100000000000001,320.0,30.0,6.838450423517688,97.01527154957647,1010.5293771798707,2,0,0,2.100000000000001,0.003957149975087195,30.0,1.245,1.073,13.8,1628.17,347.1,0,41.559371699053315,0.8643951855411671,63.00000000000003,91.74028500472076,0.0,0.09631325538893865,0.09306024543800229,0.056974700745629096,0,,2020-04-27,0.0,177.9,OK,0
2020-04-28_00-00-00_Toyota_Etios.csv,15.65,57.514563002680966,0.5069120643431635,0.600615549597855,81455.65,5.0,8.7438,7.3719,0.082,0.004246648793565683,0.9315302949061662,0.0,0.08,0.92,0.0,24.308128686327077,2.1000000000000005,320.0,30.0,7.500257372654156,88.44645040214478,1007.8798176943698,2,0,0,2.1000000000000005,0.004246648793565683,30.0,1.245,1.075,13.81,1643.82,344.9,0,42.6189072386059,0.8645719981546649,63.000000000000014,95.75936394119351,0.0,0.0981402778992585,0.09649934663389868,0.05847393392321515,0,,2020-04-28,0.0,186.6,OK,0
2020-04-29_00-21-57_Toyota_Etios.csv,4.22,48.65451001053741,0.496644889357218,0.5999999999999999,81530.06,5.0,8.7375,7.3688,0.0828,0.0020864067439409907,0.7939789251844046,0.0,0.053,0.947,0.0,23.826986301369864,2.1000000000000005,320.0,30.0,11.095932560590096,94.55481559536355,1006.4083877766068,2,0,0,2.1000000000000005,0.0020864067439409907,30.0,1.24,1.075,13.73,1648.04,346.4,0,38.092652265542675,0.8637243362190992,63.000000000000014,81.09085001756236,0.0,0.09863075148238809,0.09742259102567191,0.05887641077525381,0,,2020-04-29,0.0,199.9,OK,0
2020-04-30_00-00-00_Toyota_Etios.csv,2.62,57.12029062087186,0.5036477322765301,0.6,81602.62,5.0,8.7336,7.3668,0.0833,0.005254513430206958,1.0334236019374723,0.0,0.074,0.925,0.0,24.704627917217085,2.1,320.0,30.0,11.043412593571114,98.60027741083223,1007.2107397622192,2,0,0,2.1,0.005254513430206958,30.0,1.244,1.075,13.64,1650.66,348.4,0,42.501070893879344,0.8650018297127702,63.0,95.20048436811977,0.0,0.09893631475912845,0.09799776895835949,0.05912715240528483,0,,2020-04-30,0.0,195.4,OK,0
2020-05-01_00-00-00_Toyota_Etios.csv,13.94,60.389036231884056,0.5295086956521738,0.6359036231884057,81693.94,5.0,8.7125,7.3562,0.0859,0.00791304347826087,1.8030101449275362,0.0,0.174,0.824,0.002,24.997079710144927,2.1000000000000005,310.0,30.0,9.1448115942029,95.07186956521741,1005.5152101449277,2,0,0,2.1000000000000005,0.00791304347826087,30.0,1.263,1.077,13.64,1664.6,346.7,0,44.19393405797102,0.866120780965419,63.000000000000014,94.96570554055796,0.0,0.10058712062641717,0.10110516823796176,0.06048178427873645,0,,2020-05-01,0.0,174.0,OK,0
2020-05-02_00-00-00_Toyota_Etios.csv,11.81,55.10097772277227,0.5298081683168316,0.5999999999999999,81771.81,5.0,8.6945,7.3473,0.0882,0.018502475247524755,1.4298094059405941,0.0,0.182,0.818,0.0,25.01123762376238,2.1000000000000005,310.0,30.0,18.834232673267326,97.78143564356435,1006.322821782178,2,0,0,2.1000000000000005,0.018502475247524755,30.0,1.267,1.078,13.63,1676.41,345.6,0,41.55273638613861,0.8704039712318631,63.000000000000014,91.83496287128713,0.0,0.10199021581123202,0.10374628858584845,0.06163314768039332,0,,2020-05-02,0.0,169.3,OK,0
2020-05-03_00-00-00_Toyota_Etios.csv,13.06,58.40922164566345,0.5276011860637508,0.5999999999999999,81853.06,5.0,8.6748,7.3374,0.0907,0.012573758339510748,1.464893995552261,0.0,0.154,0.845,0.001,24.218865826538178,2.1000000000000005,310.0,30.0,9.600778354336546,98.3323276501112,1010.0915418828764,2,0,0,2.1000000000000005,0.012573758339510748,30.0,1.261,1.08,13.62,1689.47,344.1,0,43.04838398813936,0.8680848697920025,63.000000000000014,97.34870274277245,0.0,0.10353359806445084,0.10665147870955442,0.0628996289999464,0,,2020-05-03,0.0,177.0,OK,0
2020-05-04_00-00-00_Toyota_Etios.csv,16.32,60.94633677991137,0.528777695716396,0.5999999999999999,81936.32,5.0,8.65,7.325,0.0937,0.011744460856720828,1.2410302806499263,0.0,0.171,0.826,0.004,23.611735598227476,2.1000000000000005,310.0,30.0,7.703655834564254,99.0,1009.3514032496306,2,0,0,2.1000000000000005,0.011744460856720828,30.0,1.263,1.081,13.65,1705.79,341.6,0,44.19551550960119,0.8678190793775975,63.000000000000014,101.57722796651898,0.0,0.10546605379763063,0.11028904244259914,0.06448537943982051,0,,2020-05-04,0.0,184.3,OK,0
2020-05-05_00-00-00_Toyota_Etios.csv,13.28,59.52209049773756,0.5197348416289593,0.6,82013.28,5.0,8.6301,7.315,0.0962,0.011467873303167422,1.3699076923076923,0.0,0.118,0.881,0.002,23.892199095022622,2.1,310.0,30.0,11.222515837104073,97.09706787330317,1010.7596380090499,2,0,0,2.1,0.011467873303167422,30.0,1.254,1.083,13.64,1719.07,340.2,0,43.53948506787331,0.8677619633955541,63.0,99.20348416289593,0.0,0.10702668369144597,0.11322669871331001,0.06576601397033359,0,,2020-05-05,0.0,205.0,OK,0
2020-05-06_00-00-00_Toyota_Etios.csv,12.43,59.083191039729506,0.5271580726965341,0.6,82092.43,5.0,8.6102,7.3051,0.0987,0.010090870667793744,1.2881115807269654,0.0,0.134,0.863,0.003,22.833795435333894,2.6,310.0,40.0,10.801927303465765,95.91348267117499,1008.5651986475062,2,0,0,2.6,0.010090870667793744,40.0,1.334,1.085,13.63,1731.5,338.7,0,46.108354606931535,1.0672647366829238,104.0,98.47198506621585,0.0,0.10858172356599327,0.11615383259481084,0.06704206139680036,0,,2020-05-06,0.0,192.6,OK,0
2020-05-07_00-00-00_Toyota_Etios.csv,14.49,56.04202545862972,0.5078150505428678,0.6005956570572818,82174.49,5.0,8.5885,7.2943,0.1014,0.0037124672407338076,0.9857371770872333,0.0,0.075,0.925,0.0,23.278551104455257,2.1,310.0,30.0,6.525170348184199,98.08692998876825,1008.6699026581805,2,0,0,2.1,0.0037124672407338076,30.0,1.244,1.086,13.64,1745.99,336.9,0,41.676722950205914,0.8647718871532303,63.0,93.31074042928805,0.0,0.11027190383429697,0.11933534839397057,0.06842900344049659,0,,2020-05-07,0.0,193.8,OK,0
2020-05-08_00-00-00_Toyota_Etios.csv,13.05,56.05618997361477,0.5134469656992084,0.6207387862796833,82253.05,5.0,8.5689,7.2844,0.1039,0.009440633245382586,1.3343124010554088,0.0,0.117,0.883,0.0,23.143519788918205,2.1000000000000005,310.0,30.0,7.39221635883905,95.09172031662268,1007.2768126649077,2,0,0,2.1000000000000005,0.009440633245382586,30.0,1.253,1.087,13.64,1759.04,335.5,0,41.65679894459103,0.8671164882974198,63.000000000000014,90.3056023123353,0.0,0.11180515505773614,0.12222146834397409,0.06968717135620117,0,,2020-05-08,0.0,189.6,OK,0
