timestamp,elapsed_seconds,vehicle_name,engine_temp,rpm,speed,fuel_level,engine_load,throttle_pos,battery_voltage,battery_health,dtc_count,sensor_fault,hard_braking_freq,accel_variance,idle_ratio,driving_style,ambient_temp,weather_condition,weather_raw,wind_speed,humidity,pressure_hpa,monthly_precipitation,road_roughness,traffic_density,road_type,mileage,vehicle_age,brake_thickness,tire_tread,oil_degradation,latitude,longitude,city,calc_torque_nm,calc_power_kw,calc_power_hp,calc_fuel_rate_lph,calc_fuel_l100km,calc_engine_efficiency_pct,calc_volumetric_efficiency_pct,calc_throttle_response,calc_co2_g_per_km,maintenance_probability,severity,needs_maintenance
2026-03-20 11:40:25,0.0,Safari Storme EX,71.0,840.75,0.0,0.55,17.647,0.0,14.25,0.98,0,0,0.0,0.0,1.0,Stop-and-Go,31.0,Clear,clear sky,3.8,24.3,1006.2,8.0,2.5,37.5,Urban,69450.0,12,5.5,4.0,0.04,18.5211,73.8502,Pune,43.4,3.82,5.1,1.68,,17.6,85.3,,,,,
2026-03-20 11:40:29,4.1,Safari Storme EX,71.0,841.0,0.0,0.55,18.824,0.0,14.257,0.98,0,0,0.0,0.0,1.0,Stop-and-Go,30.4,Clear,clear sky,2.5,29.5,1006.9,8.0,2.5,43.6,Urban,69450.0,12,5.5,4.0,0.04,18.5211,73.8502,Pune,46.3,4.08,5.5,1.78,,18.8,84.8,,,,,
2026-03-20 11:40:31,6.2,Safari Storme EX,71.0,837.75,0.0,0.55,18.824,0.0,14.257,0.98,0,0,0.0,0.0,1.0,Stop-and-Go,31.4,Clear,clear sky,3.0,30.9,1006.5,8.0,2.5,43.4,Urban,69450.0,12,5.5,4.0,0.04,18.5211,73.8502,Pune,46.2,4.05,5.4,1.78,,18.8,83.7,,,,,
2026-03-20 11:40:33,8.3,Safari Storme EX,71.0,839.75,0.0,0.55,17.647,0.0,14.242,0.98,0,0,0.0,0.0,1.0,Stop-and-Go,30.9,Clear,clear sky,4.1,24.6,1006.7,8.0,2.5,48.9,Urban,69450.0,12,5.5,4.0,0.04,18.5211,73.8502,Pune,43.4,3.82,5.1,1.68,,17.7,84.7,,,,,
2026-03-20 11:40:35,10.4,Safari Storme EX,72.0,838.75,0.0,0.55,18.824,0.0,14.242,0.98,0,0,0.0,0.0,1.0,Stop-and-Go,30.8,Clear,clear sky,3.2,27.9,1006.9,8.0,2.5,44.3,Urban,69450.0,12,5.5,4.0,0.04,18.5211,73.8502,Pune,46.2,4.06,5.4,1.78,,18.8,85.3,,,,,
2026-03-20 11:40:37,12.5,Safari Storme EX,72.0,841.25,0.0,0.55,18.824,0.0,14.25,0.98,0,0,0.0,0.0,1.0,Stop-and-Go,30.6,Clear,clear sky,3.3,25.2,1006.2,8.0,2.5,41.9,Urban,69450.0,12,5.5,4.0,0.04,18.5211,73.8502,Pune,46.3,4.08,5.5,1.78,,18.8,84.0,,,,,
2026-03-20 11:40:41,16.6,Safari Storme EX,72.0,845.25,0.0,0.55,18.824,0.0,14.25,0.98,0,0,0.0,0.0,1.0,Stop-and-Go,31.4,Clear,clear sky,3.0,24.8,1007.2,8.0,2.5,49.9,Urban,69450.0,12,5.5,4.0,0.04,18.5211,73.8502,Pune,46.3,4.1,5.5,1.78,,18.8,83.6,,,,,
2026-03-20 11:40:43,18.7,Safari Storme EX,72.0,839.25,0.0,0.55,17.647,0.0,14.25,0.98,0,0,0.0,0.0,1.0,Stop-and-Go,30.6,Clear,clear sky,3.7,27.9,1006.9,8.0,2.5,50.8,Urban,69450.0,12,5.5,4.0,0.04,18.5211,73.8502,Pune,43.4,3.81,5.1,1.68,,17.6,83.4,,,,,
2026-03-20 11:40:45,20.7,Safari Storme EX,72.0,844.25,0.0,0.55,18.824,0.0,14.125,0.98,0,0,0.0,0.0,1.0,Stop-and-Go,31.3,Clear,clear sky,1.9,26.9,1006.1,8.0,2.5,41.6,Urban,69450.0,12,5.5,4.0,0.04,18.5211,73.8502,Pune,46.3,4.09,5.5,1.78,,18.8,82.5,,,,,
2026-03-20 11:40:47,22.8,Safari Storme EX,72.0,867.75,0.0,0.55,12.941,0.0,14.242,0.98,0,0,0.0,0.0,1.0,Stop-and-Go,30.8,Clear,clear sky,2.5,23.5,1006.0,8.0,0.0,47.1,Urban,69450.0,12,5.5,4.0,0.04,18.5211,73.8502,Pune,32.0,2.91,3.9,1.25,,13.0,86.4,,,,,
2026-03-20 11:40:50,24.9,Safari Storme EX,72.0,906.75,0.0,0.55,16.863,0.0,14.242,0.98,0,0,0.0,0.0,1.0,Stop-and-Go,31.0,Clear,clear sky,2.7,23.1,1006.6,8.0,0.0,42.6,Urban,69450.0,12,5.5,4.0,0.04,18.5211,73.8502,Pune,42.2,4.01,5.4,1.61,,17.2,84.3,,,,,
2026-03-20 11:40:54,29.0,Safari Storme EX,72.0,902.25,0.0,0.55,13.725,0.0,14.242,0.98,0,0,0.0,0.0,1.0,Stop-and-Go,30.9,Clear,clear sky,3.1,26.6,1006.7,8.0,0.0,45.0,Urban,69450.0,12,5.5,4.0,0.04,18.5211,73.8502,Pune,34.3,3.24,4.3,1.32,,13.9,85.2,,,,,
2026-03-20 11:40:56,31.1,Safari Storme EX,72.0,897.5,0.0,0.55,12.941,0.0,14.25,0.98,0,0,0.0,0.0,1.0,Stop-and-Go,31.2,Clear,clear sky,3.0,23.2,1006.2,8.0,0.0,45.4,Urban,69450.0,12,5.5,4.0,0.04,18.5211,73.8502,Pune,32.3,3.04,4.1,1.25,,13.2,85.7,,,,,
2026-03-20 11:40:58,33.2,Safari Storme EX,72.0,879.25,0.0,0.55,17.647,0.0,14.242,0.98,0,0,0.0,0.0,1.0,Stop-and-Go,31.3,Clear,clear sky,1.7,23.5,1006.4,8.0,0.0,39.3,Urban,69450.0,12,5.5,4.0,0.04,18.5211,73.8502,Pune,43.8,4.03,5.4,1.68,,17.8,88.3,,,,,
2026-03-20 11:41:00,35.3,Safari Storme EX,72.0,889.75,0.0,0.55,16.863,0.0,14.25,0.98,0,0,0.0,0.0,1.0,Stop-and-Go,30.6,Clear,clear sky,3.1,25.7,1006.5,8.0,0.0,44.6,Urban,69450.0,12,5.5,4.0,0.04,18.5211,73.8502,Pune,42.0,3.91,5.2,1.61,,17.1,85.8,,,,,
2026-03-20 11:41:02,37.3,Safari Storme EX,72.0,917.75,0.0,0.55,13.725,0.0,14.242,0.98,0,0,0.0,0.0,1.0,Stop-and-Go,31.4,Clear,clear sky,2.5,25.2,1006.4,8.0,0.0,40.1,Urban,69450.0,12,5.5,4.0,0.04,18.5211,73.8502,Pune,34.4,3.31,4.4,1.32,,14.0,85.1,,,,,
2026-03-20 11:41:06,41.4,Safari Storme EX,72.0,875.25,0.0,0.549,25.882,0.0,14.25,0.98,0,0,0.0,0.0,1.0,Stop-and-Go,31.3,Clear,clear sky,4.7,27.0,1006.7,8.0,0.0,40.4,Urban,69450.0,12,5.5,4.0,0.04,18.5211,73.8502,Pune,64.2,5.88,7.9,2.4,,26.1,85.1,,,,,
2026-03-20 11:41:10,43.6,Safari Storme EX,72.0,908.0,0.0,0.549,11.765,0.0,14.218,0.98,0,0,0.0,0.0,1.0,Stop-and-Go,31.4,Clear,clear sky,2.8,30.3,1007.2,8.0,0.0,42.5,Urban,69450.0,12,5.5,4.0,0.04,18.5211,73.8502,Pune,29.4,2.8,3.8,1.14,,12.0,83.2,,,,,
2026-03-20 11:41:12,47.1,Safari Storme EX,73.0,833.0,0.0,0.549,25.882,0.0,14.218,0.98,0,0,0.0,0.0,1.0,Stop-and-Go,31.6,Clear,clear sky,3.6,23.6,1007.3,8.0,0.0,36.4,Urban,69450.0,12,5.5,4.0,0.04,18.5211,73.8502,Pune,63.5,5.54,7.4,2.4,,25.8,46.7,,,,,
2026-03-20 11:41:14,49.2,Safari Storme EX,73.0,898.25,0.0,0.549,14.902,0.0,14.242,0.98,0,0,0.0,0.0,1.0,Stop-and-Go,30.4,Clear,clear sky,2.7,29.3,1006.2,8.0,0.0,38.5,Urban,69450.0,12,5.5,4.0,0.04,18.5211,73.8502,Pune,37.2,3.5,4.7,1.43,,15.1,51.3,,,,,
2026-03-20 11:41:16,51.2,Safari Storme EX,73.0,865.0,0.0,0.549,53.725,0.0,14.234,0.98,0,0,0.0,0.0,1.0,Stop-and-Go,31.7,Clear,clear sky,2.9,23.3,1006.5,8.0,0.0,45.3,Urban,69450.0,12,5.5,4.0,0.04,18.5211,73.8502,Pune,132.9,12.04,16.1,4.59,,54.1,87.1,,,,,
2026-03-20 11:41:20,55.4,Safari Storme EX,73.0,966.5,8.0,0.549,33.725,0.0,14.21,0.98,0,0,0.0,0.58,0.955,Stop-and-Go,30.4,Clear,clear sky,2.5,26.3,1006.3,8.0,2.53,47.0,Urban,69450.01,12,5.5,4.0,0.04,18.521183,73.850184,Pune,85.6,8.66,11.6,3.06,,34.8,60.8,,,,,
2026-03-20 11:41:22,57.5,Safari Storme EX,73.0,1170.25,9.0,0.549,40.0,0.0,14.117,0.98,0,0,0.0,0.557,0.913,Stop-and-Go,30.7,Clear,clear sky,3.5,28.4,1006.5,8.0,3.59,47.8,Urban,69450.01,12,5.5,4.0,0.04,18.521229,73.850178,Pune,106.8,13.09,17.6,3.56,,43.4,63.8,,,,,
2026-03-20 11:41:24,59.5,Safari Storme EX,73.0,1015.5,8.0,0.549,11.765,0.0,14.109,0.98,0,0,0.0,0.55,0.875,Stop-and-Go,31.1,Clear,clear sky,3.8,31.2,1006.4,8.0,4.03,41.8,Urban,69450.02,12,5.5,4.0,0.04,18.521269,73.850175,Pune,30.2,3.21,4.3,1.14,,12.3,47.4,,,,,
2026-03-20 11:41:26,61.7,Safari Storme EX,73.0,907.25,8.0,0.549,23.922,0.0,14.007,0.98,0,0,0.0,0.528,0.84,Stop-and-Go,31.4,Clear,clear sky,2.2,22.7,1007.1,8.0,4.27,46.5,Urban,69450.02,12,5.5,4.0,0.04,18.521313,73.850172,Pune,59.8,5.68,7.6,2.23,,24.3,58.3,,,,,
2026-03-20 11:41:28,63.8,Safari Storme EX,73.0,988.0,12.0,0.549,40.0,0.0,14.25,0.98,0,0,0.0,0.61,0.808,Stop-and-Go,31.3,Clear,clear sky,3.3,29.7,1006.9,8.0,4.88,49.9,Urban,69450.03,12,5.5,4.0,0.04,18.521376,73.850167,Pune,102.1,10.56,14.2,3.56,29.67,41.5,77.1,,783.3,,,
2026-03-20 11:41:33,67.9,Safari Storme EX,73.0,942.75,10.0,0.549,20.784,0.0,14.054,0.98,0,0,0.0,0.632,0.778,Stop-and-Go,31.1,Clear,clear sky,3.5,26.0,1006.3,8.0,4.88,48.4,Urban,69450.04,12,5.5,4.0,0.04,18.521478,73.850157,Pune,52.4,5.17,6.9,1.96,,21.3,49.0,,,,,
2026-03-20 11:41:35,70.0,Safari Storme EX,73.0,901.75,7.0,0.549,20.784,0.0,14.132,0.98,0,0,0.0,0.69,0.75,Stop-and-Go,31.2,Clear,clear sky,3.8,26.6,1007.1,8.0,4.49,38.1,Urban,69450.05,12,5.5,4.0,0.04,18.521515,73.850157,Pune,51.9,4.9,6.6,1.96,,21.1,51.6,,,,,
2026-03-20 11:41:37,72.1,Safari Storme EX,73.0,779.5,8.0,0.549,40.0,0.0,14.156,0.98,0,0,0.0,0.669,0.724,Stop-and-Go,30.6,Clear,clear sky,2.7,27.4,1006.3,8.0,3.94,36.7,Urban,69450.05,12,5.5,4.0,0.04,18.521557,73.850157,Pune,38.4,3.13,4.2,3.56,,15.6,92.1,,,,,
2026-03-20 11:41:39,74.2,Safari Storme EX,74.0,891.75,12.0,0.549,46.667,0.0,14.14,0.98,0,0,0.0,0.738,0.7,Stop-and-Go,31.0,Clear,clear sky,4.0,30.2,1006.6,8.0,3.36,45.3,Urban,69450.06,12,5.5,4.0,0.04,18.52162,73.85015,Pune,116.2,10.85,14.5,4.07,33.92,47.3,83.0,,895.5,,,
2026-03-20 11:41:41,76.2,Safari Storme EX,74.0,950.5,13.0,0.549,22.745,0.0,14.101,0.98,0,0,0.0,0.716,0.667,Stop-and-Go,32.0,Clear,clear sky,2.3,31.3,1006.8,8.0,2.12,48.6,Urban,69450.07,12,5.5,4.0,0.04,18.521684,73.85014,Pune,57.5,5.72,7.7,2.13,16.38,23.4,64.6,,432.4,,,
2026-03-20 11:41:45,80.5,Safari Storme EX,74.0,898.25,11.0,0.549,58.824,0.0,14.109,0.98,0,0,0.0,0.73,0.633,Stop-and-Go,30.0,Clear,clear sky,3.2,27.1,1006.4,8.0,2.1,43.6,Urban,69450.08,12,5.5,4.0,0.04,18.5218,73.850115,Pune,146.8,13.81,18.5,4.95,45.0,59.7,70.5,,1188.0,,,
2026-03-20 11:41:47,82.5,Safari Storme EX,74.0,968.0,7.0,0.549,22.745,0.0,14.078,0.98,0,0,0.0,0.822,0.6,Stop-and-Go,30.9,Clear,clear sky,2.8,25.0,1006.2,8.0,2.27,47.5,Urban,69450.08,12,5.5,4.0,0.04,18.521835,73.85011,Pune,57.8,5.86,7.9,2.13,,23.5,51.9,,,,,
2026-03-20 11:41:49,84.6,Safari Storme EX,74.0,907.5,5.0,0.549,20.784,0.0,14.085,0.98,0,0,0.0,0.826,0.567,Stop-and-Go,31.0,Clear,clear sky,2.9,24.6,1006.7,8.0,2.67,44.6,Urban,69450.09,12,5.5,4.0,0.04,18.521861,73.850108,Pune,52.0,4.94,6.6,1.96,,21.1,53.1,,,,,
2026-03-20 11:41:51,86.7,Safari Storme EX,74.0,903.25,11.0,0.549,21.961,0.0,14.07,0.98,0,0,0.0,0.997,0.533,Stop-and-Go,30.6,Clear,clear sky,3.8,21.6,1006.9,8.0,2.67,44.6,Urban,69450.09,12,5.5,4.0,0.04,18.521918,73.850102,Pune,54.9,5.19,7.0,2.06,18.73,22.3,52.8,,494.5,,,
2026-03-20 11:41:53,88.7,Safari Storme EX,74.0,899.75,8.0,0.548,20.784,0.0,14.078,0.98,0,0,0.0,1.03,0.5,Stop-and-Go,30.9,Clear,clear sky,3.4,22.9,1006.5,8.0,2.57,44.9,Urban,69450.1,12,5.5,4.0,0.04,18.521958,73.850094,Pune,51.9,4.89,6.6,1.96,,21.1,52.4,,,,,
2026-03-20 11:41:58,92.8,Safari Storme EX,75.0,899.25,2.0,0.548,20.784,0.0,14.078,0.98,0,0,0.0,1.21,0.467,Stop-and-Go,31.0,Clear,clear sky,4.8,28.4,1007.3,8.0,3.41,44.5,Urban,69450.1,12,5.5,4.0,0.04,18.521978,73.850091,Pune,51.9,4.89,6.6,1.96,,21.1,53.5,,,,,
2026-03-20 11:42:00,94.9,Safari Storme EX,75.0,903.5,0.0,0.548,22.745,0.0,14.0,0.98,0,0,0.0,1.2,0.467,Stop-and-Go,30.9,Clear,clear sky,3.1,22.6,1006.8,8.0,4.32,42.0,Urban,69450.1,12,5.5,4.0,0.04,18.521978,73.850091,Pune,56.8,5.37,7.2,2.13,,23.1,51.3,,,,,
2026-03-20 11:42:02,97.0,Safari Storme EX,75.0,897.25,0.0,0.548,20.784,0.0,14.109,0.98,0,0,0.0,1.168,0.467,Stop-and-Go,31.0,Clear,clear sky,2.7,23.6,1006.3,8.0,4.95,51.0,Urban,69450.1,12,5.5,4.0,0.04,18.521978,73.850091,Pune,51.8,4.87,6.5,1.96,,21.1,53.5,,,,,
2026-03-20 11:42:04,99.1,Safari Storme EX,75.0,884.5,0.0,0.548,22.745,0.0,14.101,0.98,0,0,0.0,1.138,0.467,Stop-and-Go,30.6,Clear,clear sky,3.8,24.9,1006.9,8.0,5.03,47.3,Urban,69450.1,12,5.5,4.0,0.04,18.521978,73.850091,Pune,56.5,5.23,7.0,2.13,,23.0,52.4,,,,,
2026-03-20 11:42:06,101.2,Safari Storme EX,75.0,897.5,0.0,0.548,24.706,0.0,14.078,0.98,0,0,0.0,1.11,0.467,Stop-and-Go,31.2,Clear,clear sky,3.3,24.6,1006.4,8.0,4.6,41.4,Urban,69450.1,12,5.5,4.0,0.04,18.521978,73.850091,Pune,61.6,5.79,7.8,2.3,,25.1,63.2,,,,,
2026-03-20 11:42:11,105.3,Safari Storme EX,75.0,850.0,0.0,0.548,35.686,0.0,14.031,0.98,0,0,0.0,1.083,0.467,Stop-and-Go,30.7,Clear,clear sky,2.8,24.3,1006.7,8.0,4.14,42.5,Urban,69450.1,12,5.5,4.0,0.04,18.521978,73.850091,Pune,87.9,7.82,10.5,3.22,,35.7,75.2,,,,,
2026-03-20 11:42:13,108.1,Safari Storme EX,75.0,880.75,3.0,0.548,36.863,0.0,14.101,0.98,0,0,0.0,1.099,0.433,Stop-and-Go,30.6,Clear,clear sky,3.9,24.0,1006.8,8.0,3.93,39.5,Urban,69450.1,12,5.5,4.0,0.04,18.521998,73.850085,Pune,91.6,8.45,11.3,3.31,,37.3,68.0,,,,,
2026-03-20 11:42:15,110.1,Safari Storme EX,75.0,939.5,9.0,0.548,40.0,0.0,14.187,0.98,0,0,0.0,1.233,0.4,Stop-and-Go,31.8,Clear,clear sky,4.0,24.8,1006.8,8.0,4.35,45.6,Urban,69450.11,12,5.5,4.0,0.04,18.522042,73.850074,Pune,100.9,9.93,13.3,3.56,,41.0,85.0,,,,,
2026-03-20 11:42:17,112.2,Safari Storme EX,75.0,1274.0,12.0,0.548,84.706,0.0,14.148,0.98,0,0,0.0,1.24,0.367,Stop-and-Go,30.8,Clear,clear sky,2.2,29.1,1007.2,8.0,4.55,38.0,Urban,69450.11,12,5.5,4.0,0.04,18.522104,73.850062,Pune,231.7,30.91,41.5,6.54,54.5,94.2,101.4,,1438.8,,,
2026-03-20 11:42:19,114.3,Safari Storme EX,76.0,1099.25,7.0,0.548,21.961,0.0,14.031,0.98,0,0,0.0,1.333,0.333,Smooth,30.8,Clear,clear sky,2.9,27.6,1006.6,8.0,4.45,42.3,Urban,69450.12,12,5.5,4.0,0.04,18.52214,73.850056,Pune,57.6,6.63,8.9,2.06,,23.4,47.9,,,,,
2026-03-20 11:42:23,118.5,Safari Storme EX,76.0,884.25,6.0,0.548,56.863,0.0,14.078,0.98,0,0,0.0,1.31,0.3,Smooth,30.2,Clear,clear sky,3.8,26.4,1006.8,8.0,4.5,60.5,Urban,69450.12,12,5.5,4.0,0.04,18.522202,73.850046,Pune,141.4,13.09,17.6,4.81,,57.5,77.6,,,,,
2026-03-20 11:42:25,120.5,Safari Storme EX,76.0,908.25,6.0,0.548,26.667,0.0,14.171,0.98,0,0,0.0,1.282,0.267,Smooth,31.2,Clear,clear sky,2.6,24.7,1006.4,8.0,4.35,59.7,Urban,69450.13,12,5.5,4.0,0.04,18.522232,73.850044,Pune,66.7,6.34,8.5,2.47,,27.1,54.8,,,,,
2026-03-20 11:42:27,122.6,Safari Storme EX,76.0,1279.5,14.0,0.548,65.882,0.0,14.171,0.98,0,0,0.0,1.508,0.233,Smooth,30.6,Clear,clear sky,4.1,26.4,1005.9,8.0,5.01,59.8,Urban,69450.14,12,5.5,4.0,0.04,18.522306,73.850042,Pune,180.4,24.17,32.4,5.42,38.71,73.4,120.0,,1021.9,,,
2026-03-20 11:42:29,124.7,Safari Storme EX,76.0,2082.25,17.0,0.548,0.0,0.0,14.117,0.98,0,0,0.0,1.507,0.2,Aggressive,30.7,Clear,clear sky,3.0,26.7,1006.3,8.0,5.7,52.8,Urban,69450.15,12,5.5,4.0,0.04,18.522395,73.850047,Pune,0.0,0.0,0.0,0.04,0.24,0.0,58.9,,6.3,,,
2026-03-20 11:42:31,126.7,Safari Storme EX,76.0,930.5,16.0,0.548,18.824,0.0,14.187,0.98,0,0,0.0,1.484,0.167,Smooth,31.3,Clear,clear sky,3.4,24.3,1006.6,8.0,5.64,60.6,Urban,69450.15,12,5.5,4.0,0.04,18.522475,73.850053,Pune,47.4,4.62,6.2,1.78,11.12,19.3,65.8,,293.6,,,
2026-03-20 11:42:36,130.9,Safari Storme EX,76.0,1740.5,24.0,0.548,35.686,0.0,14.148,0.98,0,0,0.0,1.681,0.167,Smooth,31.2,Clear,clear sky,3.2,23.7,1005.5,8.0,6.43,57.0,Urban,69450.18,12,5.5,4.0,0.04,18.522727,73.850037,Pune,108.3,19.74,26.5,3.22,13.42,44.0,72.5,,354.3,,,
2026-03-20 11:42:38,132.9,Safari Storme EX,77.0,952.5,13.0,0.548,20.0,0.0,14.109,0.98,0,0,8.0,2.145,0.167,Aggressive,30.7,Clear,clear sky,2.4,26.6,1006.7,8.0,5.72,62.8,Urban,69450.19,12,5.5,4.0,0.04,18.522791,73.850031,Pune,50.6,5.05,6.8,1.89,14.54,20.6,63.8,,383.9,,,
2026-03-20 11:42:40,135.0,Safari Storme EX,77.0,896.5,13.0,0.547,63.922,0.0,14.179,0.98,0,0,8.0,2.105,0.167,Aggressive,31.2,Clear,clear sky,3.0,24.6,1006.7,8.0,5.59,56.4,Urban,69450.2,12,5.5,4.0,0.04,18.522859,73.850025,Pune,159.4,14.97,20.1,5.29,40.69,64.8,81.5,,1074.2,,,
2026-03-20 11:42:42,137.0,Safari Storme EX,77.0,1083.75,20.0,0.547,98.824,0.0,14.164,0.98,0,0,8.0,2.232,0.167,Aggressive,31.2,Clear,clear sky,2.7,24.5,1007.0,8.0,6.02,64.2,Urban,69450.21,12,5.5,4.0,0.04,18.522959,73.85002,Pune,258.3,29.32,39.3,7.26,36.3,100.0,120.0,,958.3,,,
2026-03-20 11:42:44,139.1,Safari Storme EX,77.0,1672.25,26.0,0.547,37.647,0.0,14.085,0.98,0,0,8.0,2.304,0.167,Aggressive,30.9,Clear,clear sky,2.9,26.0,1006.7,8.0,6.67,59.2,Urban,69450.22,12,5.5,4.0,0.04,18.523096,73.850023,Pune,112.6,19.72,26.4,3.38,13.0,45.8,90.4,,343.2,,,
2026-03-20 11:42:48,143.2,Safari Storme EX,77.0,915.0,23.0,0.547,20.0,0.0,14.132,0.98,0,0,8.0,2.306,0.167,Aggressive,30.6,Clear,clear sky,3.8,25.9,1007.0,8.0,6.12,60.5,Urban,69450.25,12,5.5,4.0,0.04,18.523332,73.850027,Pune,50.1,4.8,6.4,1.89,8.22,20.4,60.3,,217.0,,,
2026-03-20 11:42:50,145.3,Safari Storme EX,78.0,943.25,22.0,0.547,48.627,0.0,14.171,0.98,0,0,8.0,2.272,0.167,Aggressive,31.2,Clear,clear sky,3.5,24.0,1006.5,8.0,4.83,55.9,Urban,69450.26,12,5.5,4.0,0.04,18.523447,73.850038,Pune,122.7,12.12,16.3,4.22,19.18,49.9,120.0,,506.4,,,
2026-03-20 11:42:52,147.4,Safari Storme EX,78.0,1511.25,19.0,0.547,0.0,0.0,14.195,0.98,0,0,8.0,2.272,0.167,Aggressive,30.4,Clear,clear sky,3.0,29.4,1006.4,8.0,4.52,55.9,Urban,69450.27,12,5.5,4.0,0.04,18.523547,73.850039,Pune,0.0,0.0,0.0,0.04,0.21,0.0,86.3,,5.5,,,
2026-03-20 11:42:54,149.4,Safari Storme EX,78.0,1295.25,20.0,0.547,66.667,0.0,14.179,0.98,0,0,8.0,2.235,0.167,Aggressive,31.2,Clear,clear sky,3.3,26.7,1006.8,8.0,4.45,56.0,Urban,69450.28,12,5.5,4.0,0.04,18.523647,73.850037,Pune,183.3,24.86,33.3,5.47,27.35,74.5,91.9,,722.0,,,
2026-03-20 11:42:56,151.5,Safari Storme EX,78.0,1576.25,28.0,0.547,74.902,0.0,14.07,0.98,0,0,8.0,2.43,0.167,Aggressive,31.0,Clear,clear sky,4.0,25.7,1006.1,8.0,4.96,61.5,Urban,69450.3,12,5.5,4.0,0.04,18.523794,73.850027,Pune,219.4,36.22,48.6,5.98,21.36,89.2,120.0,,563.9,,,
2026-03-20 11:43:00,155.6,Safari Storme EX,79.0,917.25,15.0,0.547,18.824,0.0,14.195,0.98,0,0,8.0,3.035,0.167,Aggressive,30.5,Clear,clear sky,3.1,27.6,1007.1,8.0,5.13,55.7,Urban,69450.32,12,5.5,4.0,0.04,18.523947,73.850017,Pune,47.2,4.53,6.1,1.78,11.87,19.2,62.9,,313.4,,,
2026-03-20 11:43:02,157.6,Safari Storme EX,79.0,1263.5,22.0,0.547,76.863,0.0,14.187,0.98,0,0,8.0,3.186,0.167,Aggressive,30.6,Clear,clear sky,2.9,28.9,1006.1,8.0,4.54,57.0,Urban,69450.33,12,5.5,4.0,0.04,18.524057,73.850013,Pune,209.7,27.75,37.2,6.09,27.68,85.3,120.0,,730.8,,,
2026-03-20 11:43:04,159.7,Safari Storme EX,79.0,1727.5,30.0,0.547,68.627,0.0,14.148,0.98,0,0,8.0,3.379,0.167,Aggressive,32.0,Clear,clear sky,3.5,26.1,1007.1,8.0,4.48,62.2,Urban,69450.35,12,5.5,4.0,0.04,18.524215,73.850009,Pune,207.6,37.56,50.4,5.59,18.63,84.4,120.0,,491.8,,,
2026-03-20 11:43:06,161.8,Safari Storme EX,79.0,2235.0,31.0,0.547,0.0,0.0,14.132,0.98,0,0,8.0,3.379,0.167,Aggressive,30.2,Clear,clear sky,2.8,20.7,1006.3,8.0,5.1,59.6,Urban,69450.37,12,5.5,4.0,0.04,18.524378,73.850015,Pune,0.0,0.0,0.0,0.04,0.13,0.0,59.3,,3.4,,,
2026-03-20 11:43:09,163.8,Safari Storme EX,79.0,937.75,28.0,0.547,10.98,0.0,14.242,0.98,0,0,8.0,3.419,0.167,Aggressive,31.0,Clear,clear sky,2.4,23.5,1006.3,8.0,5.25,56.5,Urban,69450.38,12,5.5,4.0,0.04,18.524518,73.850013,Pune,27.7,2.72,3.6,1.06,3.79,11.3,62.2,,100.1,,,
2026-03-20 11:43:13,168.0,Safari Storme EX,80.0,901.5,13.0,0.547,10.98,0.0,14.242,0.98,0,0,8.0,4.217,0.167,Aggressive,30.9,Clear,clear sky,4.2,25.9,1006.1,8.0,6.27,58.6,Urban,69450.4,12,5.5,4.0,0.04,18.524654,73.850026,Pune,27.4,2.59,3.5,1.06,8.15,11.2,84.6,,215.2,,,
2026-03-20 11:43:15,170.8,Safari Storme EX,80.0,897.0,11.0,0.547,11.765,0.0,14.25,0.98,0,0,8.0,4.234,0.133,Aggressive,31.2,Clear,clear sky,2.4,26.3,1006.4,8.0,7.3,51.9,Urban,69450.4,12,5.5,4.0,0.04,18.524731,73.850034,Pune,29.3,2.75,3.7,1.14,10.36,11.9,86.6,,273.5,,,
2026-03-20 11:43:18,172.9,Safari Storme EX,80.0,902.75,8.0,0.547,12.941,0.0,14.242,0.98,0,0,8.0,4.268,0.1,Aggressive,31.1,Clear,clear sky,3.2,29.0,1006.6,8.0,8.49,51.5,Urban,69450.41,12,5.5,4.0,0.04,18.524772,73.85004,Pune,32.3,3.05,4.1,1.25,,13.1,86.7,,,,,
2026-03-20 11:43:20,175.0,Safari Storme EX,81.0,910.5,7.0,0.547,69.804,0.0,14.117,0.98,0,0,8.0,4.272,0.067,Aggressive,31.4,Clear,clear sky,3.4,27.1,1005.9,8.0,9.52,31.7,Urban,69450.41,12,5.5,4.0,0.04,18.524809,73.850043,Pune,174.7,16.66,22.3,5.66,,71.1,96.0,,,,,
2026-03-20 11:43:22,177.1,Safari Storme EX,81.0,989.25,13.0,0.546,53.725,0.0,14.125,0.98,0,0,8.0,4.387,0.033,Aggressive,31.3,Clear,clear sky,2.9,25.5,1005.8,8.0,9.17,40.9,Urban,69450.42,12,5.5,4.0,0.04,18.524877,73.850048,Pune,137.2,14.21,19.1,4.59,35.31,55.8,94.2,,932.2,,,
2026-03-20 11:43:26,181.3,Safari Storme EX,81.0,1697.75,26.0,0.546,37.647,0.0,14.156,0.98,0,0,8.0,4.931,0.0,Aggressive,31.0,Clear,clear sky,4.2,27.8,1006.5,8.0,9.46,38.0,Urban,69450.45,12,5.5,4.0,0.04,18.52515,73.850065,Pune,113.2,20.13,27.0,3.38,13.0,46.0,120.0,,343.2,,,
2026-03-20 11:43:28,183.4,Safari Storme EX,81.0,963.0,24.0,0.546,16.863,0.0,14.195,0.98,0,0,8.0,4.95,0.0,Aggressive,30.4,Clear,clear sky,4.3,24.8,1005.9,8.0,9.55,40.0,Urban,69450.47,12,5.5,4.0,0.04,18.525276,73.850068,Pune,42.8,4.32,5.8,1.61,6.71,17.4,81.8,,177.1,,,
2026-03-20 11:43:30,185.4,Safari Storme EX,82.0,1248.25,22.0,0.546,14.902,0.0,14.195,0.98,0,0,8.0,4.969,0.0,Aggressive,30.9,Clear,clear sky,3.4,28.1,1006.8,8.0,8.84,32.2,Urban,69450.48,12,5.5,4.0,0.04,18.525386,73.850067,Pune,40.5,5.29,7.1,1.43,6.5,16.5,84.5,,171.6,,,
2026-03-20 11:43:32,187.5,Safari Storme EX,82.0,953.25,20.0,0.546,26.667,0.0,14.187,0.98,0,0,8.0,4.987,0.0,Aggressive,31.2,Clear,clear sky,2.2,22.8,1007.0,8.0,7.7,27.8,Urban,69450.49,12,5.5,4.0,0.04,18.525491,73.850062,Pune,67.5,6.74,9.0,2.47,12.35,27.5,120.0,,326.0,,,
2026-03-20 11:43:34,189.7,Safari Storme EX,82.0,1397.25,17.0,0.546,1.961,0.0,14.148,0.98,0,0,8.0,5.0,0.0,Aggressive,31.2,Clear,clear sky,3.3,29.3,1006.3,8.0,6.71,34.2,Urban,69450.5,12,5.5,4.0,0.04,18.525584,73.850055,Pune,5.5,0.8,1.1,0.19,1.12,2.2,88.0,,29.6,,,
2026-03-20 11:43:39,193.9,Safari Storme EX,82.0,1264.75,22.0,0.546,74.902,0.0,14.171,0.98,0,0,8.0,5.0,0.0,Aggressive,31.5,Clear,clear sky,2.0,25.7,1007.8,8.0,6.85,25.1,Urban,69450.53,12,5.5,4.0,0.04,18.525815,73.850034,Pune,204.4,27.07,36.3,5.98,27.18,83.1,110.5,,717.6,,,
2026-03-20 11:43:41,195.9,Safari Storme EX,82.0,1827.75,26.0,0.546,30.98,0.0,14.14,0.98,0,0,8.0,5.0,0.0,Aggressive,30.9,Clear,clear sky,3.4,27.8,1006.5,8.0,7.03,25.0,Urban,69450.54,12,5.5,4.0,0.04,18.525944,73.850026,Pune,95.7,18.32,24.6,2.83,10.88,38.9,120.0,,287.2,,,
2026-03-20 11:43:43,198.1,Safari Storme EX,83.0,952.5,12.0,0.546,18.824,0.0,14.25,0.98,0,0,8.0,5.0,0.0,Aggressive,30.5,Clear,clear sky,3.6,25.6,1006.1,8.0,6.45,31.6,Urban,69450.55,12,5.5,4.0,0.04,18.52601,73.850023,Pune,47.6,4.75,6.4,1.78,14.83,19.4,81.2,,391.5,,,
2026-03-20 11:43:45,200.2,Safari Storme EX,83.0,907.25,12.0,0.546,77.647,0.0,14.226,0.98,0,0,8.0,5.0,0.0,Aggressive,30.8,Clear,clear sky,3.3,23.2,1007.3,8.0,5.56,34.1,Urban,69450.55,12,5.5,4.0,0.04,18.526073,73.850023,Pune,194.2,18.45,24.7,6.14,51.17,79.0,120.0,,1350.9,,,
2026-03-20 11:43:47,202.2,Safari Storme EX,83.0,961.5,9.0,0.546,11.765,0.0,14.156,0.98,0,0,8.0,5.0,0.0,Aggressive,31.1,Clear,clear sky,3.9,25.6,1006.7,8.0,6.18,32.7,Urban,69450.56,12,5.5,4.0,0.04,18.526118,73.850023,Pune,29.8,3.0,4.0,1.14,,12.1,80.6,,,,,
2026-03-20 11:43:51,206.4,Safari Storme EX,83.0,1063.5,19.0,0.546,68.627,0.0,14.242,0.98,0,0,8.0,5.0,0.0,Aggressive,31.4,Clear,clear sky,3.2,26.2,1006.3,8.0,5.68,36.1,Urban,69450.58,12,5.5,4.0,0.04,18.526318,73.850031,Pune,178.5,19.88,26.7,5.59,29.42,72.6,120.0,,776.7,,,
2026-03-20 11:43:53,208.5,Safari Storme EX,83.0,1407.0,22.0,0.546,36.863,0.0,14.234,0.98,0,0,8.0,5.0,0.0,Aggressive,31.4,Clear,clear sky,2.5,26.6,1006.5,8.0,5.49,33.0,Urban,69450.59,12,5.5,4.0,0.04,18.526433,73.850037,Pune,104.0,15.32,20.5,3.31,15.05,42.3,114.5,,397.3,,,
2026-03-20 11:43:55,210.6,Safari Storme EX,84.0,1588.25,23.0,0.546,46.667,0.0,14.164,0.98,0,0,8.0,5.0,0.0,Aggressive,31.3,Clear,clear sky,2.8,26.3,1007.1,8.0,5.57,31.3,Urban,69450.61,12,5.5,4.0,0.04,18.526554,73.850047,Pune,137.0,22.79,30.6,4.07,17.7,55.7,87.9,,467.3,,,
2026-03-20 11:43:57,212.7,Safari Storme EX,84.0,1716.5,25.0,0.546,53.725,0.0,14.218,0.98,0,0,8.0,5.0,0.0,Aggressive,30.5,Clear,clear sky,3.8,26.9,1007.2,8.0,5.96,25.7,Urban,69450.62,12,5.5,4.0,0.04,18.526685,73.850056,Pune,162.2,29.16,39.1,4.59,18.36,66.0,107.2,,484.7,,,
2026-03-20 11:43:59,214.7,Safari Storme EX,84.0,994.0,21.0,0.546,18.824,0.0,14.085,0.98,0,0,8.0,5.0,0.0,Aggressive,30.8,Clear,clear sky,1.7,24.9,1006.5,8.0,5.97,29.4,Urban,69450.63,12,5.5,4.0,0.04,18.526789,73.850071,Pune,48.1,5.01,6.7,1.78,8.48,19.6,79.9,,223.9,,,
2026-03-20 11:44:04,218.8,Safari Storme EX,84.0,894.5,13.0,0.545,16.863,0.0,14.093,0.98,0,0,8.0,5.0,0.0,Aggressive,31.2,Clear,clear sky,3.2,22.6,1006.1,8.0,6.16,25.2,Urban,69450.65,12,5.5,4.0,0.04,18.526922,73.850086,Pune,42.0,3.93,5.3,1.61,12.38,17.1,86.0,,326.8,,,
2026-03-20 11:44:06,220.9,Safari Storme EX,84.0,895.75,9.0,0.545,18.824,0.0,14.117,0.98,0,0,8.0,5.0,0.0,Aggressive,31.1,Clear,clear sky,2.3,25.1,1006.3,8.0,6.11,28.4,Urban,69450.65,12,5.5,4.0,0.04,18.526968,73.850095,Pune,46.9,4.4,5.9,1.78,,19.1,86.5,,,,,
2026-03-20 11:44:08,223.0,Safari Storme EX,85.0,889.75,8.0,0.545,38.824,0.0,13.632,0.98,0,0,8.0,5.0,0.0,Aggressive,31.3,Clear,clear sky,4.4,23.2,1006.8,8.0,6.56,37.5,Urban,69450.66,12,5.5,4.0,0.04,18.52701,73.8501,Pune,96.7,9.01,12.1,3.47,,39.3,82.9,,,,,
2026-03-20 11:44:10,225.1,Safari Storme EX,85.0,835.5,13.0,0.545,57.647,0.0,14.117,0.98,0,0,8.0,5.0,0.0,Aggressive,30.5,Clear,clear sky,2.1,25.7,1006.5,8.0,6.49,30.8,Urban,69450.67,12,5.5,4.0,0.04,18.527078,73.850102,Pune,141.5,12.38,16.6,4.86,37.38,57.5,98.1,,986.8,,,
2026-03-20 11:44:12,227.1,Safari Storme EX,85.0,967.5,11.0,0.545,17.647,0.0,14.085,0.98,0,0,8.0,5.0,0.0,Aggressive,31.2,Clear,clear sky,1.6,25.5,1006.6,8.0,6.28,31.4,Urban,69450.67,12,5.5,4.0,0.04,18.527133,73.850107,Pune,44.8,4.54,6.1,1.68,15.27,18.2,84.2,,403.1,,,
2026-03-20 11:44:18,231.2,Safari Storme EX,85.0,845.25,5.0,0.545,42.745,0.0,14.078,0.98,0,0,8.0,5.0,0.0,Aggressive,29.9,Clear,clear sky,3.6,26.2,1006.7,8.0,7.13,27.1,Urban,69450.68,12,5.5,4.0,0.04,18.527184,73.850111,Pune,105.2,9.31,12.5,3.78,,42.8,90.8,,,,,
2026-03-20 11:44:20,235.7,Safari Storme EX,85.0,835.75,6.0,0.545,47.843,0.0,14.171,0.98,0,0,8.0,5.0,0.0,Aggressive,30.8,Clear,clear sky,3.5,25.0,1007.1,8.0,7.18,64.4,Urban,69450.69,12,5.5,4.0,0.04,18.527252,73.850111,Pune,117.4,10.28,13.8,4.16,,47.8,92.0,,,,,
2026-03-20 11:44:22,237.8,Safari Storme EX,85.0,981.75,3.0,0.545,11.765,0.0,14.187,0.98,0,0,8.0,5.0,0.0,Stop-and-Go,31.0,Clear,clear sky,2.5,27.3,1006.4,8.0,7.0,46.0,Urban,69450.69,12,5.5,4.0,0.04,18.527267,73.85011,Pune,30.0,3.08,4.1,1.14,,12.2,105.3,,,,,
2026-03-20 11:44:25,239.9,Safari Storme EX,86.0,820.0,7.0,0.545,63.922,0.0,14.218,0.98,0,0,8.0,5.0,0.0,Aggressive,30.9,Clear,clear sky,2.8,27.3,1006.5,8.0,5.19,50.2,Urban,69450.69,12,5.5,4.0,0.04,18.527304,73.850104,Pune,156.3,13.42,18.0,5.29,,63.6,120.0,,,,,
2026-03-20 11:44:27,242.0,Safari Storme EX,86.0,1151.25,9.0,0.545,42.745,0.0,14.242,0.98,0,0,8.0,5.0,0.0,Aggressive,31.3,Clear,clear sky,2.1,27.5,1005.6,8.0,3.31,57.7,Urban,69450.7,12,5.5,4.0,0.04,18.52735,73.850093,Pune,113.6,13.7,18.4,3.78,,46.2,92.0,,,,,
2026-03-20 11:44:31,246.1,Safari Storme EX,86.0,1046.25,11.0,0.545,57.647,0.0,14.054,0.98,0,0,8.0,5.0,0.0,Aggressive,30.9,Clear,clear sky,2.8,26.9,1006.4,8.0,3.05,50.9,Urban,69450.71,12,5.5,4.0,0.04,18.527458,73.85006,Pune,149.3,16.36,21.9,4.86,44.18,60.7,101.9,,1166.4,,,
2026-03-20 11:44:33,248.2,Safari Storme EX,86.0,1146.25,11.0,0.545,17.647,0.0,14.031,0.98,0,0,8.0,5.0,0.0,Aggressive,31.0,Clear,clear sky,3.4,27.6,1005.8,8.0,3.17,50.8,Urban,69450.72,12,5.5,4.0,0.04,18.527513,73.850045,Pune,46.8,5.62,7.5,1.68,15.27,19.0,69.1,,403.1,,,
2026-03-20 11:44:35,250.3,Safari Storme EX,86.0,865.25,13.0,0.545,45.882,0.0,14.179,0.98,0,0,8.0,5.0,0.0,Aggressive,31.3,Clear,clear sky,3.1,28.0,1006.2,8.0,3.48,56.0,Urban,69450.72,12,5.5,4.0,0.04,18.527578,73.850023,Pune,113.5,10.28,13.8,4.02,30.92,46.1,90.9,,816.3,,,
2026-03-20 11:44:37,252.4,Safari Storme EX,86.0,990.5,14.0,0.545,17.647,0.0,14.156,0.98,0,0,8.0,5.0,0.0,Aggressive,30.6,Clear,clear sky,2.9,26.3,1006.5,8.0,3.62,56.9,Urban,69450.73,12,5.5,4.0,0.04,18.527649,73.850004,Pune,45.1,4.68,6.3,1.68,12.0,18.3,84.8,,316.8,,,
2026-03-20 11:44:39,254.5,Safari Storme EX,86.0,932.25,11.0,0.545,16.863,0.0,14.101,0.98,0,0,8.0,5.0,0.0,Aggressive,31.6,Clear,clear sky,2.6,21.6,1006.3,8.0,3.62,56.7,Urban,69450.74,12,5.5,4.0,0.04,18.527704,73.849987,Pune,42.4,4.14,5.6,1.61,14.64,17.2,79.4,,386.5,,,
2026-03-20 11:44:43,258.7,Safari Storme EX,86.0,919.75,14.0,0.544,32.941,0.0,14.148,0.98,0,0,8.0,5.0,0.0,Aggressive,30.7,Clear,clear sky,3.6,24.8,1006.5,8.0,3.63,50.5,Urban,69450.75,12,5.5,4.0,0.04,18.527847,73.849951,Pune,82.6,7.96,10.7,3.0,21.43,33.6,90.8,,565.8,,,
2026-03-20 11:44:45,260.8,Safari Storme EX,87.0,1183.0,18.0,0.544,42.745,0.0,14.109,0.98,0,0,8.0,5.0,0.0,Aggressive,31.2,Clear,clear sky,4.1,29.4,1005.6,8.0,4.15,57.0,Urban,69450.76,12,5.5,4.0,0.04,18.527939,73.849929,Pune,114.4,14.17,19.0,3.78,21.0,46.5,103.0,,554.4,,,
2026-03-20 11:44:47,262.8,Safari Storme EX,87.0,931.75,15.0,0.544,16.863,0.0,14.085,0.98,0,0,8.0,5.0,0.0,Aggressive,31.1,Clear,clear sky,3.9,21.6,1006.3,8.0,3.16,49.1,Urban,69450.77,12,5.5,4.0,0.04,18.528012,73.849911,Pune,42.4,4.14,5.6,1.61,10.73,17.3,83.8,,283.3,,,
2026-03-20 11:44:50,264.9,Safari Storme EX,87.0,893.5,11.0,0.544,17.647,0.0,14.078,0.98,0,0,8.0,5.0,0.0,Aggressive,30.8,Clear,clear sky,2.2,26.3,1006.6,8.0,2.63,50.3,Urban,69450.78,12,5.5,4.0,0.04,18.528068,73.849896,Pune,44.0,4.12,5.5,1.68,15.27,17.9,83.4,,403.1,,,
2026-03-20 11:44:52,266.9,Safari Storme EX,87.0,901.0,9.0,0.544,17.647,0.0,14.218,0.98,0,0,8.0,5.0,0.0,Aggressive,31.0,Clear,clear sky,3.1,24.9,1006.5,8.0,2.63,50.0,Urban,69450.78,12,5.5,4.0,0.04,18.52811,73.849881,Pune,44.1,4.16,5.6,1.68,,17.9,84.0,,,,,
2026-03-20 11:44:56,271.1,Safari Storme EX,87.0,890.5,3.0,0.544,15.686,0.0,14.117,0.98,0,0,8.0,5.0,0.0,Stop-and-Go,31.1,Clear,clear sky,2.5,29.2,1006.7,8.0,4.04,55.3,Urban,69450.79,12,5.5,4.0,0.04,18.52814,73.84987,Pune,39.1,3.65,4.9,1.5,,15.9,85.3,,,,,
2026-03-20 11:44:58,273.2,Safari Storme EX,87.0,913.5,2.0,0.544,14.902,0.0,14.203,0.98,0,0,8.0,5.0,0.0,Stop-and-Go,30.8,Clear,clear sky,2.8,26.9,1006.2,8.0,5.12,52.5,Urban,69450.79,12,5.5,4.0,0.04,18.52815,73.849867,Pune,37.3,3.57,4.8,1.43,,15.2,86.6,,,,,
2026-03-20 11:45:00,275.3,Safari Storme EX,87.0,898.5,0.0,0.544,13.725,0.0,14.218,0.98,0,0,8.0,5.0,0.033,Stop-and-Go,31.9,Clear,clear sky,3.3,25.6,1006.8,8.0,6.11,50.1,Urban,69450.79,12,5.5,4.0,0.04,18.52815,73.849867,Pune,34.2,3.22,4.3,1.32,,13.9,86.4,,,,,
2026-03-20 11:45:02,277.4,Safari Storme EX,87.0,888.75,0.0,0.544,16.863,0.0,14.187,0.98,0,0,8.0,5.0,0.067,Stop-and-Go,30.6,Clear,clear sky,4.7,26.2,1006.3,8.0,6.6,54.1,Urban,69450.79,12,5.5,4.0,0.04,18.52815,73.849867,Pune,42.0,3.91,5.2,1.61,,17.1,84.4,,,,,
2026-03-20 11:45:04,279.5,Safari Storme EX,87.0,910.75,0.0,0.544,12.941,0.0,13.906,0.98,0,0,8.0,5.0,0.1,Stop-and-Go,31.0,Clear,clear sky,3.2,22.7,1006.4,8.0,7.0,49.9,Urban,69450.79,12,5.5,4.0,0.04,18.52815,73.849867,Pune,32.4,3.09,4.1,1.25,,13.2,87.1,,,,,
2026-03-20 11:45:08,283.6,Safari Storme EX,88.0,865.25,0.0,0.544,35.686,0.0,14.109,0.98,0,0,0.0,5.0,0.133,Stop-and-Go,31.5,Clear,clear sky,3.1,30.2,1006.9,8.0,6.89,51.9,Urban,69450.79,12,5.5,4.0,0.04,18.52815,73.849867,Pune,88.3,8.0,10.7,3.22,,35.9,85.2,,,,,
2026-03-20 11:45:10,285.7,Safari Storme EX,88.0,914.25,0.0,0.544,21.961,0.0,14.085,0.98,0,0,0.0,5.0,0.167,Stop-and-Go,31.2,Clear,clear sky,2.7,27.6,1007.1,8.0,5.58,52.7,Urban,69450.79,12,5.5,4.0,0.04,18.52815,73.849867,Pune,55.0,5.27,7.1,2.06,,22.4,87.7,,,,,
2026-03-20 11:45:12,287.8,Safari Storme EX,88.0,909.25,3.0,0.544,24.706,0.0,14.101,0.98,0,0,0.0,5.0,0.167,Stop-and-Go,31.4,Clear,clear sky,3.4,24.3,1006.8,8.0,4.02,51.7,Urban,69450.79,12,5.5,4.0,0.04,18.528165,73.849862,Pune,61.8,5.88,7.9,2.3,,25.1,86.8,,,,,
2026-03-20 11:45:15,289.9,Safari Storme EX,88.0,908.25,2.0,0.544,18.824,0.0,14.093,0.98,0,0,0.0,5.0,0.167,Stop-and-Go,30.4,Clear,clear sky,2.0,25.0,1006.1,8.0,2.81,49.9,Urban,69450.79,12,5.5,4.0,0.04,18.528175,73.849859,Pune,47.1,4.48,6.0,1.78,,19.2,85.3,,,,,
2026-03-20 11:45:17,292.0,Safari Storme EX,88.0,891.0,0.0,0.544,21.961,0.0,14.078,0.98,0,0,0.0,5.0,0.2,Stop-and-Go,30.9,Clear,clear sky,3.5,27.3,1006.4,8.0,1.33,49.0,Urban,69450.79,12,5.5,4.0,0.04,18.528175,73.849859,Pune,54.7,5.1,6.8,2.06,,22.2,88.6,,,,,
2026-03-20 11:45:22,296.1,Safari Storme EX,88.0,897.0,0.0,0.544,10.98,0.0,14.226,0.98,0,0,0.0,5.0,0.233,Stop-and-Go,31.0,Clear,clear sky,3.6,24.8,1006.3,8.0,1.16,58.3,Urban,69450.79,12,5.5,4.0,0.04,18.528175,73.849859,Pune,27.4,2.57,3.4,1.06,,11.1,86.2,,,,,
