source_file,km_driven,engine_temp,fuel_level,battery_health,mileage,vehicle_age,brake_thickness,tire_tread,oil_degradation,hard_braking_freq,accel_variance,idle_ratio,aggressive_frac,stopgo_frac,smooth_frac,ambient_temp,road_roughness,monthly_precipitation,traffic_density,wind_speed,humidity,pressure_hpa,driving_style_enc,weather_condition_enc,road_type_enc,avg_road_roughness,avg_hard_braking,avg_traffic_density,days_to_service,failure_binary,stress,avg_stress,daily_km_avg,total_km,drive_index,service_applied,services_done,drive_date,engine_thermal_load,brake_stress_idx,traffic_road_impact,engine_battery_ratio,brake_wear_pct,tire_wear_pct,oil_wear_pct,composite_wear_idx
2025-11-01_09-27-23_Safari_Storme_EX.csv,14.0,84.83221250840619,26.44263618022865,0.7834002017484868,67532.0,11.0,6.1738,4.5869,0.4803,0.025554808338937456,3.8852185608607934,0.08752723604572965,0.584,0.235,0.181,35.299808271687965,3.1000000000000005,11.900000000000002,72.60000000000001,21.00008419636853,45.29981856086079,1007.0,1,0,0,3.1000000000000005,0.025554808338937456,72.60000000000001,113.1,0,1.557,1.557,14.0,14.0,0,0,,2025-11-01,71.2560679085407,1.2826168826799011,225.06000000000006,108.28719767887148,0.3043666666666667,0.533296875,0.5650588235294118,0.44966527879901963
2025-11-02_10-00-48_Safari_Storme_EX.csv,13.0,79.98636897767332,24.276968272620447,0.7851981198589895,67545.0,11.0,6.1504,4.5752,0.4832,0.055229142185663924,5.369101057579318,0.10105052878965923,0.577,0.217,0.206,37.09977391304348,2.5,1.8000000000000005,73.70000000000002,20.300018683901293,68.69979506462985,1006.6000000000003,1,0,1,2.5,0.055229142185663924,73.70000000000002,118.2,0,1.506,1.532,13.5,27.0,1,0,,2025-11-02,69.52313927144536,1.0546098670719761,184.25000000000006,101.86775407974454,0.3082666666666666,0.5351250000000001,0.5684705882352942,0.45271806372549017
2025-11-03_11-39-29_Safari_Storme_EX.csv,14.0,84.18205128205128,21.92472057856673,0.7857831689677843,67559.0,11.0,6.1247,4.5623,0.4864,0.023011176857330704,3.794392504930967,0.07771597633136094,0.607,0.205,0.188,28.69973694937541,3.6000000000000014,0.7000000000000001,56.39999999999998,1.3999506903353056,70.90023497698883,1011.3999999999996,1,0,0,3.6000000000000014,0.023011176857330704,56.39999999999998,115.8,0,1.53,1.531,13.67,41.0,2,0,,2025-11-03,64.75097303090071,1.481859131379372,203.04,107.13140037427117,0.31255,0.5371406250000001,0.5722352941176471,0.45607804227941184
2025-11-04_13-23-34_Safari_Storme_EX.csv,14.0,74.66404494382023,19.93258426966292,0.7844828651685393,67573.0,11.0,6.0977,4.5489,0.4898,0.01544943820224719,3.221313202247191,0.060775280898876405,0.584,0.191,0.225,24.900005758426968,4.799999999999999,0.5999999999999999,54.8,15.699934691011235,41.50024859550562,1013.8,1,0,0,4.799999999999999,0.01544943820224719,54.8,112.7,0,1.602,1.55,13.75,55.0,3,0,,2025-11-04,58.752023623595505,1.958979027457949,263.0399999999999,95.17613227636184,0.31705000000000005,0.5392343750000002,0.5762352941176471,0.4596108547794119
2025-11-05_11-14-44_Safari_Storme_EX.csv,13.0,86.08120698782425,18.033192165166753,0.7815618316569614,67586.0,11.0,6.081,4.5405,0.4919,0.02170460561143462,4.018850185283219,0.09644520910534675,0.0,0.322,0.678,32.4998184753838,2.1000000000000005,6.299999999999998,39.7,10.300344838538908,58.20018041291689,1010.6000000000003,0,0,0,2.1000000000000005,0.02170460561143462,39.7,120.4,0,1.073,1.458,13.6,68.0,4,0,,2025-11-05,61.450567188988884,0.8815711696578286,83.37000000000003,110.13998317359811,0.3198333333333333,0.5405468750000001,0.5787058823529412,0.4618012101715686
2025-11-06_13-02-01_Safari_Storme_EX.csv,14.0,73.53044117647059,15.722499999999998,0.7792432352941177,67600.0,11.0,6.0586,4.5293,0.4947,0.01764705882352941,3.0710647058823533,0.0822779411764706,0.601,0.212,0.187,23.499812647058825,1.8000000000000007,2.6999999999999993,45.69999999999999,3.399911470588235,60.10006132352942,1006.3,1,0,0,1.8000000000000007,0.01764705882352941,45.69999999999999,120.6,0,1.334,1.437,13.67,82.0,5,0,,2025-11-06,55.17518311764705,0.7600697501461222,82.26,94.36134681197105,0.32356666666666667,0.542296875,0.582,0.46473057291666664
2025-11-07_08-08-54_Safari_Storme_EX.csv,14.0,82.37825751734773,13.854895913646876,0.7797965304548958,67614.0,11.0,6.0353,4.5177,0.4976,0.07632999228989977,6.108478026214341,0.09904780262143406,0.586,0.226,0.188,25.49959298380879,2.4,6.700000000000001,44.39999999999999,4.2000589822667695,82.29987077872012,1017.1999999999999,1,0,0,2.4,0.07632999228989977,44.39999999999999,119.8,0,1.386,1.43,13.71,96.0,6,0,,2025-11-07,59.60904735543563,1.0236703661768085,106.55999999999997,105.64070792837744,0.3274499999999999,0.5441093750000001,0.5854117647058823,0.46777122242647057
2025-11-08_14-23-32_Safari_Storme_EX.csv,14.0,80.5753036437247,12.00597165991903,0.7808395748987853,67628.0,11.0,6.0124,4.5062,0.5004,0.06680161943319839,6.017835020242915,0.10543421052631578,0.545,0.221,0.235,31.699924696356273,1.4,58.399999999999984,65.29999999999998,2.599863259109312,61.40032692307692,1018.8999999999997,1,1,1,1.4,0.06680161943319839,65.29999999999998,119.3,0,1.363,1.421,13.75,110.0,7,0,,2025-11-08,66.2176367611336,0.6199852342944688,91.41999999999997,103.19059923950333,0.3312666666666666,0.54590625,0.5887058823529412,0.4707503247549019
2025-11-09_21-37-14_Safari_Storme_EX.csv,13.0,73.40671755725191,9.85679389312977,0.7804230534351145,67641.0,11.0,5.994,4.497,0.5028,0.022900763358778626,3.195835114503817,0.1040763358778626,0.0,0.348,0.652,25.100306564885493,4.2,12.599999999999994,30.69999999999999,13.799841374045801,78.10001053435116,1014.1000000000004,0,0,0,4.2,0.022900763358778626,30.69999999999999,121.3,0,1.182,1.396,13.67,123.0,8,0,,2025-11-09,50.93342009160305,1.7225270053768782,128.93999999999997,94.06016036320875,0.33433333333333337,0.54734375,0.591529411764706,0.47318599877450984
2025-11-10_14-56-59_Safari_Storme_EX.csv,14.0,78.4885549132948,8.038843930635839,0.7785507514450868,67655.0,11.0,5.973,4.4865,0.5054,0.021965317919075144,3.624230057803468,0.12587514450867052,0.549,0.277,0.173,29.20003341040462,1.1999999999999997,4.299999999999999,37.10000000000001,18.900031791907516,60.100558728323705,1011.1000000000003,1,0,0,1.1999999999999997,0.021965317919075144,37.10000000000001,121.5,0,1.247,1.381,13.7,137.0,9,0,,2025-11-10,56.21428413872833,0.5222701385521938,44.52,100.81366534886816,0.3378333333333333,0.548984375,0.5945882352941176,0.4759249234068627
2025-11-11_12-54-18_Safari_Storme_EX.csv,14.0,78.80473988439307,6.189017341040462,0.7808765317919075,67669.0,11.0,5.9506,4.4753,0.5082,0.06473988439306358,5.983263583815029,0.11019537572254336,0.0,0.273,0.727,30.600177456647398,4.5,3.399999999999999,70.39999999999998,0.5001308670520231,69.40027167630058,1009.7999999999997,0,0,1,4.5,0.06473988439306358,70.39999999999998,120.6,0,1.333,1.376,13.73,151.0,10,0,,2025-11-11,66.64240543352601,1.8595060098860192,316.7999999999999,100.91830997092049,0.3415666666666667,0.550734375,0.5978823529411764,0.4788542861519608
2025-11-12_07-56-13_Safari_Storme_EX.csv,13.0,80.38325537885876,3.8387277829747433,0.779708699719364,67682.0,11.0,5.9278,4.4639,0.511,0.02432179607109448,3.517751169317119,0.11594200187090739,0.487,0.267,0.246,25.600098222637982,3.3999999999999995,9.400000000000002,56.0,11.700190551917679,58.00032843779233,1012.3,1,0,0,3.3999999999999995,0.02432179607109448,56.0,119.5,0,1.466,1.383,13.67,164.0,11,0,,2025-11-12,62.111647333956974,1.4034680483653452,190.39999999999998,103.09395727890511,0.3453666666666666,0.5525156250000001,0.6011764705882353,0.4818212530637255
2025-11-13_19-17-36_Safari_Storme_EX.csv,14.0,79.67655642023347,2.554474708171206,0.7777661478599222,67696.0,11.0,5.9004,4.4502,0.5144,0.027237354085603113,3.6665077821011676,0.11712159533073929,0.528,0.301,0.171,24.300536089494166,3.7999999999999994,13.300000000000002,76.5,14.099551750972761,79.6997280155642,1009.5,1,0,0,3.7999999999999994,0.027237354085603113,76.5,116.5,0,1.626,1.402,13.69,178.0,12,0,,2025-11-13,67.64838542801556,1.5647909486846105,290.69999999999993,102.4428186280273,0.3499333333333333,0.5546562500000001,0.6051764705882353,0.4853971384803921
2025-11-14_13-36-18_Safari_Storme_EX.csv,14.0,81.92597187758479,59.95583126550869,0.7803663358147229,67710.0,11.0,5.8793,4.4396,0.5171,0.065343258891646,6.243110835401159,0.11842514474772538,0.509,0.257,0.234,27.09980339123242,1.6,18.199999999999996,36.699999999999996,7.600178163771712,47.800234574028124,1012.8999999999999,1,1,1,1.6,0.065343258891646,36.699999999999996,116.3,0,1.26,1.392,13.71,192.0,13,0,,2025-11-14,57.392946617038874,0.7001549587196881,58.72,104.9839903614652,0.35345000000000004,0.5563125,0.6083529411764707,0.48817761029411766
2025-11-15_19-19-30_Safari_Storme_EX.csv,13.0,81.02852822580644,58.2366935483871,0.7746173387096774,67723.0,11.0,5.8539,4.4269,0.5203,0.023185483870967742,3.4874838709677416,0.10526612903225807,0.532,0.264,0.204,33.999775403225804,3.799999999999999,65.70000000000002,79.70000000000002,16.200110483870965,63.80010393145161,1006.2999999999997,1,1,0,3.799999999999999,0.023185483870967742,79.70000000000002,114.3,0,1.629,1.407,13.67,205.0,14,0,,2025-11-15,71.22421919354838,1.5634394508981877,302.85999999999996,104.60458884225352,0.35768333333333324,0.5582968750000001,0.6121176470588235,0.49150665134803917
2025-11-16_11-28-58_Safari_Storme_EX.csv,14.0,83.33737727910238,56.1375175315568,0.7765736325385695,67737.0,11.0,5.8319,4.416,0.523,0.024544179523141654,3.789758064516129,0.09062833099579241,0.566,0.24,0.194,26.30005869565218,1.6999999999999995,50.69999999999999,42.800000000000004,16.200158625525948,82.80017973352034,1016.5,1,1,0,1.6999999999999995,0.024544179523141654,42.800000000000004,113.7,0,1.307,1.401,13.69,219.0,15,0,,2025-11-16,59.76870037868163,0.7241118126552929,72.75999999999999,107.31419892107054,0.36134999999999995,0.56,0.6152941176470589,0.49436352941176465
2025-11-17_12-30-15_Safari_Storme_EX.csv,14.0,84.80354659248957,53.64047287899861,0.7773158553546592,67751.0,11.0,5.81,4.405,0.5257,0.02294853963838665,3.844011126564673,0.1004478442280946,0.0,0.363,0.637,36.79983609179416,3.899999999999999,7.5,66.5,2.1998853963838663,51.700120236439496,1006.8,0,0,0,3.899999999999999,0.02294853963838665,66.5,113.1,0,1.301,1.395,13.71,233.0,16,0,,2025-11-17,69.71174051460362,1.603602823772738,259.3499999999999,109.09792461881148,0.3650000000000001,0.56171875,0.6184705882352941,0.4972192095588236
2025-11-18_21-01-48_Safari_Storme_EX.csv,13.0,83.33415300546447,51.8670081967213,0.7749502732240438,67764.0,11.0,5.7857,4.3929,0.5288,0.0273224043715847,3.9565799180327867,0.09877117486338798,0.531,0.263,0.206,24.500234631147542,4.200000000000001,19.599999999999998,56.5,5.4996540300546455,45.00031366120219,1016.2999999999998,1,1,0,4.200000000000001,0.0273224043715847,56.5,111.7,0,1.558,1.403,13.67,246.0,17,0,,2025-11-18,63.51712342896174,1.7254969483362557,237.30000000000007,107.53483918234836,0.36905,0.563609375,0.6221176470588236,0.5004126930147059
2025-11-19_09-07-50_Safari_Storme_EX.csv,14.0,78.48335373317015,50.324847001223986,0.773045899632803,67778.0,11.0,5.7592,4.3796,0.5321,0.0208078335373317,3.278189718482252,0.06075520195838433,0.632,0.186,0.182,32.500071970624234,3.1999999999999997,5.200000000000001,73.79999999999998,20.49989241126071,49.999954100367205,1010.3999999999997,1,0,0,3.1999999999999997,0.0208078335373317,73.79999999999998,109.6,0,1.58,1.413,13.68,260.0,18,0,,2025-11-19,67.88169126070991,1.323050178837908,236.15999999999994,101.52483024675476,0.3734666666666667,0.5656875000000001,0.626,0.5038772916666667
2025-11-20_18-56-22_Safari_Storme_EX.csv,14.0,79.47911392405064,47.73101265822785,0.7750848101265823,67792.0,11.0,5.736,4.368,0.535,0.020042194092827006,3.2392679324894513,0.11156223628691983,0.556,0.267,0.177,28.50000369198312,3.100000000000001,0.7,33.39999999999999,21.599649050632916,47.800368354430375,1007.1000000000003,1,0,0,3.100000000000001,0.020042194092827006,33.39999999999999,108.6,0,1.38,1.411,13.7,274.0,19,0,,2025-11-20,55.45955770042194,1.2828843811238815,103.54,102.54247391465533,0.3773333333333334,0.5675,0.6294117647058824,0.506911274509804
2025-11-21_14-42-34_Safari_Storme_EX.csv,13.0,80.41041292639137,46.17558348294435,0.7740629263913824,67805.0,11.0,5.7102,4.3551,0.5382,0.07719928186714542,6.2999712746858165,0.08562028725314183,0.561,0.18,0.259,23.10052989228007,4.399999999999999,8.700000000000003,73.89999999999998,10.29978186714542,80.80012522441652,1007.8999999999996,1,0,1,4.399999999999999,0.07719928186714542,73.89999999999998,106.9,0,1.655,1.422,13.67,287.0,20,0,,2025-11-21,66.99531244165169,1.8259047556525352,325.1599999999998,103.88097683641574,0.38163333333333327,0.569515625,0.6331764705882353,0.5102779197303922
2025-11-22_15-44-31_Safari_Storme_EX.csv,14.0,83.6034359341446,43.85526127415891,0.7692659269863995,67819.0,11.0,5.6895,4.3447,0.5408,0.020042949176807445,3.775544022906227,0.06342519685039369,0.0,0.35,0.65,29.49976005726557,4.299999999999999,11.5,42.699999999999996,8.700090551181102,81.80021374373658,1014.0,0,0,0,4.299999999999999,0.020042949176807445,42.699999999999996,106.6,0,1.234,1.413,13.68,301.0,21,0,,2025-11-22,60.51166997852541,1.7631696535260701,183.60999999999993,108.67949950891649,0.38508333333333333,0.5711406250000002,0.636235294117647,0.5129913756127451
2025-11-23_08-10-24_Safari_Storme_EX.csv,14.0,84.82198625858838,41.67795128044972,0.7748140537164272,67833.0,11.0,5.6674,4.3337,0.5436,0.024984384759525295,3.891353529044347,0.137420362273579,0.0,0.417,0.583,30.800041224234853,4.5,9.299999999999997,54.29999999999999,2.499853466583385,54.099890131168024,1011.7000000000002,0,0,0,4.5,0.024984384759525295,54.29999999999999,105.9,0,1.315,1.409,13.7,315.0,22,0,,2025-11-23,64.86100137414115,1.845283304667829,244.34999999999997,109.47399037451149,0.3887666666666667,0.572859375,0.6395294117647059,0.5158898008578432
2025-11-24_10-37-52_Safari_Storme_EX.csv,13.0,83.19335370511841,39.80068754774637,0.7723287242169595,67846.0,11.0,5.6461,4.323,0.5462,0.01833460656990069,3.6272979373567606,0.07644385026737968,0.589,0.205,0.206,30.69983911382735,2.899999999999999,13.299999999999997,33.800000000000004,5.600040718105424,56.09997089381207,1018.6000000000001,1,0,0,2.899999999999999,0.01833460656990069,33.800000000000004,105.3,0,1.364,1.407,13.67,328.0,23,0,,2025-11-24,57.87664467532468,1.2027565237706956,98.01999999999998,107.71754448141962,0.39231666666666676,0.5745312499999999,0.6425882352941177,0.5186596629901961
2025-11-25_11-30-25_Safari_Storme_EX.csv,14.0,82.61383432963278,38.661571306575574,0.7705292912040991,67860.0,11.0,5.6243,4.3122,0.549,0.01964133219470538,3.442994022203245,0.09904184457728438,0.58,0.26,0.161,33.3998562766866,1.9000000000000004,2.0,33.1,0.40002963279248505,72.3002848847139,1007.8000000000002,1,0,0,1.9000000000000004,0.01964133219470538,33.1,104.6,0,1.295,1.403,13.68,342.0,24,0,,2025-11-25,57.91688842015371,0.8034165136754927,62.890000000000015,107.21699391924854,0.39595,0.57621875,0.6458823529411766,0.5215271507352941
2025-11-26_18-00-12_Safari_Storme_EX.csv,14.0,83.94404761904762,35.80788690476191,0.7709637648809523,67874.0,11.0,5.5999,4.2999,0.552,0.020089285714285716,3.768749255952381,0.08040997023809524,0.551,0.214,0.235,34.299782366071426,4.5,11.900000000000002,30.699999999999992,20.700000074404763,58.39975513392857,1009.2,1,0,0,4.5,0.020089285714285716,30.699999999999992,103.3,0,1.456,1.405,13.69,356.0,25,0,,2025-11-26,58.041980282738095,1.843750637766491,138.14999999999998,108.88196234749083,0.4000166666666667,0.5781406250000001,0.6494117647058825,0.5247088265931373
2025-11-27_16-10-23_Safari_Storme_EX.csv,13.0,78.5194543297746,34.167378410438914,0.7694374851720047,67887.0,11.0,5.5768,4.2884,0.5549,0.027283511269276393,3.6142052194543295,0.1077864768683274,0.534,0.273,0.193,30.900382206405695,4.100000000000001,6.700000000000003,40.69999999999999,9.700159074733097,68.700034400949,1010.2999999999998,1,0,0,4.100000000000001,0.027283511269276393,40.69999999999999,102.3,0,1.483,1.407,13.67,369.0,26,0,,2025-11-27,57.64980360616843,1.6867762649294584,166.87,102.0478672315034,0.4038666666666666,0.5799375,0.6528235294117647,0.5277306740196078
2025-11-28_20-40-00_Safari_Storme_EX.csv,14.0,82.92765598650928,32.02251264755481,0.7701215851602023,67901.0,11.0,5.5526,4.2763,0.5579,0.022765598650927487,3.6688903878583474,0.08915682967959529,0.569,0.211,0.22,34.59970134907252,2.4,5.6000000000000005,63.19999999999999,21.499550084317033,63.29998608768972,1006.6,1,0,0,2.4,0.022765598650927487,63.19999999999999,101.1,0,1.44,1.409,13.68,383.0,27,0,,2025-11-28,67.34376826306914,1.0051254016546585,151.67999999999998,107.68125135624979,0.40790000000000004,0.581828125,0.6563529411764706,0.5308880790441177
2025-11-29_07-51-00_Safari_Storme_EX.csv,14.0,79.47869458128079,30.225000000000005,0.7673094827586207,67915.0,11.0,5.5316,4.2658,0.5606,0.019704433497536946,3.52768472906404,0.09107635467980296,0.0,0.349,0.651,37.200030541871925,4.1000000000000005,72.60000000000001,50.5,11.299753448275863,42.50009864532019,1007.1000000000003,0,1,0,4.1000000000000005,0.019704433497536946,50.5,100.5,0,1.249,1.403,13.69,397.0,28,0,,2025-11-29,62.32935339901478,1.6840376776581807,207.05000000000004,103.58101439791942,0.4114,0.5834687500000001,0.6595294117647059,0.5336564154411765
2025-11-30_12-58-36_Safari_Storme_EX.csv,13.0,84.82122252747253,27.70885989010989,0.7664873626373626,67928.0,11.0,5.5109,4.2555,0.5631,0.08585164835164835,7.132719780219779,0.09811263736263737,0.0,0.234,0.766,36.29995947802198,4.6000000000000005,8.700000000000001,69.20000000000002,3.1998625686813194,43.7999253434066,1006.2000000000002,0,0,1,4.6000000000000005,0.08585164835164835,69.20000000000002,99.9,0,1.325,1.401,13.67,410.0,29,0,,2025-11-30,70.43060315934066,1.9106323721280447,318.3200000000001,110.66225832558547,0.41484999999999994,0.5850781250000001,0.6624705882352941,0.5363349908088235
2025-12-01_17-21-28_Safari_Storme_EX.csv,14.0,81.01815097540288,26.19991518235793,0.7661347752332485,67942.0,11.0,5.4841,4.242,0.5665,0.08057675996607294,6.346312128922816,0.10580491942324004,0.519,0.24,0.241,23.09991806615776,3.6000000000000014,5.399999999999999,77.29999999999998,18.09993859202714,76.59993782866837,1013.3000000000002,1,0,1,3.6000000000000014,0.08057675996607294,77.29999999999998,98.2,0,1.598,1.407,13.68,424.0,30,0,,2025-12-01,68.31905910093299,1.5086997691019455,278.28000000000003,105.74921488289972,0.41931666666666667,0.5871875,0.6664705882352941,0.5398599387254902
2025-12-02_18-45-42_Safari_Storme_EX.csv,14.0,83.9464,23.938333333333333,0.764756,67956.0,11.0,5.458,4.229,0.5698,0.078,5.8969353333333325,0.11796533333333334,0.574,0.23,0.196,27.699910533333334,3.7,7.9,58.89999999999998,5.5998877333333335,68.90031653333332,1010.0,1,0,0,3.7,0.078,58.89999999999998,96.7,0,1.552,1.412,13.69,438.0,31,0,,2025-12-02,65.18318210666666,1.5478434591425432,217.92999999999992,109.76886745576367,0.42366666666666664,0.58921875,0.6703529411764706,0.5432814644607843
2025-12-03_09-16-06_Safari_Storme_EX.csv,13.0,84.13529411764705,21.966005471956223,0.7685218194254446,67969.0,11.0,5.4363,4.2181,0.5725,0.08207934336525308,6.237187414500684,0.10856361149110809,0.53,0.236,0.234,30.79967886456908,2.6999999999999997,7.9,45.699999999999996,1.6997318057455537,42.30033823529412,1018.5,1,0,0,2.6999999999999997,0.08207934336525308,45.699999999999996,95.9,0,1.391,1.411,13.67,451.0,32,0,,2025-12-03,61.937582831737345,1.1496214656539574,123.38999999999997,109.47677995733098,0.42728333333333335,0.590921875,0.6735294117647059,0.5461183425245099
2025-12-04_19-23-16_Safari_Storme_EX.csv,14.0,79.03287197231833,20.126874279123413,0.7659367935409458,67983.0,11.0,5.417,4.2085,0.5749,0.07381776239907728,6.15644521337947,0.0856239907727797,0.0,0.241,0.759,31.599512572087658,2.0,41.899999999999984,69.60000000000001,1.0997480968858129,55.200093079584775,1018.0,0,1,1,2.0,0.07381776239907728,69.60000000000001,95.6,0,1.148,1.403,13.68,465.0,33,0,,2025-12-04,66.7163385005767,0.8664479098331772,139.20000000000002,103.18458734296769,0.4305,0.5924218750000001,0.6763529411764706,0.5486358915441176
2025-12-05_17-41-50_Safari_Storme_EX.csv,14.0,75.41722296395194,18.26782376502003,0.7658475300400533,67997.0,11.0,5.3959,4.1979,0.5775,0.06008010680907877,5.858644859813084,0.09134178905206944,0.591,0.198,0.211,24.69976702269693,1.5999999999999999,14.0,31.1,2.3000959946595465,58.20009439252336,1011.8,1,0,0,1.5999999999999999,0.06008010680907877,31.1,94.9,0,1.259,1.399,13.69,479.0,34,0,,2025-12-05,51.97856488651536,0.7010972218411096,49.76,98.47550590129562,0.4340166666666666,0.594078125,0.6794117647058824,0.5513869515931373
2025-12-06_16-18-15_Safari_Storme_EX.csv,13.0,82.05832656376928,16.354427294882207,0.7652023558082859,68010.0,11.0,5.3784,4.1892,0.5797,0.03249390739236393,4.087202274573517,0.08583265637692933,0.0,0.282,0.718,26.90012404549147,2.9,5.1000000000000005,41.6,13.599940129975627,82.00009057676685,1007.4,0,0,0,2.9,0.03249390739236393,41.6,94.7,0,1.12,1.392,13.67,492.0,35,0,,2025-12-06,58.889188090982934,1.2101833431146132,120.64,107.2374201946762,0.4369333333333333,0.5954375000000001,0.682,0.5536764583333333
2025-12-07_18-05-27_Safari_Storme_EX.csv,14.0,78.17933701657459,13.65767955801105,0.761935138121547,68024.0,11.0,5.3558,4.1779,0.5825,0.011049723756906077,2.9600596685082876,0.09948287292817681,0.53,0.215,0.254,24.900181436464088,2.5,5.799999999999998,44.100000000000016,7.599730828729281,58.30017270718231,1011.7999999999997,1,0,0,2.5,0.011049723756906077,44.100000000000016,93.8,0,1.347,1.39,13.68,506.0,36,0,,2025-12-07,57.29970479558012,1.0417625834047006,110.25000000000004,102.6062890462247,0.4407,0.5972031250000001,0.6852941176470588,0.5566246231617646
2025-12-08_19-49-38_Safari_Storme_EX.csv,14.0,79.38376777251186,12.700355450236968,0.7646428909952607,68038.0,11.0,5.336,4.168,0.585,0.02132701421800948,3.766789099526066,0.06421682464454977,0.0,0.385,0.615,34.79974194312796,2.3000000000000003,7.900000000000001,61.10000000000001,2.7997472748815166,48.10004443127963,1012.6000000000001,0,0,0,2.3000000000000003,0.02132701421800948,61.10000000000001,93.2,0,1.177,1.385,13.68,520.0,37,0,,2025-12-08,64.98183227488153,0.9660120650575188,140.53000000000003,103.8180943122165,0.44399999999999995,0.59875,0.6882352941176471,0.5592213235294117
2025-12-09_18-59-43_Safari_Storme_EX.csv,14.0,77.30471063257065,10.037685060565275,0.7662247644683715,68052.0,11.0,5.3104,4.1552,0.5882,0.021534320323014805,3.2109676985195152,0.07993270524899058,0.58,0.237,0.183,32.80030995962315,2.899999999999999,12.5,68.8,4.20036460296097,60.30016917900404,1014.1000000000003,1,0,0,2.899999999999999,0.021534320323014805,68.8,91.8,0,1.52,1.388,13.69,534.0,38,0,,2025-12-09,65.85241730820995,1.206275674498594,199.51999999999992,100.89038388912795,0.4482666666666667,0.6007500000000001,0.692,0.5625691666666668
2025-12-10_18-17-10_Safari_Storme_EX.csv,13.0,80.50992018244014,7.875142531356898,0.7604377423033067,68065.0,11.0,5.2889,4.1445,0.5909,0.03078677309007982,3.7181208665906498,0.09790079817559864,0.6,0.236,0.164,37.899360433295314,1.1999999999999995,7.400000000000001,67.10000000000001,2.5001035347776512,73.99999110604332,1014.3999999999997,1,0,0,1.1999999999999995,0.03078677309007982,67.10000000000001,91.0,0,1.378,1.388,13.68,547.0,39,0,,2025-12-10,67.96483217787913,0.5301297558430768,80.51999999999998,105.87312504845151,0.45185,0.6024218750000001,0.6951764705882353,0.5653817738970588
2025-12-11_17-09-51_Safari_Storme_EX.csv,14.0,78.06636828644501,6.130818414322251,0.7634725063938619,68079.0,11.0,5.261,4.1305,0.5944,0.0639386189258312,6.0253465473145775,0.10551662404092071,0.533,0.26,0.207,33.1999510230179,4.200000000000001,11.599999999999996,77.10000000000001,8.800097698209719,46.20010076726342,1009.6000000000003,1,0,0,4.200000000000001,0.0639386189258312,77.10000000000001,89.3,0,1.661,1.395,13.68,561.0,40,0,,2025-12-11,68.80317434782609,1.7435910339607532,323.8200000000001,102.25170865049063,0.4565,0.6046093750000001,0.6992941176470588,0.5690368106617647
2025-12-12_15-19-17_Safari_Storme_EX.csv,14.0,84.45244498777507,4.490525672371638,0.7642827628361857,68093.0,11.0,5.238,4.119,0.5973,0.09535452322738386,6.920581295843521,0.09305317848410759,0.621,0.201,0.178,26.400290831295845,2.3999999999999995,74.5,37.69999999999999,13.699899205378975,83.19977090464548,1016.2999999999998,1,1,1,2.3999999999999995,0.09535452322738386,37.69999999999999,88.3,0,1.371,1.394,13.69,575.0,41,0,,2025-12-12,58.816280660146695,1.03632432170027,90.47999999999995,110.49895286710317,0.46033333333333326,0.60640625,0.7027058823529413,0.5720519914215687
2025-12-13_19-26-49_Safari_Storme_EX.csv,13.0,83.60902612826602,2.652019002375297,0.7607625494853524,68106.0,11.0,5.2139,4.1069,0.6003,0.022169437846397466,3.5165558194774347,0.08250989707046713,0.618,0.23,0.153,35.600030166270784,3.399999999999999,9.700000000000001,60.7,4.199708076009501,77.49983555027711,1011.0,1,0,0,3.399999999999999,0.022169437846397466,60.7,87.1,0,1.547,1.398,13.67,588.0,42,0,,2025-12-13,67.13451909738717,1.4072267770373292,206.37999999999994,109.90160620396814,0.46435000000000004,0.608296875,0.706235294117647,0.5752027297794118
2025-12-14_19-11-46_Safari_Storme_EX.csv,14.0,83.74609084139985,59.937676842889054,0.7602732688011914,68120.0,11.0,5.1891,4.0946,0.6034,0.08265078183172003,6.56246835443038,0.09563514519731943,0.558,0.208,0.234,32.99985860014892,3.1999999999999997,4.8,54.0,8.800005956813104,51.199675725986594,1010.3999999999997,1,0,0,3.1999999999999997,0.08265078183172003,54.0,85.9,0,1.473,1.399,13.68,602.0,43,0,,2025-12-14,64.67301714072971,1.3516026418456364,172.79999999999998,110.15261785206752,0.46848333333333336,0.61021875,0.7098823529411765,0.5784404840686275
2025-12-15_13-37-32_Safari_Storme_EX.csv,14.0,82.25077452667814,58.09956970740103,0.7595852839931154,68134.0,11.0,5.1635,4.0818,0.6066,0.08003442340791739,6.147902753872633,0.08608433734939759,0.594,0.194,0.213,31.599794922547332,4.5,9.6,38.4,7.400067728055077,47.40019148020653,1017.8999999999999,1,0,0,4.5,0.08003442340791739,38.4,84.6,0,1.522,1.402,13.69,616.0,44,0,,2025-12-15,58.965346247848544,1.8707471866189045,172.79999999999998,108.28379151092615,0.47275,0.61221875,0.7136470588235294,0.5817883272058824
2025-12-16_09-12-59_Safari_Storme_EX.csv,13.0,84.05485098287889,56.014521242866195,0.7574402029169308,68147.0,11.0,5.1397,4.0698,0.6095,0.029169308814204185,3.94272606214331,0.09716423589093215,0.502,0.264,0.234,25.19981420418516,3.1000000000000005,8.599999999999998,74.89999999999999,7.499709321496512,55.19975434369055,1009.8999999999999,1,0,0,3.1000000000000005,0.029169308814204185,74.89999999999999,83.5,0,1.531,1.405,13.67,629.0,45,0,,2025-12-16,69.53738833227648,1.2905805005360131,232.19000000000003,110.97225980239824,0.47671666666666657,0.6140937500000001,0.7170588235294119,0.5848841850490196
2025-12-17_13-53-59_Safari_Storme_EX.csv,14.0,84.52448979591836,53.60327988338192,0.7575485422740525,68161.0,11.0,5.1156,4.0578,0.6125,0.07871720116618076,6.014148688046648,0.07611880466472304,0.607,0.168,0.225,37.50021064139942,3.0,13.900000000000004,45.0,21.000021720116617,83.8001692419825,1009.3999999999997,1,0,0,3.0,0.07871720116618076,45.0,82.3,0,1.43,1.405,13.68,643.0,46,0,,2025-12-17,63.262287026239065,1.270582978675871,135.0,111.57633482098441,0.48073333333333335,0.61596875,0.7205882352941178,0.5880294546568627
2025-12-18_12-01-34_Safari_Storme_EX.csv,14.0,81.47717601547389,51.8531914893617,0.7589244680851063,68175.0,11.0,5.0909,4.0455,0.6156,0.014506769825918761,3.241792069632495,0.0829119922630561,0.561,0.249,0.191,33.700179303675036,4.5,68.29999999999998,30.69999999999999,10.600268471953578,80.8999499032882,1006.6000000000004,1,1,0,4.5,0.014506769825918761,30.69999999999999,81.1,0,1.471,1.407,13.69,657.0,47,0,,2025-12-18,56.68862386847194,1.8450884923692683,138.14999999999995,107.3587418008204,0.4848499999999999,0.617890625,0.7242352941176471,0.5912605422794117
2025-12-19_20-09-27_Safari_Storme_EX.csv,13.0,82.0160696999032,50.3809293320426,0.7553975798644725,68188.0,11.0,5.0702,4.0351,0.6182,0.02516940948693127,3.7359322362052274,0.08418296224588577,0.533,0.263,0.203,36.89984937076476,2.3999999999999995,32.39999999999999,36.30000000000001,10.899968731848984,71.40003000968055,1010.5,1,1,0,2.3999999999999995,0.02516940948693127,36.30000000000001,80.4,0,1.326,1.405,13.67,670.0,48,0,,2025-12-19,59.278004724104555,1.0095139394880388,87.12,108.57338160206692,0.48830000000000007,0.619515625,0.7272941176470588,0.5939739981617648
2025-12-20_11-03-33_Safari_Storme_EX.csv,14.0,83.14745098039215,48.109882352941185,0.7560097254901961,68202.0,11.0,5.0495,4.0248,0.6208,0.023529411764705882,3.499075294117647,0.09137176470588235,0.0,0.301,0.699,31.9002897254902,5.0,4.6000000000000005,34.60000000000001,12.69982494117647,72.00010156862746,1009.3,0,0,0,5.0,0.023529411764705882,34.60000000000001,79.7,0,1.231,1.402,13.68,684.0,49,0,,2025-12-20,58.333783435294116,2.049019646674394,173.00000000000006,109.98198591490264,0.49175,0.621125,0.7303529411764706,0.5966819852941176
2025-12-21_13-11-21_Safari_Storme_EX.csv,14.0,81.93023679417122,46.21247723132969,0.7552740437158469,68216.0,11.0,5.0271,4.0136,0.6236,0.0273224043715847,3.8694453551912567,0.1062823315118397,0.589,0.245,0.166,32.99994480874317,1.6999999999999997,10.5,46.5,10.900076047358835,58.99974599271402,1010.6000000000003,1,0,0,1.6999999999999997,0.0273224043715847,46.5,78.8,0,1.335,1.4,13.69,698.0,50,0,,2025-12-21,61.51510735883424,0.7307133304701632,79.04999999999998,108.47749565321409,0.4954833333333334,0.6228750000000001,0.7336470588235294,0.5996113480392158
2025-12-22_20-55-14_Safari_Storme_EX.csv,13.0,80.6420036764706,43.84136029411765,0.7527058823529411,68229.0,11.0,5.0061,4.0031,0.6262,0.02389705882352941,3.6094742647058826,0.10634650735294117,0.554,0.264,0.182,26.10003630514706,2.1,18.400000000000006,44.0,9.999818382352942,50.80023970588235,1006.1000000000003,1,1,0,2.1,0.02389705882352941,44.0,78.0,0,1.345,1.399,13.67,711.0,51,0,,2025-12-22,58.7410090992647,0.8895100829928664,92.4,107.13614117693031,0.49898333333333333,0.6245156250000001,0.7367058823529412,0.6023502726715687
2025-12-23_11-55-14_Safari_Storme_EX.csv,14.0,83.25052192066805,41.59213639526792,0.7539391788448156,68243.0,11.0,4.9806,3.9903,0.6294,0.025748086290883786,3.95398121085595,0.0896089074460682,0.58,0.228,0.192,25.199784203201112,3.100000000000001,15.0,65.79999999999998,20.200475365344467,82.2003794711204,1013.6000000000003,1,0,0,3.100000000000001,0.025748086290883786,65.79999999999998,76.7,0,1.523,1.402,13.68,725.0,52,0,,2025-12-23,66.40521780097424,1.2904550390378975,203.98000000000002,110.42073983769401,0.5032333333333334,0.626515625,0.7404705882352941,0.6056914491421569
2025-12-24_08-07-50_Safari_Storme_EX.csv,14.0,79.10444697833525,39.82155074116306,0.7524157354618016,68257.0,11.0,4.9524,3.9762,0.633,0.021664766248574687,3.6653238312428735,0.09890193842645381,0.585,0.244,0.171,31.200429304446978,4.700000000000002,66.20000000000002,68.10000000000001,21.9000810718358,61.900034435575826,1007.8999999999997,1,1,0,4.700000000000002,0.021664766248574687,68.10000000000001,75.2,0,1.679,1.407,13.69,739.0,53,0,,2025-12-24,66.22230935005702,1.9290503665591996,320.07000000000016,105.13396151900547,0.5079333333333333,0.62871875,0.7447058823529412,0.6094013664215686
2025-12-25_07-01-05_Safari_Storme_EX.csv,13.0,83.1151718357083,37.61072925398156,0.755355155071249,68270.0,11.0,4.9308,3.9654,0.6357,0.02179379715004191,3.704744341994971,0.08756412405699916,0.578,0.21,0.212,35.49981760268231,1.1999999999999997,17.0,73.70000000000002,4.700166387259011,54.80047225481978,1016.8999999999997,1,1,0,1.1999999999999997,0.02179379715004191,73.70000000000002,74.3,0,1.383,1.406,13.67,752.0,54,0,,2025-12-25,70.76754943839062,0.529278888211846,88.44,110.03455960774961,0.5115333333333334,0.6304062500000001,0.7478823529411766,0.6122261090686275
2025-12-26_11-39-50_Safari_Storme_EX.csv,14.0,83.75049088359046,35.747545582047685,0.751719495091164,68284.0,11.0,4.9067,3.9534,0.6387,0.024544179523141654,3.8209740532959326,0.13065568022440394,0.546,0.278,0.176,29.400007503506306,1.8999999999999997,7.400000000000001,69.2,3.0001978962131837,76.99972194950911,1015.7000000000002,1,0,0,1.8999999999999997,0.024544179523141654,69.2,73.2,0,1.431,1.407,13.68,766.0,55,0,,2025-12-26,68.5152469424965,0.8105782644682737,131.48,111.41189157723481,0.51555,0.6322812500000001,0.7514117647058824,0.6153713786764706
2025-12-27_09-44-47_Safari_Storme_EX.csv,14.0,82.71109433962265,33.81683018867925,0.7504307924528302,68298.0,11.0,4.883,3.9415,0.6416,0.021132075471698115,3.628517735849057,0.07625584905660379,0.602,0.204,0.195,26.39997871698113,2.3999999999999995,11.700000000000001,53.39999999999999,15.199970490566036,63.40029977358491,1015.5,1,0,0,2.3999999999999995,0.021132075471698115,53.39999999999999,72.1,0,1.414,1.407,13.68,780.0,56,0,,2025-12-27,62.65554291320755,1.0094112573850749,128.15999999999994,110.21815092272033,0.5195000000000001,0.634140625,0.7548235294117647,0.6184551011029412
2025-12-28_20-47-29_Safari_Storme_EX.csv,13.0,82.80622335890878,31.815004262574597,0.7507583120204604,68311.0,11.0,4.8578,3.9289,0.6448,0.023870417732310314,3.755240409207162,0.08496589940323955,0.579,0.246,0.176,34.499894970161975,4.3,7.5,62.899999999999984,12.400408695652175,68.6996052855925,1010.8999999999997,1,0,0,4.3,0.023870417732310314,62.899999999999984,70.9,0,1.617,1.411,13.67,793.0,57,0,,2025-12-28,67.17309067348678,1.770719067500516,270.4699999999999,110.29677864778947,0.5237,0.636109375,0.7585882352941177,0.6217653400735295
2025-12-29_18-41-47_Safari_Storme_EX.csv,14.0,84.90024405125077,29.99823062843197,0.7502895057962172,68325.0,11.0,4.8357,3.9178,0.6475,0.0774862721171446,6.334951189749848,0.09717144600366077,0.532,0.221,0.247,30.099899694935935,2.1000000000000005,49.5,39.5,17.599531238560097,65.59992892007321,1014.7000000000002,1,1,0,2.1000000000000005,0.0774862721171446,39.5,70.0,0,1.313,1.409,13.68,807.0,58,0,,2025-12-29,60.320101964612576,0.9123535675146829,82.95000000000002,113.1566460617805,0.5273833333333333,0.63784375,0.7617647058823529,0.6246398223039216
2025-12-30_09-44-30_Safari_Storme_EX.csv,14.0,78.22902137232846,28.065579302587174,0.7517312710911136,68339.0,11.0,4.8105,3.9053,0.6507,0.015748031496062992,3.426796400449944,0.06778402699662543,0.596,0.213,0.191,26.300606861642294,2.8,23.0,65.39999999999998,21.500330933633297,52.60035275590551,1014.2999999999997,1,1,0,2.8,0.015748031496062992,65.39999999999998,68.9,0,1.497,1.41,13.68,821.0,59,0,,2025-12-30,63.994632058492684,1.1678749323780737,183.11999999999992,104.06514186749418,0.5315833333333333,0.639796875,0.7655294117647058,0.6279445925245097
2025-12-31_11-54-06_Safari_Storme_EX.csv,14.0,78.91553299492385,26.25248730964467,0.7501797969543147,68353.0,11.0,4.7847,3.8924,0.6539,0.06802030456852792,5.951787817258884,0.10225989847715736,0.574,0.242,0.185,23.100119390862943,4.5,0.10000000000000002,41.10000000000001,7.800078781725887,74.69949340101523,1007.5,1,0,1,4.5,0.06802030456852792,41.10000000000001,67.6,0,1.537,1.412,13.69,835.0,60,0,,2025-12-31,56.40779037563452,1.8690080256876322,184.95000000000005,105.19549222108648,0.5358833333333333,0.6418125000000001,0.7692941176470589,0.631311237745098
2026-01-01_08-31-58_Safari_Storme_EX.csv,14.0,80.96584249084249,24.205311355311355,0.7495839743589744,68366.0,11.0,4.7635,3.8817,0.6566,0.03388278388278388,3.8087490842490848,0.10623992673992674,0.0,0.345,0.655,27.799946153846157,4.1000000000000005,70.39999999999999,54.300000000000004,5.50021108058608,56.89991391941391,1012.0,0,1,0,4.1000000000000005,0.03388278388278388,54.300000000000004,66.8,0,1.265,1.41,13.69,849.0,61,0,,2026-01-01,62.33291047619048,1.6955390482649855,222.63000000000005,108.01437231910204,0.5394166666666667,0.6434843750000001,0.7724705882352941,0.6341038449754902
2026-01-02_18-13-42_Safari_Storme_EX.csv,14.0,84.75415968732553,21.674483528754884,0.7480426577331101,68380.0,11.0,4.7379,3.869,0.6598,0.02065884980457845,3.593514237855947,0.08790117252931322,0.593,0.231,0.176,22.800462981574537,3.2000000000000006,7.299999999999997,61.89999999999998,12.199976381909549,51.40019257398101,1015.6000000000004,1,1,0,3.2000000000000006,0.02065884980457845,61.89999999999998,65.6,0,1.521,1.412,13.7,863.0,62,0,,2026-01-02,65.50717243997767,1.3304763346199047,198.07999999999996,113.30123865417912,0.5436833333333333,0.64546875,0.7762352941176471,0.637446219362745
2026-01-03_12-26-05_Safari_Storme_EX.csv,13.0,83.78124531132782,19.755588897224303,0.7485486121530383,68393.0,11.0,4.7189,3.8594,0.6621,0.019504876219054765,3.7380375093773446,0.10076369092273067,0.0,0.347,0.653,33.70018199549887,3.3,3.0,57.600000000000016,7.099823330832709,54.2999215303826,1010.1000000000003,0,0,0,3.3,0.019504876219054765,57.600000000000016,64.9,0,1.221,1.409,13.69,876.0,63,0,,2026-01-03,65.9106590547637,1.3701847091813852,190.08000000000004,111.92492237791903,0.5468500000000001,0.6469687500000001,0.7789411764705882,0.6399143566176471
2026-01-04_13-01-02_Safari_Storme_EX.csv,14.0,79.04411473788328,18.219584569732937,0.7475286844708209,68407.0,11.0,4.6963,3.8481,0.665,0.017804154302670624,3.453949554896142,0.07732344213649853,0.0,0.349,0.651,21.999655984174083,4.3999999999999995,58.399999999999984,70.10000000000001,12.799793175074184,80.3999009891197,1018.6000000000004,0,1,0,4.3999999999999995,0.017804154302670624,70.10000000000001,64.0,0,1.344,1.408,13.69,890.0,64,0,,2026-01-04,64.95198856577646,1.8097083789239725,308.44,105.74057742525156,0.5506166666666668,0.6487343750000001,0.7823529411764707,0.6428919332107843
2026-01-05_10-24-50_Safari_Storme_EX.csv,14.0,81.45004048582997,15.650040485829958,0.7463553036437247,68421.0,11.0,4.6712,3.8356,0.6681,0.07044534412955465,5.97975951417004,0.12853684210526314,0.511,0.282,0.207,22.59995101214575,3.0,2.6999999999999997,63.0,13.899799190283401,47.30001028340081,1008.5,1,0,0,3.0,0.07044534412955465,63.0,62.8,0,1.492,1.409,13.7,904.0,65,0,,2026-01-05,64.14501044534414,1.2709936882598027,189.0,109.13038346239237,0.5548,0.6506875000000001,0.786,0.646160625
2026-01-06_13-03-54_Safari_Storme_EX.csv,13.0,81.33462686567162,14.394129353233831,0.7468982089552237,68434.0,11.0,4.6465,3.8232,0.6712,0.07960199004975124,6.68642487562189,0.06850945273631841,0.592,0.165,0.243,34.799906567164186,4.1000000000000005,14.099999999999996,62.0,17.799472537313438,85.00014487562188,1013.0,1,0,1,4.1000000000000005,0.07960199004975124,62.0,61.7,0,1.588,1.412,13.69,917.0,66,0,,2026-01-06,66.22729474626864,1.7148839467785364,254.20000000000005,108.89653488317255,0.5589166666666667,0.652625,0.7896470588235295,0.6493971813725491
2026-01-07_17-23-12_Safari_Storme_EX.csv,14.0,83.54986225895317,11.887258953168043,0.7456528925619835,68448.0,11.0,4.6212,3.8106,0.6743,0.022727272727272728,3.688537190082645,0.07332644628099173,0.585,0.218,0.196,26.699948347107437,4.1000000000000005,2.1999999999999997,42.800000000000004,16.499975757575758,54.49987410468319,1006.3999999999999,1,0,0,4.1000000000000005,0.022727272727272728,42.800000000000004,60.5,0,1.501,1.413,13.69,931.0,67,0,,2026-01-07,59.95492079889807,1.6923697111336689,175.48000000000005,112.04926996512383,0.5631333333333333,0.6545937500000001,0.7932941176470588,0.652684675245098
2026-01-08_15-44-24_Safari_Storme_EX.csv,14.0,80.26026694045174,9.831211498973305,0.7447297741273101,68462.0,11.0,4.5974,3.7987,0.6773,0.023613963039014373,3.7770544147843945,0.09221252566735112,0.563,0.236,0.201,30.90017823408624,1.4,66.79999999999998,78.20000000000002,14.500063860369611,66.29951560574949,1016.7999999999998,1,1,0,1.4,0.023613963039014373,78.20000000000002,59.5,0,1.419,1.413,13.7,945.0,68,0,,2026-01-08,69.77016911704312,0.6129484346522438,109.48000000000002,107.77099255163041,0.5670999999999999,0.6564531250000001,0.7968235294117647,0.6558044761029411
2026-01-09_13-28-21_Safari_Storme_EX.csv,13.0,82.80914581535806,7.672217428817947,0.74489516824849,68475.0,11.0,4.5726,3.7863,0.6804,0.022433132010353754,3.6576747195858497,0.06314063848144953,0.61,0.176,0.214,35.20001182053494,4.5,3.6000000000000014,54.69999999999999,13.500035806729938,59.300029335634164,1015.3000000000002,1,0,0,4.5,0.022433132010353754,54.69999999999999,58.4,0,1.589,1.416,13.69,958.0,69,0,,2026-01-09,64.85457527178602,1.8527120447387084,246.14999999999995,111.16885884771065,0.5712333333333333,0.658390625,0.8004705882352942,0.6590476991421569
2026-01-10_08-29-29_Safari_Storme_EX.csv,14.0,82.92788381742739,6.023568464730291,0.7454850622406639,68489.0,11.0,4.5519,3.776,0.683,0.02074688796680498,3.476111203319502,0.1237643153526971,0.547,0.273,0.18,33.699990871369295,1.1,3.5,35.8,5.499905809128631,47.19981850622407,1010.5,1,0,0,1.1,0.02074688796680498,35.8,57.6,0,1.231,1.413,13.69,972.0,70,0,,2026-01-10,58.943940082987545,0.49223645153330264,39.38,111.24016833841789,0.5746833333333334,0.6600000000000001,0.8035294117647059,0.6617556862745099
2026-01-11_08-43-18_Safari_Storme_EX.csv,14.0,83.61616031027796,4.224499030381383,0.7439730446024564,68503.0,11.0,4.5286,3.7643,0.6859,0.0200387847446671,3.5762126696832577,0.0921590174531351,0.559,0.249,0.192,22.900249773755654,3.1000000000000005,8.700000000000001,35.89999999999999,21.30013768584357,77.99950465416937,1007.1000000000001,1,0,0,3.1000000000000005,0.0200387847446671,35.89999999999999,56.5,0,1.387,1.413,13.69,986.0,71,0,,2026-01-11,57.15813010989011,1.2921792731170518,111.28999999999999,112.39138422677456,0.5785666666666667,0.661828125,0.8069411764705882,0.6648018045343137
2026-01-12_07-35-56_Safari_Storme_EX.csv,14.0,73.09472,2.1540800000000004,0.7447872,68517.0,11.0,4.504,3.752,0.689,0.0096,2.8237664,0.09252800000000003,0.579,0.226,0.195,26.799935200000007,2.6,21.5,63.89999999999999,0.8999193600000001,48.89996991999999,1016.5,1,1,0,2.6,0.0096,63.89999999999999,55.4,0,1.467,1.413,13.7,1000.0,72,0,,2026-01-12,61.07734704,1.088244973357016,166.14,98.1417510934667,0.5826666666666667,0.6637500000000001,0.8105882352941176,0.6680262254901961
2026-01-13_12-54-18_Safari_Storme_EX.csv,13.0,74.53606789250354,59.66280056577086,0.7424570014144272,68530.0,11.0,4.4845,3.7423,0.6914,0.015558698727015558,3.3506124469589813,0.10021499292786422,0.0,0.338,0.662,24.700103536067893,3.600000000000001,5.700000000000001,60.7,4.299939886845827,84.59995176803396,1011.2,0,0,0,3.600000000000001,0.015558698727015558,60.7,54.7,0,1.249,1.411,13.69,1013.0,73,0,,2026-01-13,60.41805465346535,1.4908215394751974,218.52000000000007,100.39109032645345,0.5859166666666666,0.665265625,0.8134117647058824,0.6705625765931372
2026-01-14_10-08-53_Safari_Storme_EX.csv,14.0,85.37872093023257,58.36680232558139,0.7402508720930232,68544.0,11.0,4.459,3.7295,0.6946,0.027906976744186046,3.8373523255813953,0.10122732558139534,0.548,0.274,0.178,31.400040058139535,4.9,1.0999999999999999,32.89999999999999,13.600131046511628,81.90027697674418,1018.6000000000001,1,0,0,4.9,0.027906976744186046,32.89999999999999,53.5,0,1.517,1.413,13.69,1027.0,74,0,,2026-01-14,58.83936847674419,2.0160158967752704,161.20999999999998,115.33754859190967,0.5901666666666667,0.6672656250000001,0.8171764705882353,0.6739037530637255
2026-01-15_12-01-18_Safari_Storme_EX.csv,14.0,83.16954624781849,55.818848167539265,0.7422061082024433,68558.0,11.0,4.436,3.718,0.6975,0.08027923211169284,6.80799214659686,0.07805671902268761,0.584,0.197,0.219,37.899939616055846,1.5999999999999999,5.799999999999999,58.89999999999999,11.600003926701568,54.3999780104712,1009.0,1,0,1,1.5999999999999999,0.08027923211169284,58.89999999999999,52.6,0,1.37,1.412,13.7,1041.0,75,0,,2026-01-15,66.83476104712041,0.7171973556039197,94.23999999999998,112.05721069750784,0.5940000000000001,0.6690625000000001,0.8205882352941177,0.6769189338235295
2026-01-16_09-59-33_Safari_Storme_EX.csv,13.0,83.67009724473257,54.10202593192868,0.739164343598055,68571.0,11.0,4.4149,3.7075,0.7001,0.08833063209076175,6.626944084278769,0.08581361426256079,0.604,0.19,0.207,37.19987277147487,2.1000000000000005,55.69999999999999,41.60000000000001,6.3000986223662885,57.90004068071313,1016.0,1,1,0,2.1000000000000005,0.08833063209076175,41.60000000000001,51.7,0,1.35,1.411,13.69,1054.0,76,0,,2026-01-16,61.75502317666127,0.920633392159959,87.36000000000004,113.19552677209623,0.5975166666666667,0.670703125,0.8236470588235294,0.679664525122549
2026-01-17_18-18-48_Safari_Storme_EX.csv,14.0,82.58658265381763,51.90815418828761,0.7382750926612305,68585.0,11.0,4.3859,3.6929,0.7038,0.07635285396590066,6.546759080800593,0.07693476649369903,0.62,0.165,0.216,24.300192661230543,4.600000000000001,12.099999999999996,79.39999999999998,3.4000226093402524,46.49967924388436,1017.0,1,0,0,4.600000000000001,0.07635285396590066,79.39999999999998,50.3,0,1.73,1.416,13.69,1068.0,77,0,,2026-01-17,69.97332985915492,1.9161418164763495,365.24,111.86424068042321,0.6023499999999999,0.6729843750000001,0.828,0.68348453125
2026-01-18_18-01-42_Safari_Storme_EX.csv,14.0,82.5450354609929,50.41737588652482,0.7397373226950356,68599.0,11.0,4.3645,3.6822,0.7064,0.022163120567375887,3.5297659574468083,0.08156117021276595,0.0,0.433,0.567,35.09989627659575,3.5,5.5,60.3,16.600506294326237,53.50019308510638,1011.1000000000003,0,0,0,3.5,0.022163120567375887,60.3,49.4,0,1.274,1.414,13.7,1082.0,78,0,,2026-01-18,66.3824969858156,1.454689512174711,211.04999999999998,111.58695516438469,0.6059166666666667,0.6746562500000001,0.8310588235294118,0.6862610600490197
2026-01-19_17-09-50_Safari_Storme_EX.csv,13.0,80.05169491525425,48.09650423728812,0.7386352754237289,68612.0,11.0,4.3478,3.6739,0.7085,0.024364406779661018,3.5273898305084743,0.10006779661016948,0.0,0.325,0.675,31.600166419491533,2.1999999999999993,28.300000000000008,37.2,15.300391101694917,48.49975233050847,1018.2000000000003,0,1,0,2.1999999999999993,0.024364406779661018,37.2,48.9,0,1.072,1.41,13.69,1095.0,79,0,,2026-01-19,57.505880741525424,0.9357460387135202,81.83999999999997,108.37783893997133,0.6087,0.6759531249999999,0.833529411764706,0.6884459466911764
2026-01-20_20-56-11_Safari_Storme_EX.csv,14.0,83.42610169491526,46.072406779661016,0.7373753220338983,68626.0,11.0,4.3199,3.66,0.712,0.09220338983050848,7.042437966101696,0.08691118644067798,0.574,0.191,0.235,24.600097084745762,4.0,7.6,78.70000000000002,19.500398237288135,51.7999820338983,1018.7,1,0,0,4.0,0.09220338983050848,78.70000000000002,47.6,0,1.658,1.413,13.69,1109.0,80,0,,2026-01-20,70.24307026440678,1.683178723926833,314.80000000000007,113.139264635005,0.6133500000000001,0.6781250000000001,0.8376470588235294,0.6920955147058825
2026-01-21_20-04-32_Safari_Storme_EX.csv,14.0,84.27595491546651,43.83274890419536,0.7369083907326237,68640.0,11.0,4.2938,3.6469,0.7153,0.026299311208515967,3.9121653099561677,0.08185034439574201,0.554,0.238,0.208,26.300213149655605,4.0,79.20000000000002,58.5,6.3998137758296805,81.49979881026927,1011.8,1,1,0,4.0,0.026299311208515967,58.5,46.4,0,1.555,1.415,13.7,1123.0,81,0,,2026-01-21,64.94802008766437,1.6570985125033422,234.0,114.36422216834927,0.6176999999999999,0.6801718750000001,0.841529411764706,0.6955225091911764
2026-01-22_16-05-11_Safari_Storme_EX.csv,13.0,85.11216049382716,41.914382716049374,0.7335795061728395,68653.0,11.0,4.2703,3.6351,0.7182,0.020370370370370372,3.656924691358025,0.09453888888888888,0.583,0.24,0.178,32.49986308641975,4.799999999999999,14.300000000000002,31.5,2.5998980246913583,78.2001413580247,1018.8999999999997,1,0,0,4.799999999999999,0.020370370370370372,31.5,45.3,0,1.509,1.416,13.69,1136.0,82,0,,2026-01-22,58.506052864197535,1.9749832651188526,151.19999999999996,116.02308921887165,0.6216166666666667,0.682015625,0.8449411764705882,0.6985874295343137
2026-01-23_07-38-33_Safari_Storme_EX.csv,14.0,83.69973333333333,39.95093333333333,0.7365937333333334,68667.0,11.0,4.2523,3.6262,0.7205,0.024,3.5969233333333337,0.09204866666666665,0.0,0.444,0.556,25.699764333333334,1.5,7.200000000000003,39.5,17.0001342,80.80031293333333,1010.0,0,0,0,1.5,0.024,39.5,44.7,0,1.068,1.411,13.69,1150.0,83,0,,2026-01-23,58.83981953333333,0.6566333701761401,59.25,113.63079747442866,0.6246166666666666,0.68340625,0.8476470588235294,0.700950618872549
2026-01-24_15-05-28_Safari_Storme_EX.csv,14.0,80.4843648208469,38.00988056460369,0.7376684039087948,68681.0,11.0,4.2338,3.6169,0.7228,0.051031487513572206,5.221581976112921,0.08795656894679696,0.0,0.235,0.765,35.299892182410424,1.0999999999999999,5.299999999999999,76.39999999999999,15.200337676438652,43.90003257328989,1013.5,0,0,1,1.0999999999999999,0.051031487513572206,76.39999999999999,44.0,0,1.101,1.408,13.69,1164.0,84,0,,2026-01-24,70.22216084690554,0.50765148205725,84.03999999999998,109.10642830080869,0.6277000000000001,0.684859375,0.8503529411764706,0.7033690165441178
2026-01-25_16-23-07_Safari_Storme_EX.csv,13.0,81.55057915057914,36.40781853281853,0.7341650579150579,68694.0,11.0,4.2143,3.6072,0.7252,0.0637065637065637,5.703430501930501,0.12266891891891893,0.0,0.334,0.666,34.20020617760617,3.3999999999999986,7.200000000000003,61.89999999999998,2.1001244208494207,83.8998974903475,1008.6000000000004,0,0,1,3.3999999999999986,0.0637065637065637,61.89999999999998,43.2,0,1.247,1.406,13.69,1177.0,85,0,,2026-01-25,66.1853308108108,1.432940091728502,210.45999999999984,111.07935234914768,0.6309500000000001,0.686375,0.8531764705882353,0.7059053676470589
2026-01-26_09-10-29_Safari_Storme_EX.csv,14.0,82.42699335548173,33.67616279069768,0.7334769933554817,68708.0,11.0,4.191,3.5955,0.7281,0.019933554817275746,3.6663654485049832,0.06834634551495017,0.594,0.218,0.188,30.59984725913621,2.1999999999999997,72.10000000000001,52.100000000000016,19.800052823920268,46.80004725913622,1012.1999999999998,1,1,0,2.1999999999999997,0.019933554817275746,52.100000000000016,42.2,0,1.392,1.406,13.69,1191.0,86,0,,2026-01-26,62.96346612956811,0.9356947294907374,114.62000000000002,112.37843054680961,0.6348333333333334,0.688203125,0.8565882352941177,0.7089514859068627
2026-01-27_11-46-15_Safari_Storme_EX.csv,14.0,80.97967145790555,32.41447638603696,0.7340109856262833,68722.0,11.0,4.1674,3.5837,0.7311,0.0646817248459959,5.864086242299796,0.11065708418891171,0.531,0.24,0.229,34.599853182751545,1.8999999999999997,14.0,64.79999999999998,20.0000249486653,79.19950544147844,1017.0,1,0,0,1.8999999999999997,0.0646817248459959,64.79999999999998,41.2,0,1.402,1.406,13.69,1205.0,87,0,,2026-01-27,66.84980636550307,0.8338642434249846,123.11999999999995,110.32487666218091,0.6387666666666667,0.6900468750000001,0.8601176470588235,0.7120524846813726
2026-01-28_21-08-17_Safari_Storme_EX.csv,13.0,78.16417112299466,29.869732620320857,0.733956577540107,68735.0,11.0,4.1455,3.5728,0.7338,0.0213903743315508,3.3050577540106953,0.1257229946524064,0.557,0.276,0.167,22.599860213903742,1.6999999999999995,14.0,65.79999999999998,17.099919465240642,59.600251122994656,1018.5,1,0,0,1.6999999999999995,0.0213903743315508,65.79999999999998,40.3,0,1.405,1.406,13.69,1218.0,88,0,,2026-01-28,63.342057604278075,0.7368012347645825,111.85999999999994,106.49699657296604,0.6424166666666666,0.6917500000000001,0.8632941176470589,0.7149026960784314
2026-01-29_15-38-41_Safari_Storme_EX.csv,14.0,85.40017846519929,28.061213563355142,0.733419750148721,68749.0,11.0,4.1183,3.5591,0.7372,0.018441403926234383,3.6474747174301014,0.10402974419988102,0.579,0.265,0.156,33.00021481261154,3.7999999999999994,6.900000000000001,71.79999999999998,18.000123140987508,40.69991641879834,1012.2999999999998,1,0,0,3.7999999999999994,0.018441403926234383,71.79999999999998,39.0,0,1.621,1.408,13.69,1232.0,89,0,,2026-01-29,70.84013219512195,1.5759402893222358,272.8399999999999,116.44106727134368,0.6469500000000001,0.6938906250000001,0.8672941176470588,0.7184652481617648
2026-01-30_17-52-00_Safari_Storme_EX.csv,14.0,84.51204220980757,26.3790192427064,0.7329234636871508,68763.0,11.0,4.0972,3.5486,0.7398,0.025450031036623216,3.764529484792054,0.08861887026691495,0.0,0.382,0.618,27.800046182495343,3.3999999999999986,16.099999999999994,61.5,1.4996745499689634,62.999838609559276,1015.7000000000002,0,1,0,3.3999999999999986,0.025450031036623216,61.5,38.1,0,1.255,1.406,13.69,1246.0,90,0,,2026-01-30,66.26603034140285,1.4189938364896268,209.0999999999999,115.30814115930887,0.6504666666666667,0.69553125,0.8703529411764707,0.7212108394607843
2026-01-31_11-30-29_Safari_Storme_EX.csv,13.0,79.0637605042017,23.798949579831934,0.7309899159663866,68776.0,11.0,4.0748,3.5374,0.7427,0.025210084033613446,3.5059737394957984,0.1041344537815126,0.593,0.255,0.151,26.099834453781515,3.299999999999999,69.29999999999997,38.899999999999984,9.50020262605042,64.19974905462186,1012.5,1,1,0,3.299999999999999,0.025210084033613446,38.899999999999984,37.2,0,1.436,1.407,13.68,1259.0,91,0,,2026-01-31,56.421847142857146,1.3791661971552138,128.36999999999992,108.1598511515408,0.6542000000000001,0.6972812500000001,0.873764705882353,0.7241696139705883
2026-02-01_12-08-24_Safari_Storme_EX.csv,14.0,86.37539215686274,21.69985294117647,0.7312148529411765,68790.0,11.0,4.0574,3.5287,0.7448,0.07892156862745098,6.473800980392157,0.10438333333333334,0.0,0.242,0.758,30.900183235294115,1.3999999999999995,5.799999999999998,46.20000000000002,14.199816519607843,42.60008867647059,1007.1000000000003,0,0,0,1.3999999999999995,0.07892156862745098,46.20000000000002,36.5,0,1.034,1.403,13.69,1273.0,92,0,,2026-02-01,63.2277327254902,0.6408612779167958,64.67999999999999,118.12587204627164,0.6571,0.698640625,0.8762352941176471,0.7264230422794118
2026-02-02_09-16-08_Safari_Storme_EX.csv,14.0,85.66745801968733,19.949218297625944,0.7288518818760857,68804.0,11.0,4.0329,3.5164,0.7479,0.0225825130283729,3.8808291835552984,0.07777996525767226,0.552,0.229,0.219,33.89975471916618,3.8999999999999995,4.5,40.60000000000001,18.90031569195136,50.49994145917776,1018.5,1,0,0,3.8999999999999995,0.0225825130283729,40.60000000000001,35.4,0,1.461,1.403,13.69,1287.0,93,0,,2026-02-02,61.7936799536769,1.6186251101482432,158.34,117.53754109707013,0.6611833333333335,0.7005625,0.8798823529411766,0.7296407965686275
2026-02-03_08-23-31_Safari_Storme_EX.csv,13.0,83.17773311897106,17.936173633440514,0.7282286977491962,68817.0,11.0,4.0107,3.5054,0.7507,0.022508038585209004,3.582601286173633,0.1367805466237942,0.498,0.312,0.19,33.59976229903537,3.1999999999999997,38.39999999999999,44.5,14.899680707395497,83.39909879421222,1012.1999999999998,1,1,0,3.1999999999999997,0.022508038585209004,44.5,34.5,0,1.42,1.403,13.68,1300.0,94,0,,2026-02-03,61.65881901929261,1.338869822260822,142.39999999999998,114.21924647580654,0.6648833333333333,0.7022812500000001,0.8831764705882353,0.7325458884803921
2026-02-04_09-27-54_Safari_Storme_EX.csv,14.0,84.02977425259304,16.04215985356925,0.7279811470408786,68831.0,11.0,3.9821,3.491,0.7542,0.023184868822452714,3.8425784014643076,0.09912385600976205,0.572,0.25,0.178,22.29998682123246,4.799999999999999,1.0999999999999999,72.89999999999999,0.9997476510067114,72.50004460036607,1018.5,1,0,0,4.799999999999999,0.023184868822452714,72.89999999999999,33.2,0,1.705,1.407,13.69,1314.0,95,0,,2026-02-04,68.34488449054301,1.9794987033111058,349.9199999999999,115.42850332616442,0.6696500000000001,0.70453125,0.8872941176470588,0.7362694669117646
2026-02-05_17-56-17_Safari_Storme_EX.csv,14.0,82.14074427480917,13.799045801526718,0.7285608778625954,68845.0,11.0,3.9585,3.4792,0.7572,0.02480916030534351,3.615865458015267,0.09012595419847329,0.57,0.246,0.184,36.900156965648854,2.1999999999999997,3.100000000000001,56.100000000000016,14.199972519083968,44.20037948473282,1009.5,1,0,0,2.1999999999999997,0.02480916030534351,56.100000000000016,32.1,0,1.405,1.407,13.69,1328.0,96,0,,2026-02-05,65.28040353053436,0.9404478525773603,123.42000000000002,112.74383070881922,0.6735833333333334,0.706375,0.8908235294117647,0.7393704656862745
2026-02-06_09-56-20_Safari_Storme_EX.csv,13.0,82.7385065885798,12.569546120058565,0.727350439238653,68858.0,11.0,3.9365,3.4682,0.7599,0.027086383601756955,3.774169106881405,0.11348389458272329,0.0,0.358,0.642,24.6001527818448,5.0,11.0,74.89999999999998,6.099969033674964,81.7998083455344,1008.3000000000001,0,0,0,5.0,0.027086383601756955,74.89999999999998,31.2,0,1.41,1.407,13.68,1341.0,97,0,,2026-02-06,68.75928385065885,2.0616411074861745,374.4999999999999,113.75329157040935,0.6772499999999999,0.70809375,0.894,0.7422328125
2026-02-07_15-29-45_Safari_Storme_EX.csv,14.0,82.76083481349912,9.779751332149202,0.7263920071047958,68872.0,11.0,3.9112,3.4556,0.7631,0.02575488454706927,3.612109236234458,0.1448214920071048,0.521,0.301,0.178,36.499600444049726,4.7,11.0,35.300000000000004,18.700116341030196,82.90010985790407,1010.0,1,0,0,4.7,0.02575488454706927,35.300000000000004,30.1,0,1.506,1.408,13.69,1355.0,98,0,,2026-02-07,59.27033749555951,1.9414371552915217,165.91000000000003,113.9341209760301,0.6814666666666667,0.7100625,0.897764705882353,0.745549718137255
2026-02-08_18-05-06_Safari_Storme_EX.csv,14.0,85.8447280799112,7.93912319644839,0.7267295227524972,68886.0,11.0,3.8855,3.4427,0.7663,0.02719200887902331,3.7401992230854604,0.07883906770255271,0.615,0.221,0.164,33.10002264150943,3.2,14.699999999999998,61.60000000000002,13.000136570477247,66.9001217536071,1013.2000000000002,1,0,0,3.2,0.02719200887902331,61.60000000000002,28.9,1,1.53,1.409,13.69,1369.0,99,0,,2026-02-08,68.0223685682575,1.3423502303950017,197.1200000000001,118.12472920430315,0.6857500000000001,0.7120781250000001,0.9015294117647059,0.7489096966911766
2026-02-09_08-41-52_Safari_Storme_EX.csv,13.0,79.56630196936543,6.370787746170678,0.7257281181619255,68899.0,11.0,3.8629,3.4314,0.7691,0.015317286652078774,3.1122516411378554,0.08832822757111597,0.58,0.221,0.199,31.099727133479213,2.3999999999999995,8.5,63.5,0.10042352297592999,52.09997713347922,1007.2999999999998,1,0,0,2.3999999999999995,0.015317286652078774,63.5,28.0,1,1.448,1.409,13.68,1382.0,100,0,,2026-02-09,65.05309641137856,1.0179014881677821,152.39999999999998,109.63651535355349,0.6895166666666668,0.7138437500000001,0.9048235294117647,0.7518578615196079
2026-02-10_08-49-14_Safari_Storme_EX.csv,14.0,72.52611570247934,4.171900826446281,0.7271981818181817,68913.0,11.0,3.8385,3.4193,0.7722,0.023140495867768594,3.633553719008265,0.11460495867768594,0.545,0.281,0.174,26.800215537190084,4.0,6.700000000000001,33.60000000000001,11.600284958677685,52.20024,1007.6999999999998,1,0,0,4.0,0.023140495867768594,33.60000000000001,26.9,1,1.45,1.41,13.69,1396.0,101,0,,2026-02-10,51.703100958677695,1.6613598846829156,134.40000000000003,99.7336317881674,0.6935833333333334,0.715734375,0.9084705882352941,0.7550580116421569
2026-02-11_19-12-47_Safari_Storme_EX.csv,14.0,73.88433931484504,2.321859706362153,0.725815823817292,68927.0,11.0,3.8157,3.4079,0.775,0.01794453507340946,2.8956737357259374,0.10835399673735725,0.563,0.199,0.238,30.599956933115823,3.0,10.1,34.1,11.700104404567702,40.400144045676996,1013.4,1,0,0,3.0,0.01794453507340946,34.1,25.9,1,1.358,1.409,13.69,1410.0,102,0,,2026-02-11,53.29216104404568,1.2595928361747106,102.30000000000001,101.79488637525733,0.6973833333333332,0.717515625,0.911764705882353,0.7580249785539217
2026-02-12_11-41-36_Safari_Storme_EX.csv,13.0,83.52286931818183,60.08735795454545,0.7252987215909091,68940.0,11.0,3.7965,3.3983,0.7774,0.026988636363636364,3.769458806818182,0.09541761363636364,0.0,0.426,0.574,28.500066832386366,4.299999999999999,1.1999999999999997,35.0,3.400076065340909,83.40021519886363,1009.5,0,0,0,4.299999999999999,0.026988636363636364,35.0,25.1,1,1.231,1.408,13.68,1423.0,103,0,,2026-02-12,57.96144802556819,1.7834755546376444,150.49999999999997,115.1565097688002,0.7005833333333333,0.719015625,0.9145882352941177,0.7605358609068628
2026-02-13_09-42-26_Safari_Storme_EX.csv,14.0,81.93359436178544,58.35301487862177,0.721844479248238,68954.0,11.0,3.7708,3.3854,0.7806,0.07909162098668755,6.110826155050901,0.0885113547376664,0.608,0.192,0.2,23.600083163664838,4.899999999999999,18.599999999999994,32.0,11.200265857478465,55.20002756460455,1006.1999999999999,1,1,0,4.899999999999999,0.07909162098668755,32.0,24.0,1,1.53,1.409,13.69,1437.0,104,0,,2026-02-13,55.286813813625685,2.0446757912821254,156.79999999999995,113.5058821078951,0.7048666666666668,0.72103125,0.9183529411764706,0.7638958394607844
2026-02-14_09-53-56_Safari_Storme_EX.csv,14.0,81.38251748251747,55.76063936063936,0.7236077922077923,68968.0,11.0,3.7449,3.3725,0.7839,0.0939060939060939,6.609265734265734,0.07474025974025973,0.576,0.181,0.243,35.1998007992008,3.7000000000000006,2.899999999999999,59.20000000000001,9.89988061938062,49.29971278721278,1009.7999999999998,1,0,0,3.7000000000000006,0.0939060939060939,59.20000000000001,22.8,1,1.541,1.41,13.69,1451.0,105,0,,2026-02-14,65.4912189010989,1.5709684030087783,219.04000000000008,112.46771850564532,0.7091833333333333,0.7230468750000001,0.9222352941176472,0.7672985631127451
2026-02-15_17-33-01_Safari_Storme_EX.csv,14.0,76.65141388174807,53.98611825192802,0.7228650385604113,68982.0,11.0,3.7259,3.363,0.7863,0.021850899742930592,3.4006876606683805,0.11422107969151671,0.0,0.464,0.536,27.599917737789205,2.600000000000001,12.599999999999994,35.10000000000001,21.799875964010287,78.20007956298201,1009.7999999999998,0,0,0,2.600000000000001,0.021850899742930592,35.10000000000001,22.1,1,1.131,1.407,13.69,1465.0,106,0,,2026-02-15,54.37569048843188,1.102418665809838,91.26000000000006,106.0383471227211,0.71235,0.7245312500000001,0.9250588235294118,0.7697906433823529
2026-02-16_11-04-12_Safari_Storme_EX.csv,13.0,81.28147465437787,52.03778801843318,0.721186267281106,68995.0,11.0,3.7069,3.3534,0.7886,0.07004608294930875,6.146358525345621,0.0737668202764977,0.0,0.185,0.815,29.99977391705069,4.3999999999999995,14.799999999999999,50.199999999999996,4.6997009216589865,70.89984202764978,1009.8999999999997,0,0,0,4.3999999999999995,0.07004608294930875,50.199999999999996,21.3,1,1.221,1.406,13.69,1478.0,107,0,,2026-02-16,61.70069211059907,1.8419718713625715,220.87999999999997,112.70524459764256,0.7155166666666666,0.72603125,0.9277647058823529,0.7722587806372548
2026-02-17_17-11-35_Safari_Storme_EX.csv,14.0,83.35945945945946,50.0587440381558,0.7219756756756757,69009.0,11.0,3.6821,3.341,0.7917,0.08664546899841018,6.506609697933226,0.07379968203497615,0.564,0.17,0.266,34.199960174880765,2.5,6.200000000000002,70.3,9.500036248012718,49.39985993640699,1012.2,1,0,0,2.5,0.08664546899841018,70.3,20.2,1,1.476,1.406,13.69,1492.0,108,0,,2026-02-17,69.60972176470588,1.0889750176691613,175.75,115.46020491818621,0.7196499999999999,0.72796875,0.9314117647058824,0.7755020036764706
2026-02-18_18-02-04_Safari_Storme_EX.csv,14.0,85.45465181058496,48.176991643454045,0.7207181615598884,69023.0,11.0,3.6628,3.3314,0.7942,0.10250696378830083,7.108219498607243,0.07301671309192201,0.0,0.183,0.817,29.400163064066852,4.100000000000001,3.799999999999999,33.60000000000001,4.9001877994428975,59.99980913649025,1008.7000000000003,0,0,0,4.100000000000001,0.10250696378830083,33.60000000000001,19.4,1,1.147,1.404,13.69,1506.0,109,0,,2026-02-18,58.68735851810586,1.7356058214441186,137.76000000000008,118.56875040533312,0.7228666666666668,0.7294687500000001,0.9343529411764706,0.7780489644607844
2026-02-19_14-37-51_Safari_Storme_EX.csv,13.0,79.93501984126983,46.013392857142854,0.8315304563492064,69036.0,12.0,3.6402,3.3201,0.0228,0.061507936507936505,5.598942460317461,0.11196329365079366,0.524,0.237,0.239,26.999991567460317,3.899999999999999,14.800000000000004,39.0,2.9999922619047616,81.39972371031746,1013.1000000000003,1,0,1,3.899999999999999,0.061507936507936505,39.0,71.1,0,1.449,1.404,13.68,1519.0,110,1,oil_change|battery_replacement,2026-02-19,57.067508234126976,1.639545210755034,152.09999999999997,96.12999647928785,0.7266333333333332,0.7312343750000001,0.026823529411764708,0.5532912469362746
2026-02-20_16-35-07_Safari_Storme_EX.csv,14.0,81.89200680272108,44.28775510204082,0.8302780612244898,69050.0,12.0,3.6197,3.3099,0.0254,0.0195578231292517,3.6261020408163267,0.06219897959183675,0.0,0.285,0.715,28.59998843537415,4.7,4.8999999999999995,37.800000000000004,12.400209353741497,64.59994608843537,1007.6999999999998,0,0,0,4.7,0.0195578231292517,37.800000000000004,70.3,0,1.219,1.403,13.69,1533.0,111,0,,2026-02-20,58.006001088435376,1.9430763270305222,177.66000000000003,98.63202537466445,0.7300500000000001,0.732828125,0.02988235294117647,0.5559804319852941
2026-02-21_09-53-57_Safari_Storme_EX.csv,14.0,80.24287343215508,42.44823261117447,0.8318493728620295,69064.0,12.0,3.5948,3.2974,0.0285,0.06157354618015964,6.147574686431015,0.09461345496009121,0.553,0.223,0.223,36.700095667046746,4.1000000000000005,44.0,40.699999999999996,9.299808893956671,58.599867958950966,1018.2999999999998,1,1,0,4.1000000000000005,0.06157354618015964,40.699999999999996,69.2,0,1.484,1.403,13.69,1547.0,112,0,,2026-02-21,59.67145584948689,1.7202653370210794,166.87,96.46322525444057,0.7342,0.7347812499999999,0.033529411764705884,0.5592357904411766
2026-02-22_17-48-59_Safari_Storme_EX.csv,13.0,79.44889918887601,39.661761297798385,0.8323128621089224,69077.0,12.0,3.577,3.2885,0.0307,0.023174971031286212,3.536740440324449,0.08742062572421785,0.0,0.304,0.696,33.799696407879495,3.2999999999999994,75.5,38.5,21.600771494785633,68.09992282734648,1012.7999999999998,0,1,0,3.2999999999999994,0.023174971031286212,38.5,68.5,0,1.14,1.401,13.68,1560.0,113,0,,2026-02-22,58.03438887601391,1.3851827644818462,127.04999999999998,95.45557062228694,0.7371666666666667,0.736171875,0.03611764705882353,0.5615562346813725
2026-02-23_13-24-29_Safari_Storme_EX.csv,14.0,80.43735891647856,38.22268623024831,0.8329033860045146,69091.0,12.0,3.5532,3.2766,0.0337,0.020316027088036117,3.4081444695259595,0.06850564334085779,0.624,0.187,0.188,37.00021196388262,1.5999999999999999,2.6999999999999997,69.5,4.100153386004515,65.09962641083521,1013.2000000000002,1,0,0,1.5999999999999999,0.020316027088036117,69.5,67.5,0,1.418,1.401,13.69,1574.0,114,0,,2026-02-23,68.4687218510158,0.704413701165058,111.19999999999999,96.57465711880604,0.7411333333333334,0.73803125,0.03964705882352942,0.5646760355392157
2026-02-24_11-23-27_Safari_Storme_EX.csv,14.0,75.90531335149863,35.79577656675749,0.8327226158038148,69105.0,12.0,3.527,3.2635,0.037,0.021798365122615803,3.375207084468665,0.110708446866485,0.563,0.255,0.183,27.899841825613077,4.5,4.3999999999999995,47.89999999999999,6.099961444141689,59.99964536784741,1013.7,1,0,0,4.5,0.021798365122615803,47.89999999999999,66.3,0,1.557,1.403,13.69,1588.0,115,0,,2026-02-24,57.90262504087193,1.8654247614162138,215.54999999999995,91.1531786346746,0.7455,0.740078125,0.04352941176470588,0.5681096966911764
2026-02-25_17-27-06_Safari_Storme_EX.csv,13.0,84.63756038647342,34.39251207729468,0.834005917874396,69118.0,12.0,3.5042,3.2521,0.0398,0.09178743961352658,6.628830917874396,0.10436231884057971,0.572,0.229,0.199,27.10003653381643,3.100000000000001,74.0,49.5,8.299937741545893,59.40037989130435,1012.0,1,1,0,3.100000000000001,0.09178743961352658,49.5,65.3,0,1.462,1.403,13.68,1601.0,116,0,,2026-02-25,62.5887875,1.3337893437467865,153.45000000000005,101.48316525401455,0.7493000000000001,0.741859375,0.04682352941176471,0.5710766636029412
2026-02-26_20-13-09_Safari_Storme_EX.csv,14.0,81.61202945990179,31.706301145662845,0.8356420621931261,69132.0,12.0,3.4784,3.2392,0.0431,0.024549918166939442,3.966778232405892,0.11053273322422258,0.553,0.263,0.184,24.500014075286416,3.5,2.5,62.300000000000004,13.399983142389527,67.80013559738133,1017.3000000000001,1,0,0,3.5,0.024549918166939442,62.300000000000004,64.1,0,1.538,1.404,13.69,1615.0,117,0,,2026-02-26,64.39601754500818,1.4673176673587722,218.05,97.66386010502228,0.7535999999999999,0.7438750000000001,0.05070588235294118,0.5744727205882353
2026-02-27_20-58-01_Safari_Storme_EX.csv,14.0,85.57981318111054,29.98427607680332,0.8342104826154645,69146.0,12.0,3.456,3.228,0.0459,0.020238713025428127,3.7780648676699533,0.09407109496626881,0.578,0.245,0.177,26.19981795537104,1.1999999999999997,0.6999999999999998,58.39999999999998,19.29999626362221,74.20023513233005,1012.7999999999998,1,0,0,1.1999999999999997,0.020238713025428127,58.39999999999998,63.1,0,1.334,1.404,13.69,1629.0,118,0,,2026-02-27,65.54987018162947,0.5459658555805416,70.07999999999996,102.58779404544978,0.7573333333333333,0.745625,0.054000000000000006,0.5774020833333332
2026-02-28_16-54-08_Safari_Storme_EX.csv,14.0,84.37081310679612,27.935800970873785,0.8356837985436892,69160.0,12.0,3.4311,3.2156,0.049,0.022451456310679612,3.544986043689321,0.10469356796116505,0.527,0.267,0.206,25.099916565533984,3.6000000000000005,7.0,50.8,21.800208737864082,46.9002375606796,1015.6000000000001,1,0,0,3.6000000000000005,0.022451456310679612,50.8,62.0,0,1.481,1.404,13.69,1643.0,119,0,,2026-02-28,62.44538986650486,1.5072709267287547,182.88000000000002,100.96021157024411,0.7614833333333334,0.7475625000000001,0.05764705882352941,0.5806519730392158
2026-03-19_19-44-48_Safari_Storme_EX.csv,3.39,87.20083682008368,0.0,1.0,69406.0,12.0,3.4227,3.2113,0.05,0.0041841004184100415,40.252757975329025,0.23446211232164793,0.937,0.059,0.004,25.0,8.605899581589957,40.0,50.0,0.0,50.0,1013.0,1,0,0,8.605899581589957,0.0041841004184100415,50.0,62.0,0,2.077,1.406,13.61,1646.39,120,0,,2026-03-19,63.60041841004184,3.5024668733350905,430.29497907949786,87.20083682008368,0.7628833333333334,0.748234375,0.05882352941176471,0.5817412469362745
2026-03-19_1935_Safari_Storme_EX.csv,2.05,84.1340206185567,0.614213058419244,0.9800000000000002,69397.05,12.0,3.4134,3.2067,0.0512,6.158075601374571,3.4582508591065295,0.34284536082474226,0.56,0.44,0.0,32.99243986254295,7.109312714776632,8.0,68.79072164948454,3.0006872852233677,22.831615120274915,1006.5109965635737,1,0,0,7.109312714776632,6.158075601374571,68.79072164948454,61.9,0,3.749,1.409,13.51,1648.44,121,0,,2026-03-19,69.3027147766323,5.365547932073653,489.05475208134055,85.85104144750682,0.7644333333333333,0.748953125,0.06023529411764706,0.5829657506127451
2026-03-20_11-40-25_Safari_Storme_EX.csv,1.0,78.88888888888889,0.0,0.8840000000000001,69406.0,12.0,3.379,3.1895,0.0555,108.46647008547008,15.276384615384615,0.5998205128205126,0.786,0.214,0.0,25.0,4.363846153846153,0.0,50.0,0.0,50.0,1013.0,1,0,0,4.363846153846153,108.46647008547008,50.0,60.1,0,28.735,1.425,13.41,1649.44,122,0,,2026-03-20,59.44444444444444,45.1913156049304,218.19230769230765,89.24082453494216,0.7701666666666667,0.7516406250000001,0.06529411764705882,0.5874644148284314
2026-03-20_1140_Safari_Storme_EX.csv,1.0,78.88888888888889,0.54708547008547,0.9800000000000004,69450.79,12.0,3.376,3.188,0.0559,4.034188034188034,2.7279914529914526,0.35570085470085466,0.462,0.487,0.051,30.987179487179482,4.363846153846153,8.0,46.199999999999996,3.134188034188034,25.996581196581204,1006.5470085470085,2,0,0,4.363846153846153,4.034188034188034,46.199999999999996,60.4,0,2.495,1.426,13.31,1650.44,123,0,,2026-03-20,59.50188034188034,3.4184553813748124,201.60969230769226,80.49886621315189,0.7706666666666667,0.751875,0.06576470588235295,0.587864093137255
2026-03-21_17-25-59_Safari_Storme_EX.csv,6.0,77.11210191082803,0.0,0.0,69412.0,12.0,3.3669,3.1834,0.057,0.0,2.776883790227163,0.28242038216560506,0.033,0.59,0.377,25.0,3.0,0.0,50.0,0.0,50.0,1013.0,2,0,0,3.0,0.0,50.0,60.3,0,1.265,1.425,13.25,1656.44,124,0,,2026-03-21,58.556050955414015,1.2594018236359859,150.0,771.1210191082803,0.7721833333333333,0.7525937500000001,0.06705882352941177,0.5890458517156862
2026-03-29_18-20-21_Safari_Storme_EX.csv,7.0,82.57754800590843,0.0,0.0,69422.0,12.0,3.3564,3.1782,0.0583,0.004431314623338257,4.008212669134078,0.13667499003540362,0.065,0.477,0.458,29.0,3.0,0.0,50.0,5.916395864106354,64.29098966026588,1008.0,2,3,0,3.0,0.004431314623338257,50.0,60.1,0,1.247,1.425,13.2,1663.44,125,0,,2026-03-29,62.08877400295421,1.261360179287543,150.0,825.7754800590842,0.7739333333333334,0.75340625,0.06858823529411764,0.5904125796568628
2026-03-29_19-04-55_Safari_Storme_EX.csv,4.0,93.97689075630252,0.0,0.0,69426.0,12.0,3.3504,3.1752,0.0591,0.004201680672268907,3.9555029465149727,0.14705882352941177,0.067,0.492,0.441,30.912605042016814,3.0,0.0,50.0,5.821008403361343,30.563025210084035,1008.4789915966387,2,0,0,3.0,0.004201680672268907,50.0,60.2,0,1.253,1.424,13.13,1667.44,126,0,,2026-03-29,68.17096638655462,1.2613750371208656,150.0,939.7689075630252,0.7749333333333334,0.7538750000000001,0.06952941176470588,0.5912119362745099
2026-03-31_21-06-59_Safari_Storme_EX.csv,8.0,91.85243741765481,0.0,0.0,69434.0,12.0,3.3382,3.1691,0.0606,0.005270092226613966,3.626003670084291,0.0987912248781814,0.087,0.494,0.419,27.9,3.0,0.0,50.0,3.5,41.76943346508564,1010.0,2,0,0,3.0,0.005270092226613966,50.0,59.9,0,1.264,1.423,13.09,1675.44,127,0,,2026-03-31,66.5062187088274,1.2620205646001899,150.0,918.5243741765481,0.7769666666666667,0.7548281250000001,0.07129411764705883,0.5928000398284313
2026-04-01_21-02-44_Safari_Storme_EX.csv,13.0,86.38627450980393,0.0,0.0,69447.0,12.0,3.3187,3.1594,0.063,0.0029411764705882353,3.7824392593962717,0.11647058823529412,0.125,0.387,0.487,26.89941176470589,3.0,0.0,50.0,4.216176470588234,65.84117647058824,1011.0,0,0,0,3.0,0.0029411764705882353,50.0,59.0,0,1.25,1.422,13.09,1688.44,128,0,,2026-04-01,63.57301960784314,1.2614410320128897,150.0,863.8627450980392,0.7802166666666667,0.75634375,0.07411764705882354,0.5953363909313726
2026-04-02_13-18-19_Safari_Storme_EX.csv,8.0,88.89617940199335,0.0,0.0,69455.0,12.0,3.3062,3.1531,0.0646,0.0049833887043189366,2.459892834614004,0.5270856404577335,0.057,0.683,0.26,31.812790697674416,3.0,0.0,50.0,2.7274916943521594,36.59717607973422,1010.8388704318937,2,0,0,3.0,0.0049833887043189366,50.0,58.7,0,1.308,1.422,13.05,1696.44,129,0,,2026-04-02,65.81064784053156,1.2624857636844982,150.0,888.9617940199334,0.7823,0.757328125,0.07600000000000001,0.59698484375
2026-04-02_15-02-50_Safari_Storme_EX.csv,7.0,91.01718494271685,0.0,0.0,69462.0,12.0,3.2951,3.1475,0.066,0.0016366612111292963,1.9450103620998098,0.4961337126230744,0.046,0.741,0.213,35.6,3.0,0.0,50.0,4.8,20.0,1008.0,2,0,0,3.0,0.0016366612111292963,50.0,58.4,0,1.32,1.421,13.0,1703.44,130,0,,2026-04-02,67.62859247135843,1.2613508497292092,150.0,910.1718494271685,0.78415,0.7582031250000001,0.07764705882352942,0.5984428584558824
2026-04-03_08-06-55_Safari_Storme_EX.csv,17.0,84.54545454545455,0.0,0.0,69479.0,12.0,3.2703,3.1351,0.0691,0.002840909090909091,3.7553695068555304,0.10823863636363636,0.133,0.269,0.598,25.0,3.0,0.0,50.0,0.0,50.0,1013.0,0,0,0,3.0,0.002840909090909091,50.0,57.2,0,1.217,1.419,13.03,1720.44,131,0,,2026-04-03,62.27272727272727,1.2622928324618539,150.0,845.4545454545454,0.7882833333333333,0.760140625,0.08129411764705882,0.6016860814950981
2026-04-03_09-05-07_Safari_Storme_EX.csv,16.26,88.07478991596639,0.0,0.0,8443.0,12.0,3.2462,3.1231,0.0721,0.0033613445378151263,3.4170427158309358,0.24243697478991597,0.071,0.422,0.507,27.136890756302524,3.0,0.0,50.0,1.9137815126050421,53.325210084033614,1013.8563025210084,0,0,0,3.0,0.0033613445378151263,50.0,56.1,0,1.232,1.417,13.06,1736.7,132,0,,2026-04-03,64.46477310924371,1.2629550362440585,150.0,880.7478991596639,0.7923,0.7620156250000001,0.0848235294117647,0.6048313511029412
2026-04-04_09-48-30_Safari_Storme_EX.csv,5.0,69.17564870259481,0.0,0.0,69509.0,12.0,3.2392,3.1196,0.073,0.003992015968063872,3.2323413173652695,0.09490219560878244,0.0,0.345,0.655,29.899999999999995,3.0,0.0,50.0,5.1000000000000005,29.399999999999995,1010.5,0,0,0,3.0,0.003992015968063872,50.0,56.1,0,1.17,1.417,13.0,1741.7,133,0,,2026-04-04,55.5678243512974,1.263340446792264,150.0,691.7564870259481,0.7934666666666667,0.7625625,0.08588235294117647,0.6057541299019609
2026-04-04_19-30-07_Safari_Storme_EX.csv,8.0,76.72484394506867,0.0,0.0,69504.0,12.0,3.2276,3.1138,0.0744,0.0,3.044848938826467,0.14856429463171036,0.0,0.459,0.541,29.89999999999999,3.0,0.0,50.0,5.100000000000001,29.39999999999999,1010.5,0,0,0,3.0,0.0,50.0,55.8,0,1.206,1.416,12.96,1749.7,134,0,,2026-04-04,59.34242197253433,1.2619655471557816,150.0,767.2484394506866,0.7954,0.76346875,0.08752941176470588,0.6072564154411765
2026-04-05_15-10-10_Safari_Storme_EX.csv,15.0,83.52398401065956,0.0,0.0,69524.0,12.0,3.2045,3.1022,0.0773,0.0013324450366422385,2.1334483677548306,0.43670886075949367,0.0,0.704,0.296,28.399999999999995,3.0,0.0,50.0,1.5,51.0,1009.8999999999997,2,0,0,3.0,0.0013324450366422385,50.0,54.7,0,1.284,1.415,12.98,1764.7,135,0,,2026-04-05,62.44199200532978,1.2629452108122854,150.0,835.2398401065956,0.79925,0.76528125,0.09094117647058823,0.610283731617647
2026-04-06_11-33-34_Safari_Storme_EX.csv,7.0,73.57460770328103,0.0,0.0,69541.0,12.0,3.1955,3.0977,0.0784,0.0028530670470756064,3.4602253922967194,0.0,0.0,0.049,0.951,25.599999999999994,3.0,0.0,50.0,4.3999999999999995,41.699999999999996,1013.6000000000001,0,0,0,3.0,0.0028530670470756064,50.0,54.5,0,1.076,1.413,12.93,1771.7,136,0,,2026-04-06,56.90730385164051,1.2637292412140737,150.0,735.7460770328103,0.80075,0.7659843749999999,0.09223529411764705,0.6114533547794118
2026-04-06_18-56-57_Safari_Storme_EX.csv,10.0,78.79270729270729,0.0,0.0,69534.0,12.0,3.1811,3.0906,0.0802,0.0,3.0536193806193803,0.15834165834165834,0.0,0.418,0.582,25.600000000000005,3.0,0.0,50.0,4.3999999999999995,41.699999999999996,1013.6000000000003,0,0,0,3.0,0.0,50.0,54.0,0,1.193,1.412,12.91,1781.7,137,0,,2026-04-06,59.51635364635365,1.262871333815347,150.0,787.9270729270729,0.80315,0.76709375,0.09435294117647058,0.6133310477941177
2026-04-08_09-41-09_Safari_Storme_EX.csv,8.0,76.83583021223471,0.0,0.0,69549.0,12.0,3.1701,3.0851,0.0816,0.003745318352059925,3.4299250936329586,0.05493133583021224,0.0,0.271,0.729,30.300000000000008,3.0,2.0,50.0,13.099999999999996,33.0,1008.8999999999997,0,0,0,3.0,0.003745318352059925,50.0,53.7,0,1.147,1.411,12.88,1789.7,138,0,,2026-04-08,59.47791510611736,1.2645876197858574,150.0,768.358302122347,0.8049833333333333,0.767953125,0.09600000000000002,0.6147769270833334
2026-04-09_17-53-35_Safari_Storme_EX.csv,6.0,72.17337770382694,0.0,0.0,69555.0,12.0,3.161,3.0805,0.0827,0.0033277870216306157,3.0175790349417633,0.21392845257903495,0.0,0.644,0.356,29.5,3.0,0.0,50.0,3.1000000000000005,50.0,1019.3000000000001,2,0,0,3.0,0.0033277870216306157,50.0,53.5,0,1.265,1.41,12.83,1795.7,139,0,,2026-04-09,56.98668885191347,1.264602231543863,150.0,721.7337770382694,0.8065,0.7686718750000001,0.09729411764705882,0.6159586856617647
2026-04-10_17-45-50_Safari_Storme_EX.csv,8.0,76.46179775280899,0.0,0.0,69563.0,12.0,3.1483,3.0742,0.0843,0.0,2.11330961298377,0.4535093632958801,0.0,0.833,0.167,28.800000000000008,3.0,5.0,50.0,1.0999999999999996,49.800000000000004,1016.1000000000003,2,0,0,3.0,0.0,50.0,53.1,0,1.325,1.41,12.79,1803.7,140,0,,2026-04-10,58.9908988764045,1.2635263475526477,150.0,764.6179775280899,0.8086166666666667,0.76965625,0.0991764705882353,0.6176204718137256
2026-04-11_13-54-55_Safari_Storme_EX.csv,8.0,76.85930087390761,0.0,0.0,69576.0,12.0,3.1375,3.0688,0.0857,0.003745318352059925,3.459098626716604,0.05118601747815231,0.0,0.192,0.808,30.39999999999999,3.0,0.0,50.0,2.3999999999999995,33.10000000000001,1002.7999999999997,0,0,0,3.0,0.003745318352059925,50.0,52.7,0,1.122,1.409,12.76,1811.7,141,0,,2026-04-11,59.509650436953805,1.2652431472611427,150.0,768.5930087390761,0.8104166666666667,0.7705,0.1008235294117647,0.6190475490196078
2026-04-11_15-15-43_Safari_Storme_EX.csv,5.0,69.36586826347305,0.0,0.0,69568.0,12.0,3.1296,3.0648,0.0866,0.0,1.7954510978043912,0.521756487025948,0.0,0.808,0.192,30.399999999999995,3.0,0.0,50.0,2.4,33.10000000000001,1002.7999999999998,2,0,0,3.0,0.0,50.0,52.6,0,1.317,1.408,12.7,1816.7,142,0,,2026-04-11,55.76293413173652,1.2639059304703477,150.0,693.6586826347304,0.8117333333333333,0.7711250000000001,0.10188235294117647,0.6200576715686275
2026-04-12_21-12-21_Safari_Storme_EX.csv,7.0,74.19828815977175,0.0,0.0,69583.0,12.0,3.1189,3.0595,0.088,0.0014265335235378032,2.4776990014265334,0.310453637660485,0.0,0.672,0.328,27.9,3.0,2.0,50.0,10.6,33.1,1006.5,2,0,0,3.0,0.0014265335235378032,50.0,52.3,0,1.274,1.408,12.66,1823.7,143,0,,2026-04-12,57.67914407988587,1.264695785745816,150.0,741.9828815977174,0.8135166666666667,0.771953125,0.10352941176470588,0.6214726133578432
2026-04-13_13-54-43_Safari_Storme_EX.csv,8.0,76.27453183520599,0.0,0.0,69591.0,12.0,3.1062,3.0531,0.0896,0.0,1.842852684144819,0.49630711610486894,0.0,0.846,0.154,27.89999999999999,3.0,0.0,50.0,4.100000000000001,62.20000000000002,1008.6000000000003,2,3,0,3.0,0.0,50.0,51.8,0,1.329,1.408,12.63,1831.7,144,0,,2026-04-13,58.717265917602994,1.264387354323611,150.0,762.7453183520598,0.8156333333333333,0.772953125,0.10541176470588236,0.6231398682598038
2026-04-14_11-35-24_Safari_Storme_EX.csv,7.0,74.43152639087019,0.0,0.0,69598.0,12.0,3.0967,3.0484,0.0908,0.0014265335235378032,3.030878744650499,0.10556348074179743,0.0,0.2,0.8,28.699999999999996,3.0,0.0,50.0,0.7000000000000001,59.5,1005.0,0,0,0,3.0,0.0014265335235378032,50.0,51.6,0,1.124,1.406,12.59,1838.7,145,0,,2026-04-14,57.9557631954351,1.2651554940888483,150.0,744.3152639087018,0.8172166666666667,0.7736875000000001,0.10682352941176472,0.6243831740196079
2026-04-14_15-14-23_Safari_Storme_EX.csv,6.0,71.91747088186357,0.0,0.0,69604.0,12.0,3.0874,3.0437,0.0919,0.0016638935108153079,2.6485158069883523,0.26788685524126454,0.0,0.754,0.246,28.699999999999996,3.0,0.0,50.0,0.7000000000000001,59.5,1005.0,2,0,0,3.0,0.0016638935108153079,50.0,51.4,0,1.3,1.406,12.55,1844.7,146,0,,2026-04-14,56.698735440931785,1.2654449834586114,150.0,719.1747088186356,0.8187666666666666,0.774421875,0.10811764705882353,0.6255837346813725
2026-04-16_11-26-24_Safari_Storme_EX.csv,6.0,71.35740432612313,0.0,0.0,69610.0,12.0,3.0791,3.0395,0.093,0.0,2.981479201331115,0.09080033277870216,0.0,0.283,0.717,26.900000000000002,3.0,0.0,50.0,5.5,73.10000000000001,1008.6000000000001,0,3,0,3.0,0.0,50.0,51.2,0,1.15,1.405,12.5,1850.7,147,0,,2026-04-16,56.05870216306157,1.2649540450131533,150.0,713.5740432612313,0.82015,0.7750781250000001,0.10941176470588236,0.6266902849264706
2026-04-17_19-26-37_Safari_Storme_EX.csv,7.0,74.3212553495007,0.0,0.0,69617.0,12.0,3.0695,3.0348,0.0942,0.0014265335235378032,3.2261084165477887,0.07845934379457917,0.0,0.25,0.75,28.300000000000004,3.0,0.0,50.0,0.7999999999999998,33.4,1012.3999999999999,0,0,0,3.0,0.0014265335235378032,50.0,50.9,0,1.14,1.404,12.47,1857.7,148,0,,2026-04-17,57.820627674750355,1.265727805134452,150.0,743.212553495007,0.82175,0.7758125,0.11082352941176471,0.6279402573529411
2026-04-18_09-16-43_Safari_Storme_EX.csv,6.0,72.62379367720465,0.0,0.0,69623.0,12.0,3.0602,3.0301,0.0953,0.0016638935108153079,2.6676638935108152,0.3352745424292845,0.0,0.747,0.253,30.900000000000002,3.0,0.0,50.0,0.29999999999999993,37.89999999999999,1014.5,2,0,0,3.0,0.0016638935108153079,50.0,50.6,0,1.298,1.404,12.42,1863.7,149,0,,2026-04-18,57.49189683860232,1.2660207629464477,150.0,726.2379367720464,0.8233,0.776546875,0.11211764705882353,0.6291408180147059
2026-04-18_13-26-21_Safari_Storme_EX.csv,5.0,69.52554890219561,0.0,0.0,69628.0,12.0,3.0524,3.0262,0.0963,0.0,1.9009680638722555,0.4696047904191617,0.0,0.735,0.265,30.899999999999995,3.0,0.0,50.0,0.3,37.9,1014.5,2,0,0,3.0,0.0,50.0,50.5,0,1.294,1.404,12.38,1868.7,150,0,,2026-04-18,55.942774451097804,1.2655222120298784,150.0,695.255489021956,0.8246,0.77715625,0.11329411764705882,0.6301682169117647
2026-04-19_15-22-52_Safari_Storme_EX.csv,15.0,83.45989340439708,0.0,0.0,69650.0,12.0,3.0304,3.0152,0.0991,0.0,2.872758827448368,0.2045303131245836,0.0,0.518,0.482,28.100000000000005,3.0,10.0,50.0,0.3,45.0,1010.7000000000002,2,0,0,3.0,0.0,50.0,49.4,0,1.225,1.402,12.39,1883.7,151,0,,2026-04-19,62.34994670219854,1.265997888067582,150.0,834.5989340439708,0.8282666666666666,0.778875,0.11658823529411765,0.633059975490196
2026-04-19_21-19-03_Safari_Storme_EX.csv,7.0,74.26148359486449,0.0,0.0,69635.0,12.0,3.0194,3.0097,0.1004,0.0028530670470756064,2.004202567760342,0.4964336661911555,0.0,0.763,0.237,28.1,3.0,10.0,50.0,0.3,45.0,1010.7,2,0,0,3.0,0.0028530670470756064,50.0,49.0,0,1.303,1.402,12.36,1890.7,152,0,,2026-04-19,57.75074179743224,1.267379552313962,150.0,742.6148359486448,0.8301,0.779734375,0.11811764705882354,0.634476443014706
2026-04-20_09-34-37_Safari_Storme_EX.csv,15.0,83.88914057295138,0.0,0.0,69672.0,12.0,2.9974,2.9987,0.1032,0.0,2.651986009327115,0.26382411725516325,0.0,0.518,0.482,31.300000000000008,3.0,0.0,50.0,1.8000000000000005,47.600000000000016,1013.7000000000002,2,0,0,3.0,0.0,50.0,48.0,0,1.225,1.4,12.37,1905.7,153,0,,2026-04-20,63.204570286475686,1.2667244945619538,150.0,838.8914057295137,0.8337666666666667,0.7814531250000001,0.12141176470588236,0.6373682015931373
2026-04-20_21-22-27_Safari_Storme_EX.csv,7.0,75.15178316690441,0.0,0.0,69657.0,12.0,2.9866,2.9933,0.1045,0.0,2.1925349500713267,0.41512125534950073,0.0,0.718,0.282,31.300000000000004,3.0,0.0,50.0,1.8000000000000003,47.60000000000001,1013.7,2,0,0,3.0,0.0,50.0,47.6,0,1.288,1.4,12.34,1912.7,154,0,,2026-04-20,58.83589158345221,1.2669657804861718,150.0,751.5178316690441,0.8355666666666667,0.782296875,0.12294117647058823,0.6387658670343137
2026-04-21_09-01-55_Safari_Storme_EX.csv,6.0,72.73244592346089,0.0,0.0,69686.0,12.0,2.9774,2.9887,0.1057,0.0016638935108153079,2.3978435940099834,0.331324459234609,0.0,0.679,0.321,31.199999999999996,3.0,5.0,50.0,0.7000000000000001,45.199999999999996,1005.5,2,0,0,3.0,0.0016638935108153079,50.0,47.3,0,1.276,1.4,12.3,1918.7,155,0,,2026-04-21,57.606222961730445,1.267838258418634,150.0,727.3244592346089,0.8371000000000001,0.783015625,0.1243529411764706,0.6399837040441176
2026-04-21_21-02-44_Safari_Storme_EX.csv,8.0,77.07053682896381,0.0,0.0,69680.0,12.0,2.9655,2.9828,0.1072,0.0,2.5621173533083645,0.25842696629213485,0.0,0.542,0.458,31.199999999999992,3.0,5.0,50.0,0.7000000000000001,45.199999999999996,1005.5,2,0,0,3.0,0.0,50.0,46.9,0,1.232,1.399,12.27,1926.7,156,0,,2026-04-21,59.7752684144819,1.267442252571236,150.0,770.705368289638,0.8390833333333333,0.7839375,0.12611764705882353,0.6415408700980393
2026-04-22_19-38-22_Safari_Storme_EX.csv,8.0,77.18189762796504,0.0,0.0,69694.0,12.0,2.9541,2.9771,0.1086,0.0,2.789076154806492,0.26759300873907615,0.0,0.404,0.596,31.699999999999992,3.0,0.0,50.0,4.700000000000001,47.699999999999996,1009.0,0,0,0,3.0,0.0,50.0,46.4,0,1.188,1.398,12.24,1934.7,157,0,,2026-04-22,59.93094881398252,1.267702515148438,150.0,771.8189762796504,0.8409833333333333,0.784828125,0.12776470588235295,0.6430243535539216
2026-04-23_17-52-16_Safari_Storme_EX.csv,7.0,74.72582025677603,0.0,0.0,69701.0,12.0,2.9435,2.9718,0.1099,0.0,2.8679800285306705,0.2341312410841655,0.0,0.626,0.374,29.800000000000004,3.0,0.0,50.0,5.899999999999999,52.39999999999999,1008.8999999999999,2,0,0,3.0,0.0,50.0,46.1,0,1.259,1.398,12.21,1941.7,158,0,,2026-04-23,58.32291012838802,1.2679463224053,150.0,747.2582025677602,0.84275,0.7856562500000001,0.12929411764705884,0.6444032169117648
2026-04-24_09-13-27_Safari_Storme_EX.csv,15.0,84.00592938041305,0.0,0.0,69716.0,12.0,2.9211,2.9605,0.1127,0.001998667554963358,2.2564963357761494,0.3557628247834777,0.0,0.593,0.407,32.1,3.0,0.0,50.0,0.3,52.5,1006.7999999999998,2,0,0,3.0,0.001998667554963358,50.0,44.9,0,1.249,1.396,12.23,1956.7,159,0,,2026-04-24,63.42296469020653,1.2692668252089698,150.0,840.0592938041304,0.8464833333333334,0.7874218749999999,0.13258823529411765,0.6473380484068627
2026-04-25_17-42-24_Safari_Storme_EX.csv,10.0,79.37462537462538,0.0,0.0,69726.0,12.0,2.9061,2.9531,0.1146,0.000999000999000999,2.445341658341658,0.3011698301698302,0.0,0.586,0.414,28.600000000000005,3.0,0.0,50.0,9.700000000000001,51.399999999999984,1008.3999999999997,2,0,0,3.0,0.000999000999000999,50.0,44.3,0,1.247,1.396,12.22,1966.7,160,0,,2026-04-25,60.40731268731269,1.2692203567397127,150.0,793.7462537462537,0.8489833333333333,0.788578125,0.1348235294117647,0.6493015594362744
2026-04-26_08-35-51_Safari_Storme_EX.csv,8.0,76.18102372034957,0.0,0.0,69734.0,12.0,2.8939,2.9469,0.1161,0.0012484394506866417,2.2558139825218477,0.37702871410736577,0.0,0.68,0.32,27.60000000000001,3.0,0.0,50.0,1.4000000000000001,65.10000000000002,1014.8999999999997,2,0,0,3.0,0.0012484394506866417,50.0,43.8,0,1.276,1.395,12.19,1974.7,161,0,,2026-04-26,58.61051186017479,1.2696102642007456,150.0,761.8102372034957,0.8510166666666666,0.7895468750000001,0.13658823529411765,0.6508951317401962
2026-04-27_09-18-27_Safari_Storme_EX.csv,7.0,76.05320970042797,0.0,0.0,69741.0,12.0,2.8849,2.9424,0.1172,0.0014265335235378032,3.083283880171184,0.0,0.0,0.027,0.973,34.5,3.0,0.0,50.0,0.19999999999999996,48.60000000000001,1004.8999999999999,0,0,0,3.0,0.0014265335235378032,50.0,43.5,0,1.069,1.394,12.16,1981.7,162,0,,2026-04-27,59.926604850213984,1.269897106528761,150.0,760.5320970042796,0.8525166666666667,0.79025,0.13788235294117648,0.6520647549019608
2026-04-28_21-18-33_Safari_Storme_EX.csv,5.0,69.64251497005988,0.0,0.0,69746.0,12.0,2.8773,2.9386,0.1182,0.003992015968063872,3.0465928143712575,0.20159680638722555,0.0,0.647,0.353,31.100000000000005,3.0,0.0,50.0,1.8999999999999997,51.39999999999999,1006.0,2,0,0,3.0,0.003992015968063872,50.0,43.3,0,1.267,1.394,12.11,1986.7,163,0,,2026-04-28,56.04125748502994,1.2711064160907672,150.0,696.4251497005987,0.8537833333333333,0.7908437500000001,0.13905882352941176,0.6530733517156863
2026-04-29_09-59-27_Safari_Storme_EX.csv,13.0,82.13958493466565,0.0,0.0,69772.0,12.0,2.8584,2.9292,0.1205,0.0007686395080707148,2.726403535741737,0.2536510376633359,0.0,0.47,0.53,27.900000000000002,3.0,0.0,50.0,0.19999999999999998,43.0,1010.8000000000001,0,0,0,3.0,0.0007686395080707148,50.0,42.4,0,1.21,1.393,12.12,1999.7,164,0,,2026-04-29,61.64979246733282,1.2702766693492682,150.0,821.3958493466564,0.8569333333333333,0.7923125000000001,0.14176470588235293,0.6555238848039215
2026-04-29_21-28-11_Safari_Storme_EX.csv,13.0,82.13743274404304,0.0,0.0,69759.0,12.0,2.8404,2.9202,0.1228,0.0,2.940731744811683,0.17687548039969256,0.0,0.299,0.701,27.900000000000002,3.0,0.0,50.0,0.19999999999999998,43.0,1010.8000000000001,0,0,0,3.0,0.0,50.0,41.5,0,1.155,1.391,12.12,2012.7,165,0,,2026-04-29,61.64871637202152,1.2704126179411352,150.0,821.3743274404303,0.8599333333333333,0.79371875,0.14447058823529413,0.6578925428921569
2026-04-30_08-47-15_Safari_Storme_EX.csv,5.0,70.59900199600798,0.0,0.0,69784.0,12.0,2.8338,2.9169,0.1236,0.0,3.2754431137724547,0.047706586826347305,0.0,0.102,0.898,33.699999999999996,3.0,0.0,50.0,5.799999999999999,42.4,1009.6000000000001,0,0,0,3.0,0.0,50.0,41.4,0,1.092,1.39,12.08,2017.7,166,0,,2026-04-30,57.039500998003994,1.2705766109111443,150.0,705.9900199600798,0.8610333333333333,0.794234375,0.14541176470588235,0.6587483057598039
2026-04-30_15-21-50_Safari_Storme_EX.csv,7.0,75.82182596291013,0.0,0.0,69779.0,12.0,2.8245,2.9122,0.1248,0.0014265335235378032,3.3860313837375173,0.0413694721825963,0.0,0.165,0.835,33.699999999999996,3.0,0.0,50.0,5.799999999999998,42.4,1009.6000000000001,0,0,0,3.0,0.0014265335235378032,50.0,41.0,0,1.113,1.389,12.05,2024.7,167,0,,2026-04-30,59.650912981455065,1.2713796061514937,150.0,758.2182596291012,0.8625833333333334,0.79496875,0.1468235294117647,0.6599782781862744
2026-05-01_08-50-40_Safari_Storme_EX.csv,8.0,76.87827715355806,0.0,0.0,69792.0,12.0,2.8142,2.9071,0.1261,0.0012484394506866417,3.213224719101124,0.003745318352059925,0.0,0.029,0.971,30.5,3.0,0.0,50.0,3.5,70.70000000000002,1006.2999999999997,0,3,0,3.0,0.0012484394506866417,50.0,40.6,0,1.069,1.388,12.03,2032.7,168,0,,2026-05-01,59.53913857677903,1.2715675301403062,150.0,768.7827715355805,0.8643,0.795765625,0.14835294117647058,0.6613262040441177
