timestamp,elapsed_seconds,vehicle_name,engine_temp,rpm,speed,fuel_level,engine_load,throttle_pos,battery_voltage,battery_health,dtc_count,trouble_codes,hard_braking_freq,accel_variance,idle_ratio,driving_style,ambient_temp,weather_condition,weather_raw,wind_speed,humidity,pressure_hpa,monthly_precipitation,road_roughness,traffic_density,road_type,mileage,vehicle_age,brake_thickness,tire_tread,oil_degradation,latitude,longitude,city,maintenance_probability,severity,needs_maintenance,maf,fuel_usage_ml_min,gear
2025-06-01 21:53:48,0.0,Opel Corsa,85.0,687.2,0.0,0.5,15.29,18.04,12.4,0.65,0,,0.0,0.0,1.0,Stop-and-Go,10.6,Clear,clear sky,6.4,47.1,1008.7,45,2.03,58.0,Urban,86568.0,13,3.148,2.826,0.8457,0.0,0.0,Europe,,,,1.12,6.14,?
2025-06-01 21:53:50,1.2,Opel Corsa,85.0,721.5,0.0,0.5,15.29,19.61,12.4,0.65,0,,0.0,0.0,1.0,Stop-and-Go,12.2,Clear,clear sky,3.6,75.6,1016.4,45,2.24,61.5,Urban,86568.0,13,3.148,2.821,0.8464,0.0,0.0,Europe,,,,1.46,8.0,?
2025-06-01 21:53:51,2.3,Opel Corsa,85.0,695.5,0.0,0.5,15.29,18.04,12.4,0.65,0,,0.0,0.0,1.0,Stop-and-Go,12.9,Clear,clear sky,4.3,85.5,1014.3,45,2.33,58.8,Urban,86568.0,13,3.152,2.825,0.8471,0.0,0.0,Europe,,,,1.13,6.19,?
2025-06-01 21:53:52,3.5,Opel Corsa,85.0,615.0,0.0,0.5,15.29,20.39,12.4,0.65,0,,0.0,0.0,1.0,Stop-and-Go,7.4,Clear,clear sky,5.5,54.8,1011.3,45,2.22,59.5,Urban,86568.0,13,3.152,2.826,0.8436,0.0,0.0,Europe,,,,1.58,8.66,?
2025-06-01 21:53:53,4.6,Opel Corsa,85.0,682.2,0.0,0.5,15.29,18.43,12.4,0.65,0,,0.0,0.0,1.0,Stop-and-Go,10.7,Clear,clear sky,2.6,55.9,1013.4,45,2.1,55.9,Urban,86568.0,13,3.155,2.825,0.8442,0.0,0.0,Europe,,,,1.14,6.25,?
2025-06-01 21:53:54,5.8,Opel Corsa,85.0,701.8,0.0,0.5,15.29,18.43,12.4,0.65,0,,0.0,0.0,1.0,Stop-and-Go,11.2,Clear,clear sky,5.6,74.4,1012.2,45,2.6,52.7,Urban,86568.0,13,3.154,2.818,0.8446,0.0,0.0,Europe,,,,1.16,6.36,?
2025-06-01 21:53:55,6.9,Opel Corsa,85.0,713.2,0.0,0.5,15.29,20.0,12.4,0.65,0,,0.0,0.0,1.0,Stop-and-Go,11.4,Clear,clear sky,3.2,46.4,1020.0,45,1.97,62.1,Urban,86568.0,13,3.144,2.818,0.8481,0.0,0.0,Europe,,,,1.57,8.6,?
2025-06-01 21:53:56,8.0,Opel Corsa,85.0,722.0,0.0,0.5,15.29,18.43,12.4,0.65,0,,0.0,0.0,1.0,Stop-and-Go,11.5,Clear,clear sky,6.1,60.5,1017.0,45,2.2,53.3,Urban,86568.0,13,3.145,2.822,0.842,0.0,0.0,Europe,,,,1.22,6.68,?
2025-06-01 21:53:58,9.1,Opel Corsa,85.0,525.5,0.0,0.5,15.29,26.67,12.4,0.65,0,,0.0,0.0,1.0,Stop-and-Go,11.7,Clear,clear sky,2.9,56.4,1014.2,45,2.21,55.8,Urban,86568.0,13,3.16,2.817,0.8416,0.0,0.0,Europe,,,,3.4,18.63,?
2025-06-01 21:53:59,10.5,Opel Corsa,74.0,672.0,0.0,0.5,15.29,22.35,12.4,0.65,0,,0.0,0.0,1.0,Stop-and-Go,25.6,Clear,clear sky,9.0,58.7,1006.9,45,2.03,59.2,Urban,86568.0,13,3.145,2.827,0.8459,0.0,0.0,Europe,,,,1.84,10.08,?
2025-06-01 21:54:00,11.7,Opel Corsa,74.0,767.0,3.0,0.5,15.29,23.14,12.4,0.65,0,,0.0,0.776,0.909,Stop-and-Go,23.5,Clear,clear sky,5.3,35.0,1007.1,45,1.82,54.7,Urban,86568.0,13,3.155,2.825,0.8446,0.0,0.0,Europe,,,,2.37,12.98,?
2025-06-01 21:54:01,12.8,Opel Corsa,74.0,797.0,5.0,0.5,15.29,23.92,12.4,0.65,0,,0.0,0.865,0.833,Stop-and-Go,23.8,Clear,clear sky,2.1,76.3,1026.4,45,1.95,54.4,Urban,86568.0,13,3.15,2.819,0.8455,0.0,0.0,Europe,,,,2.55,13.97,?
2025-06-01 21:54:02,14.0,Opel Corsa,74.0,838.5,5.0,0.5,15.29,23.53,12.4,0.65,0,,0.0,0.834,0.769,Stop-and-Go,25.5,Clear,clear sky,2.7,66.6,1008.4,45,2.41,54.2,Urban,86568.0,13,3.159,2.83,0.8436,0.0,0.0,Europe,,,,2.51,13.75,?
2025-06-01 21:54:04,15.1,Opel Corsa,74.0,892.8,6.0,0.5,15.29,23.53,12.4,0.65,0,,0.0,0.814,0.714,Stop-and-Go,26.5,Clear,clear sky,7.9,50.7,1010.7,45,2.49,57.5,Urban,86568.01,13,3.151,2.824,0.8455,0.0,0.0,Europe,,,,2.51,13.75,?
2025-06-01 21:54:05,16.3,Opel Corsa,74.0,896.5,6.0,0.5,15.29,23.14,12.4,0.65,0,,0.0,0.79,0.667,Stop-and-Go,26.9,Clear,clear sky,3.7,61.5,1004.1,45,2.12,56.4,Urban,86568.01,13,3.152,2.828,0.8426,0.0,0.0,Europe,,,,2.34,12.82,?
2025-06-01 21:54:06,17.4,Opel Corsa,74.0,864.8,6.0,0.5,15.29,22.75,12.4,0.65,0,,0.0,0.769,0.625,Stop-and-Go,24.9,Clear,clear sky,7.8,68.1,1015.3,45,1.99,53.7,Urban,86568.01,13,3.146,2.826,0.8444,0.0,0.0,Europe,,,,2.37,12.98,?
2025-06-01 21:54:07,18.6,Opel Corsa,74.0,900.2,6.0,0.5,15.29,22.75,12.4,0.65,0,,0.0,0.748,0.588,Stop-and-Go,29.6,Clear,clear sky,6.7,46.1,1012.6,45,2.14,53.2,Urban,86568.01,13,3.154,2.824,0.8446,0.0,0.0,Europe,,,,2.26,12.38,?
2025-06-01 21:54:08,19.7,Opel Corsa,74.0,872.8,6.0,0.5,15.29,22.75,12.4,0.65,0,,0.0,0.73,0.556,Stop-and-Go,24.4,Clear,clear sky,4.6,60.4,1010.2,45,2.23,56.6,Urban,86568.01,13,3.156,2.826,0.8461,0.0,0.0,Europe,,,,2.29,12.55,?
2025-06-01 21:54:09,20.9,Opel Corsa,74.0,873.8,6.0,0.5,15.29,22.35,12.4,0.65,0,,0.0,0.712,0.526,Stop-and-Go,27.9,Clear,clear sky,7.0,51.5,1011.2,45,1.83,57.2,Urban,86568.02,13,3.151,2.822,0.8397,0.0,0.0,Europe,,,,2.29,12.55,?
2025-06-01 21:54:11,22.2,Opel Corsa,71.0,890.2,6.0,0.5,9.41,22.35,12.4,0.65,0,,0.0,0.696,0.5,Stop-and-Go,22.2,Clear,clear sky,3.5,82.4,1018.5,45,2.24,60.4,Urban,86568.02,13,3.141,2.83,0.8415,0.0,0.0,Europe,,,,2.25,12.33,?
2025-06-01 21:54:12,23.3,Opel Corsa,71.0,904.5,6.0,0.5,9.41,22.35,12.4,0.65,0,,0.0,0.696,0.476,Stop-and-Go,24.6,Clear,clear sky,4.9,50.6,1001.4,45,2.09,60.8,Urban,86568.02,13,3.16,2.82,0.8457,0.0,0.0,Europe,,,,2.18,11.94,?
2025-06-01 21:54:13,24.5,Opel Corsa,71.0,907.2,6.0,0.5,9.41,21.96,12.4,0.65,0,,0.0,0.696,0.455,Stop-and-Go,23.5,Clear,clear sky,4.6,45.8,1014.5,45,2.23,58.5,Urban,86568.02,13,3.144,2.819,0.8438,0.0,0.0,Europe,,,,2.11,11.56,?
2025-06-01 21:54:14,25.6,Opel Corsa,71.0,994.2,3.0,0.5,9.41,25.88,12.4,0.65,0,,0.0,0.863,0.435,Stop-and-Go,20.9,Clear,clear sky,5.9,41.1,1016.7,45,2.32,56.6,Urban,86568.02,13,3.15,2.821,0.8455,0.0,0.0,Europe,,,,3.51,19.23,?
2025-06-01 21:54:15,26.8,Opel Corsa,71.0,1183.0,8.0,0.5,9.41,21.96,12.4,0.65,0,,0.0,1.229,0.417,Stop-and-Go,21.7,Clear,clear sky,5.8,64.8,1025.8,45,2.5,56.4,Urban,86568.03,13,3.153,2.82,0.8403,0.0,0.0,Europe,,,,2.24,12.27,?
2025-06-01 21:54:16,27.9,Opel Corsa,71.0,1195.8,8.0,0.5,9.41,20.0,12.4,0.65,0,,0.0,1.229,0.4,Stop-and-Go,26.3,Clear,clear sky,3.4,78.0,1017.3,45,2.27,59.4,Urban,86568.03,13,3.145,2.824,0.8446,0.0,0.0,Europe,,,,1.62,8.88,?
2025-06-01 21:54:17,29.1,Opel Corsa,71.0,1157.0,8.0,0.5,9.41,21.57,12.4,0.65,0,,0.0,1.229,0.385,Stop-and-Go,24.2,Clear,clear sky,7.2,45.8,1018.7,45,1.95,62.7,Urban,86568.03,13,3.146,2.833,0.8449,0.0,0.0,Europe,,,,2.05,11.23,?
2025-06-01 21:54:19,30.2,Opel Corsa,71.0,1221.2,8.0,0.5,9.41,21.96,12.4,0.65,0,,0.0,1.229,0.37,Stop-and-Go,26.6,Clear,clear sky,5.0,55.3,1013.7,45,2.15,59.0,Urban,86568.03,13,3.145,2.821,0.8432,0.0,0.0,Europe,,,,2.19,12.0,?
2025-06-01 21:54:20,31.4,Opel Corsa,71.0,1271.0,9.0,0.5,9.41,22.75,12.4,0.65,0,,0.0,1.221,0.357,Stop-and-Go,24.4,Clear,clear sky,5.7,73.7,1022.6,45,2.37,57.5,Urban,86568.04,13,3.14,2.825,0.8442,0.0,0.0,Europe,,,,2.34,12.82,?
2025-06-01 21:54:21,32.5,Opel Corsa,71.0,1232.5,8.0,0.5,9.41,22.35,12.4,0.65,0,,0.0,1.213,0.345,Smooth,22.0,Clear,clear sky,3.3,75.0,1009.3,45,2.22,53.1,Urban,86568.04,13,3.151,2.826,0.8466,0.0,0.0,Europe,,,,2.21,12.11,?
2025-06-01 21:54:22,33.8,Opel Corsa,72.0,1451.0,9.0,0.5,6.67,23.14,12.4,0.65,0,,0.0,1.202,0.333,Smooth,20.8,Clear,clear sky,7.4,70.4,1012.0,45,1.97,56.6,Urban,86568.04,13,3.147,2.822,0.8465,0.0,0.0,Europe,,,,2.49,13.64,?
2025-06-01 21:54:23,35.0,Opel Corsa,72.0,1362.8,10.0,0.5,6.67,23.53,12.4,0.65,0,,0.0,1.122,0.323,Smooth,22.4,Clear,clear sky,3.4,52.0,1014.4,45,2.06,50.7,Urban,86568.04,13,3.15,2.824,0.843,0.0,0.0,Europe,,,,2.59,14.19,?
2025-06-01 21:54:25,36.1,Opel Corsa,72.0,1319.2,10.0,0.5,6.67,24.71,12.4,0.65,0,,0.0,1.097,0.312,Smooth,25.5,Clear,clear sky,2.1,74.1,1017.7,45,2.26,56.4,Urban,86568.05,13,3.151,2.828,0.8423,0.0,0.0,Europe,,,,3.17,17.37,?
2025-06-01 21:54:26,37.3,Opel Corsa,72.0,1197.2,10.0,0.5,6.67,24.31,12.4,0.65,0,,0.0,1.097,0.303,Smooth,19.6,Clear,clear sky,5.6,57.9,1016.7,45,2.36,57.0,Urban,86568.05,13,3.156,2.827,0.846,0.0,0.0,Europe,,,,2.86,15.67,1.0
2025-06-01 21:54:27,38.4,Opel Corsa,72.0,1077.5,11.0,0.5,6.67,23.92,12.4,0.65,0,,0.0,1.098,0.294,Smooth,21.1,Clear,clear sky,2.9,54.2,1015.7,45,2.24,56.9,Urban,86568.05,13,3.148,2.824,0.8429,0.0,0.0,Europe,,,,2.66,14.57,1.0
2025-06-01 21:54:28,39.6,Opel Corsa,72.0,862.2,11.0,0.5,6.67,27.06,12.4,0.65,0,,0.0,1.098,0.286,Smooth,22.0,Clear,clear sky,2.6,69.1,1010.1,45,2.24,58.0,Urban,86568.06,13,3.151,2.823,0.8417,0.0,0.0,Europe,,,,3.87,21.2,2.0
2025-06-01 21:54:29,40.7,Opel Corsa,72.0,964.5,13.0,0.5,6.67,28.63,12.4,0.65,0,,0.0,1.12,0.278,Smooth,20.9,Clear,clear sky,7.0,38.6,1002.9,45,1.95,53.4,Urban,86568.06,13,3.157,2.826,0.8424,0.0,0.0,Europe,,,,4.0,21.91,2.0
2025-06-01 21:54:30,41.8,Opel Corsa,72.0,1083.5,14.0,0.5,6.67,33.73,12.4,0.65,0,,0.0,1.11,0.27,Smooth,17.3,Clear,clear sky,7.9,57.6,1013.1,45,1.93,56.3,Urban,86568.07,13,3.158,2.823,0.8428,0.0,0.0,Europe,,,,5.79,31.72,2.0
2025-06-01 21:54:31,43.0,Opel Corsa,72.0,1382.0,19.0,0.5,6.67,50.98,12.4,0.65,0,,0.0,1.364,0.263,Smooth,22.0,Clear,clear sky,7.1,72.1,1011.0,45,2.08,57.1,Urban,86568.07,13,3.144,2.828,0.8429,0.0,0.0,Europe,,,,10.81,59.22,2.0
2025-06-01 21:54:33,44.1,Opel Corsa,72.0,1707.0,23.0,0.5,6.67,37.25,12.4,0.65,0,,0.0,1.456,0.237,Smooth,24.1,Clear,clear sky,2.1,58.8,1016.5,45,1.89,43.3,Urban,86568.08,13,3.15,2.827,0.8449,0.0,0.0,Europe,,,,10.09,55.28,2.0
2025-06-01 21:54:34,45.4,Opel Corsa,74.0,1963.0,26.0,0.5,23.14,38.43,12.4,0.65,0,,0.0,1.458,0.211,Smooth,20.0,Clear,clear sky,4.8,62.5,1020.4,45,2.24,59.8,Urban,86568.09,13,3.147,2.821,0.845,0.0,0.0,Europe,,,,11.65,63.83,2.0
2025-06-01 21:54:35,46.6,Opel Corsa,74.0,2231.0,30.0,0.5,23.14,36.47,12.4,0.65,0,,0.0,1.514,0.184,Smooth,17.0,Clear,clear sky,6.7,63.9,1007.7,45,2.35,53.6,Urban,86568.1,13,3.146,2.828,0.8415,0.0,0.0,Europe,,,,11.9,65.2,2.0
2025-06-01 21:54:36,47.8,Opel Corsa,74.0,2358.5,33.0,0.5,23.14,23.92,12.4,0.65,0,,0.0,1.501,0.158,Smooth,19.7,Clear,clear sky,5.8,61.5,1013.9,45,2.17,54.7,Urban,86568.11,13,3.151,2.824,0.8453,0.0,0.0,Europe,,,,2.99,16.38,2.0
2025-06-01 21:54:37,48.9,Opel Corsa,74.0,1612.2,32.0,0.5,23.14,25.88,12.4,0.65,0,,0.0,1.485,0.132,Smooth,18.0,Clear,clear sky,2.0,52.4,1011.0,45,2.38,49.4,Urban,86568.12,13,3.145,2.828,0.8437,0.0,0.0,Europe,,,,3.64,19.94,3.0
2025-06-01 21:54:38,50.1,Opel Corsa,74.0,1560.5,31.0,0.5,23.14,27.06,12.4,0.65,0,,0.0,1.318,0.105,Smooth,17.4,Clear,clear sky,8.2,59.8,1011.6,45,2.09,55.0,Urban,86568.13,13,3.15,2.818,0.8437,0.0,0.0,Europe,,,,3.93,21.53,3.0
2025-06-01 21:54:40,51.2,Opel Corsa,74.0,1623.2,33.0,0.5,23.14,54.12,12.4,0.65,0,,0.0,1.289,0.079,Smooth,23.7,Clear,clear sky,1.5,49.7,1012.6,45,1.75,57.9,Urban,86568.14,13,3.146,2.826,0.8425,0.0,0.0,Europe,,,,13.56,74.29,3.0
2025-06-01 21:54:41,52.4,Opel Corsa,74.0,1734.0,35.0,0.5,23.14,38.43,12.4,0.65,0,,0.0,1.253,0.053,Smooth,20.0,Clear,clear sky,4.4,66.5,1017.3,45,1.86,62.8,Urban,86568.15,13,3.153,2.819,0.8471,0.0,0.0,Europe,,,,10.21,55.94,3.0
2025-06-01 21:54:42,53.5,Opel Corsa,74.0,1789.2,36.0,0.5,23.14,28.63,12.4,0.65,0,,0.0,1.216,0.026,Smooth,21.3,Clear,clear sky,5.2,57.9,1009.8,45,1.93,54.2,Urban,86568.16,13,3.145,2.82,0.8502,0.0,0.0,Europe,,,,4.86,26.63,3.0
2025-06-01 21:54:43,54.7,Opel Corsa,74.0,1792.0,36.0,0.5,23.14,27.84,12.4,0.65,0,,0.0,1.253,0.0,Smooth,19.2,Clear,clear sky,7.4,78.4,1023.6,45,1.9,54.8,Urban,86568.17,13,3.147,2.828,0.8443,0.0,0.0,Europe,,,,4.5,24.65,3.0
2025-06-01 21:54:44,55.8,Opel Corsa,74.0,1784.5,36.0,0.5,23.14,26.27,12.4,0.65,0,,0.0,1.287,0.0,Smooth,20.1,Clear,clear sky,5.3,55.7,1009.6,45,1.82,59.2,Urban,86568.19,13,3.154,2.828,0.8437,0.0,0.0,Europe,,,,3.65,20.0,3.0
2025-06-01 21:54:46,57.2,Opel Corsa,76.0,1749.5,35.0,0.5,4.71,21.18,12.4,0.65,0,,0.0,1.288,0.0,Smooth,16.4,Clear,clear sky,3.2,49.9,1016.0,45,1.88,55.3,Urban,86568.2,13,3.149,2.828,0.842,0.0,0.0,Europe,,,,2.08,11.4,3.0
2025-06-01 21:54:47,58.3,Opel Corsa,76.0,1665.8,34.0,0.5,4.71,25.49,12.4,0.65,0,,0.0,1.288,0.0,Smooth,19.5,Clear,clear sky,3.9,60.8,1010.8,45,1.78,56.7,Urban,86568.21,13,3.141,2.826,0.8455,0.0,0.0,Europe,,,,3.39,18.57,3.0
2025-06-01 21:54:48,59.5,Opel Corsa,76.0,1403.8,34.0,0.5,4.71,24.71,12.4,0.65,0,,0.0,1.288,0.0,Smooth,14.5,Clear,clear sky,6.2,90.2,1017.8,45,2.27,53.5,Urban,86568.22,13,3.154,2.825,0.8445,0.0,0.0,Europe,,,,3.1,16.98,4.0
2025-06-01 21:54:49,60.6,Opel Corsa,76.0,1272.8,30.0,0.5,4.71,24.71,12.4,0.65,0,,0.0,1.324,0.0,Smooth,19.3,Clear,clear sky,6.8,75.8,1024.3,45,2.18,57.2,Urban,86568.23,13,3.14,2.824,0.8466,0.0,0.0,Europe,,,,3.11,17.04,4.0
2025-06-01 21:54:50,61.8,Opel Corsa,76.0,1121.2,23.0,0.5,4.71,24.71,12.4,0.65,0,,0.0,1.657,0.0,Smooth,19.8,Clear,clear sky,3.4,40.1,1006.6,45,2.12,57.2,Urban,86568.24,13,3.14,2.823,0.8418,0.0,0.0,Europe,,,,3.07,16.82,3.0
2025-06-01 21:54:51,62.9,Opel Corsa,76.0,1109.0,21.0,0.5,4.71,23.53,12.4,0.65,0,,0.0,1.602,0.0,Smooth,21.9,Clear,clear sky,3.8,67.1,1011.9,45,2.39,50.7,Urban,86568.24,13,3.143,2.826,0.8454,0.0,0.0,Europe,,,,2.55,13.97,3.0
2025-06-01 21:54:52,64.1,Opel Corsa,76.0,1526.8,19.0,0.5,4.71,24.71,12.4,0.65,0,,0.0,1.602,0.0,Smooth,15.5,Clear,clear sky,7.0,65.7,1016.8,45,2.03,61.3,Urban,86568.25,13,3.152,2.83,0.8452,0.0,0.0,Europe,,,,2.96,16.22,2.0
2025-06-01 21:54:54,65.2,Opel Corsa,76.0,1532.0,20.0,0.5,4.71,44.71,12.4,0.65,0,,0.0,1.603,0.0,Smooth,17.0,Clear,clear sky,7.2,39.1,1014.2,45,1.87,62.0,Urban,86568.26,13,3.149,2.821,0.842,0.0,0.0,Europe,,,,13.43,73.58,2.0
2025-06-01 21:54:55,66.4,Opel Corsa,76.0,1847.0,25.0,0.5,4.71,42.35,12.4,0.65,0,,0.0,1.598,0.0,Smooth,18.3,Clear,clear sky,6.8,52.9,1010.7,45,2.16,52.3,Urban,86568.27,13,3.147,2.822,0.8428,0.0,0.0,Europe,,,,11.85,64.92,2.0
2025-06-01 21:54:56,67.5,Opel Corsa,76.0,2123.0,29.0,0.5,4.71,33.33,12.4,0.65,0,,0.0,1.609,0.0,Smooth,18.1,Clear,clear sky,4.6,86.7,1003.1,45,1.92,55.2,Urban,86568.27,13,3.157,2.824,0.8431,0.0,0.0,Europe,,,,7.95,43.56,2.0
2025-06-01 21:54:57,68.9,Opel Corsa,78.0,2084.5,29.0,0.925,4.31,21.96,14.0,0.98,0,,0.0,1.659,0.0,Smooth,17.4,Clear,clear sky,4.9,51.1,1010.5,45,2.09,54.2,Urban,86568.29,13,3.149,2.823,0.8445,0.0,0.0,Europe,,,,2.27,12.44,2.0
2025-06-01 21:54:58,70.1,Opel Corsa,78.0,1931.0,26.0,0.925,4.31,23.14,14.0,0.98,0,,0.0,1.622,0.0,Smooth,18.0,Clear,clear sky,4.5,45.7,1016.7,45,2.51,58.1,Urban,86568.29,13,3.148,2.817,0.842,0.0,0.0,Europe,,,,2.59,14.19,2.0
2025-06-01 21:55:00,71.3,Opel Corsa,78.0,1782.0,24.0,0.925,4.31,22.35,14.0,0.98,0,,0.0,1.61,0.0,Smooth,15.4,Clear,clear sky,5.0,58.6,1015.6,45,2.24,55.7,Urban,86568.3,13,3.14,2.831,0.8431,0.0,0.0,Europe,,,,2.39,13.09,2.0
2025-06-01 21:55:01,72.4,Opel Corsa,78.0,1623.2,22.0,0.925,4.31,21.96,14.0,0.98,0,,0.0,1.599,0.0,Smooth,20.3,Clear,clear sky,3.9,54.9,1019.9,45,1.69,58.1,Urban,86568.31,13,3.157,2.826,0.8427,0.0,0.0,Europe,,,,2.2,12.05,2.0
2025-06-01 21:55:02,73.6,Opel Corsa,78.0,1525.8,20.0,0.925,4.31,21.57,14.0,0.98,0,,0.0,1.585,0.0,Smooth,18.2,Clear,clear sky,7.5,52.1,1022.5,45,2.15,59.3,Urban,86568.32,13,3.141,2.828,0.8461,0.0,0.0,Europe,,,,2.05,11.23,2.0
2025-06-01 21:55:03,74.7,Opel Corsa,78.0,1408.8,19.0,0.925,4.31,24.71,14.0,0.98,0,,0.0,1.599,0.0,Smooth,18.5,Clear,clear sky,5.5,68.5,1011.7,45,2.07,55.8,Urban,86568.32,13,3.147,2.832,0.843,0.0,0.0,Europe,,,,3.13,17.15,2.0
2025-06-01 21:55:04,75.9,Opel Corsa,78.0,1602.8,22.0,0.925,4.31,43.53,14.0,0.98,0,,0.0,1.61,0.0,Smooth,17.2,Clear,clear sky,5.2,69.3,1008.6,45,2.06,59.1,Urban,86568.33,13,3.155,2.832,0.8456,0.0,0.0,Europe,,,,12.21,66.89,2.0
2025-06-01 21:55:05,77.0,Opel Corsa,78.0,1916.0,26.0,0.925,4.31,38.43,14.0,0.98,0,,0.0,1.64,0.0,Smooth,19.6,Clear,clear sky,8.7,68.5,1009.2,45,2.04,56.6,Urban,86568.34,13,3.152,2.819,0.842,0.0,0.0,Europe,,,,11.23,61.53,2.0
2025-06-01 21:55:07,78.2,Opel Corsa,78.0,1931.5,27.0,0.925,4.31,22.75,14.0,0.98,0,,0.0,1.598,0.0,Smooth,17.5,Clear,clear sky,3.9,83.1,1018.5,45,2.4,55.5,Urban,86568.35,13,3.153,2.824,0.8436,0.0,0.0,Europe,,,,2.44,13.37,2.0
2025-06-01 21:55:08,79.3,Opel Corsa,78.0,1834.0,25.0,0.925,4.31,22.35,14.0,0.98,0,,0.0,1.532,0.0,Smooth,16.5,Clear,clear sky,10.0,68.6,1015.7,45,2.31,55.1,Urban,86568.35,13,3.15,2.825,0.8442,0.0,0.0,Europe,,,,2.4,13.15,2.0
2025-06-01 21:55:09,80.6,Opel Corsa,80.0,1799.0,24.0,0.925,10.2,25.88,14.0,0.98,0,,0.0,1.532,0.0,Smooth,18.6,Clear,clear sky,7.6,51.1,1013.1,45,2.15,54.3,Urban,86568.36,13,3.154,2.834,0.8427,0.0,0.0,Europe,,,,3.49,19.12,2.0
2025-06-01 21:55:10,81.8,Opel Corsa,80.0,1759.8,24.0,0.925,10.2,32.94,14.0,0.98,0,,0.0,1.578,0.0,Smooth,22.2,Clear,clear sky,2.9,60.5,1009.9,45,2.16,61.7,Urban,86568.37,13,3.152,2.83,0.8425,0.0,0.0,Europe,,,,7.88,43.17,2.0
2025-06-01 21:55:11,82.9,Opel Corsa,80.0,1948.2,26.0,0.925,10.2,34.9,14.0,0.98,0,,0.0,1.509,0.0,Smooth,18.2,Clear,clear sky,8.3,75.5,1011.9,45,2.09,61.7,Urban,86568.38,13,3.15,2.825,0.8446,0.0,0.0,Europe,,,,9.35,51.23,2.0
2025-06-01 21:55:12,84.1,Opel Corsa,80.0,2138.5,29.0,0.925,10.2,38.43,14.0,0.98,0,,0.0,1.481,0.0,Smooth,18.8,Clear,clear sky,5.2,60.3,1020.1,45,1.93,59.6,Urban,86568.39,13,3.159,2.825,0.843,0.0,0.0,Europe,,,,13.36,73.2,2.0
2025-06-01 21:55:14,85.2,Opel Corsa,80.0,2440.0,33.0,0.925,10.2,39.22,14.0,0.98,0,,0.0,1.2,0.0,Smooth,15.6,Clear,clear sky,3.8,60.4,1012.9,45,1.93,56.9,Urban,86568.4,13,3.151,2.825,0.8459,0.0,0.0,Europe,,,,15.77,86.4,2.0
2025-06-01 21:55:15,86.4,Opel Corsa,80.0,1572.5,34.0,0.925,10.2,27.84,14.0,0.98,0,,0.0,1.222,0.0,Smooth,20.5,Clear,clear sky,3.6,63.8,1014.2,45,2.11,55.3,Urban,86568.41,13,3.159,2.823,0.8433,0.0,0.0,Europe,,,,4.55,24.93,3.0
2025-06-01 21:55:16,87.5,Opel Corsa,80.0,1697.2,34.0,0.925,10.2,49.02,14.0,0.98,0,,0.0,1.292,0.0,Smooth,21.5,Clear,clear sky,7.5,64.4,1014.9,45,2.21,58.4,Urban,86568.42,13,3.152,2.822,0.8455,0.0,0.0,Europe,,,,16.09,88.15,3.0
2025-06-01 21:55:17,88.6,Opel Corsa,80.0,1902.8,38.0,0.925,10.2,57.25,14.0,0.98,0,,0.0,1.332,0.0,Smooth,15.4,Clear,clear sky,9.1,49.9,1010.9,45,2.39,57.7,Urban,86568.43,13,3.15,2.825,0.845,0.0,0.0,Europe,,,,18.83,103.16,3.0
2025-06-01 21:55:18,89.8,Opel Corsa,80.0,2087.2,42.0,0.925,10.2,42.35,14.0,0.98,0,,0.0,1.274,0.0,Smooth,19.0,Clear,clear sky,6.2,49.6,1007.7,45,1.95,59.4,Urban,86568.44,13,3.151,2.83,0.8448,0.0,0.0,Europe,,,,18.18,99.6,3.0
2025-06-01 21:55:19,90.9,Opel Corsa,80.0,2263.5,46.0,0.925,10.2,42.75,14.0,0.98,0,,0.0,1.27,0.0,Smooth,16.0,Clear,clear sky,0.5,72.9,1004.3,45,2.22,52.6,Urban,86568.46,13,3.154,2.827,0.8425,0.0,0.0,Europe,,,,18.1,99.16,3.0
2025-06-01 21:55:21,92.2,Opel Corsa,82.0,2413.5,49.0,0.925,14.51,39.22,14.0,0.98,0,,0.0,1.193,0.0,Smooth,14.2,Clear,clear sky,2.7,67.6,1019.2,45,2.31,55.7,Urban,86568.48,13,3.146,2.814,0.8466,0.0,0.0,Europe,,,,15.03,82.34,3.0
2025-06-01 21:55:22,93.3,Opel Corsa,82.0,2383.2,49.0,0.925,14.51,25.1,14.0,0.98,0,,0.0,1.264,0.0,Smooth,11.8,Clear,clear sky,8.0,69.7,1015.6,45,2.24,53.9,Urban,86568.49,13,3.145,2.825,0.8455,0.0,0.0,Europe,,,,3.41,18.68,3.0
2025-06-01 21:55:23,94.5,Opel Corsa,82.0,2317.8,47.0,0.925,14.51,24.71,14.0,0.98,0,,0.0,1.264,0.0,Smooth,15.1,Clear,clear sky,4.5,82.9,1006.7,45,2.21,56.1,Urban,86568.51,13,3.145,2.825,0.844,0.0,0.0,Europe,,,,3.14,17.2,3.0
2025-06-01 21:55:24,95.6,Opel Corsa,82.0,2223.5,45.0,0.925,14.51,24.31,14.0,0.98,0,,0.0,1.264,0.0,Smooth,17.4,Clear,clear sky,4.1,56.3,1012.4,45,2.24,52.1,Urban,86568.52,13,3.155,2.825,0.8444,0.0,0.0,Europe,,,,3.09,16.93,3.0
2025-06-01 21:55:25,96.8,Opel Corsa,82.0,2128.0,43.0,0.925,14.51,24.31,14.0,0.98,0,,0.0,1.264,0.0,Smooth,13.5,Clear,clear sky,4.9,64.9,1011.6,45,2.18,55.0,Urban,86568.54,13,3.153,2.833,0.8445,0.0,0.0,Europe,,,,2.96,16.22,3.0
2025-06-01 21:55:26,97.9,Opel Corsa,82.0,2039.0,41.0,0.925,14.51,23.92,14.0,0.98,0,,0.0,1.242,0.0,Smooth,19.9,Clear,clear sky,7.2,60.4,1019.5,45,2.1,54.3,Urban,86568.55,13,3.145,2.824,0.8455,0.0,0.0,Europe,,,,2.8,15.34,3.0
2025-06-01 21:55:27,99.1,Opel Corsa,82.0,1951.2,39.0,0.925,14.51,23.53,14.0,0.98,0,,0.0,1.233,0.0,Smooth,13.3,Clear,clear sky,6.2,57.6,1023.2,45,2.25,53.7,Urban,86568.56,13,3.147,2.828,0.8458,0.0,0.0,Europe,,,,2.7,14.79,3.0
2025-06-01 21:55:29,100.2,Opel Corsa,82.0,1815.8,37.0,0.925,14.51,22.75,14.0,0.98,0,,0.0,1.17,0.0,Smooth,16.1,Clear,clear sky,3.2,70.8,1006.6,45,1.91,58.5,Urban,86568.57,13,3.158,2.825,0.8408,0.0,0.0,Europe,,,,2.49,13.64,3.0
2025-06-01 21:55:30,101.4,Opel Corsa,82.0,1526.2,32.0,0.925,14.51,21.57,14.0,0.98,0,,0.0,1.294,0.0,Smooth,16.0,Clear,clear sky,4.6,68.2,1014.8,45,2.16,57.0,Urban,86568.58,13,3.142,2.828,0.8454,0.0,0.0,Europe,,,,2.11,11.56,3.0
2025-06-01 21:55:31,102.5,Opel Corsa,82.0,1262.8,25.0,0.925,14.51,23.53,14.0,0.98,0,,0.0,1.586,0.0,Smooth,19.3,Clear,clear sky,3.1,70.8,1013.9,45,2.22,57.6,Urban,86568.59,13,3.152,2.823,0.8448,0.0,0.0,Europe,,,,2.78,15.23,3.0
2025-06-01 21:55:32,103.8,Opel Corsa,84.0,1135.0,17.0,0.925,9.41,23.14,14.0,0.98,0,,0.0,1.774,0.0,Smooth,10.7,Clear,clear sky,5.9,72.8,1009.8,45,1.97,60.1,Urban,86568.6,13,3.141,2.831,0.844,0.0,0.0,Europe,,,,2.69,14.74,2.0
2025-06-01 21:55:33,105.0,Opel Corsa,84.0,947.5,12.0,0.925,9.41,22.75,14.0,0.98,0,,0.0,1.724,0.0,Smooth,15.6,Clear,clear sky,1.5,63.5,1013.8,45,2.15,52.0,Urban,86568.6,13,3.157,2.831,0.8433,0.0,0.0,Europe,,,,2.42,13.26,2.0
2025-06-01 21:55:35,106.1,Opel Corsa,84.0,905.2,11.0,0.925,9.41,22.35,14.0,0.98,0,,0.0,1.759,0.0,Smooth,15.3,Clear,clear sky,4.5,57.0,1010.3,45,2.23,59.0,Urban,86568.6,13,3.161,2.829,0.8454,0.0,0.0,Europe,,,,2.19,12.0,2.0
2025-06-01 21:55:36,107.3,Opel Corsa,84.0,929.0,12.0,0.925,9.41,28.24,14.0,0.98,0,,0.0,1.803,0.0,Smooth,14.7,Clear,clear sky,3.6,58.6,1015.9,45,2.09,53.3,Urban,86568.61,13,3.158,2.82,0.8454,0.0,0.0,Europe,,,,4.3,23.56,2.0
2025-06-01 21:55:37,108.4,Opel Corsa,84.0,1015.5,14.0,0.925,9.41,28.24,14.0,0.98,0,,0.0,1.794,0.0,Smooth,20.2,Clear,clear sky,5.2,90.2,1017.1,45,2.3,59.8,Urban,86568.61,13,3.152,2.829,0.845,0.0,0.0,Europe,,,,4.08,22.35,2.0
2025-06-01 21:55:38,109.6,Opel Corsa,84.0,1198.0,16.0,0.925,9.41,30.2,14.0,0.98,0,,0.0,1.764,0.0,Smooth,16.0,Clear,clear sky,5.6,70.3,1010.1,45,2.1,58.5,Urban,86568.62,13,3.152,2.821,0.8452,0.0,0.0,Europe,,,,5.13,28.11,2.0
2025-06-01 21:55:39,110.8,Opel Corsa,84.0,1392.5,19.0,0.925,9.41,32.94,14.0,0.98,0,,0.0,1.665,0.0,Smooth,17.0,Clear,clear sky,7.0,57.6,1022.7,45,1.69,39.8,Urban,86568.62,13,3.152,2.822,0.8431,0.0,0.0,Europe,,,,6.78,37.15,2.0
2025-06-01 21:55:40,111.9,Opel Corsa,84.0,1556.8,21.0,0.925,9.41,28.24,14.0,0.98,0,,0.0,1.66,0.0,Smooth,10.8,Clear,clear sky,11.0,48.6,1018.5,45,1.52,39.5,Urban,86568.63,13,3.133,2.821,0.8448,0.0,0.0,Europe,,,,4.46,24.44,2.0
2025-06-01 21:55:41,113.1,Opel Corsa,84.0,1626.0,22.0,0.925,9.41,31.37,14.0,0.98,0,,0.0,1.679,0.0,Smooth,15.0,Clear,clear sky,4.7,77.1,1011.1,45,1.59,40.9,Urban,86568.64,13,3.149,2.825,0.845,0.0,0.0,Europe,,,,6.53,35.78,2.0
2025-06-01 21:55:43,114.2,Opel Corsa,84.0,1746.8,24.0,0.925,9.41,32.94,14.0,0.98,0,,0.0,1.662,0.0,Smooth,15.7,Clear,clear sky,10.6,64.8,1013.6,45,1.49,44.5,Urban,86568.65,13,3.151,2.831,0.8438,0.0,0.0,Europe,,,,7.42,40.65,2.0
2025-06-01 21:55:44,115.5,Opel Corsa,86.0,1930.5,26.0,0.925,31.37,52.94,14.0,0.98,0,,0.0,1.669,0.0,Smooth,14.4,Clear,clear sky,3.7,55.9,1000.6,45,1.67,40.2,Urban,86568.65,13,3.145,2.821,0.8427,0.0,0.0,Europe,,,,13.78,75.5,2.0
2025-06-01 21:55:45,116.6,Opel Corsa,86.0,2349.5,32.0,0.925,31.37,48.63,14.0,0.98,0,,0.0,1.705,0.0,Smooth,15.7,Clear,clear sky,4.7,73.0,1011.5,45,1.69,43.7,Urban,86568.66,13,3.147,2.826,0.8452,0.0,0.0,Europe,,,,21.27,116.53,2.0
2025-06-01 21:55:46,117.8,Opel Corsa,86.0,2594.2,37.0,0.925,31.37,23.53,14.0,0.98,0,,0.0,1.738,0.0,Smooth,15.1,Clear,clear sky,5.1,79.0,1004.4,45,1.38,37.8,Urban,86568.68,13,3.154,2.824,0.8444,0.0,0.0,Europe,,,,2.94,16.11,2.0
2025-06-01 21:55:47,119.0,Opel Corsa,86.0,1542.0,37.0,0.925,31.37,31.37,14.0,0.98,0,,0.0,1.827,0.0,Smooth,16.2,Clear,clear sky,6.2,52.8,1013.0,45,1.6,44.3,Urban,86568.69,13,3.145,2.822,0.8431,0.0,0.0,Europe,,,,6.68,36.6,4.0
2025-06-01 21:55:48,120.1,Opel Corsa,86.0,1974.2,40.0,0.925,31.37,57.65,14.0,0.98,0,,0.0,1.817,0.0,Smooth,13.3,Clear,clear sky,4.0,86.0,1008.7,45,1.67,42.8,Urban,86568.7,13,3.151,2.824,0.8453,0.0,0.0,Europe,,,,19.74,108.15,3.0
2025-06-01 21:55:50,121.3,Opel Corsa,86.0,2193.5,44.0,0.925,31.37,58.43,14.0,0.98,0,,0.0,1.815,0.0,Smooth,17.7,Clear,clear sky,7.1,58.3,1015.8,45,2.07,40.7,Urban,86568.72,13,3.157,2.82,0.8469,0.0,0.0,Europe,,,,22.55,123.54,3.0
2025-06-01 21:55:51,122.4,Opel Corsa,86.0,2432.5,49.0,0.925,31.37,59.61,14.0,0.98,0,,0.0,1.837,0.0,Smooth,14.0,Clear,clear sky,5.3,57.8,1017.8,45,1.61,42.8,Urban,86568.73,13,3.153,2.826,0.8428,0.0,0.0,Europe,,,,25.41,139.21,3.0
2025-06-01 21:55:52,123.6,Opel Corsa,86.0,1506.8,49.0,0.925,31.37,31.37,14.0,0.98,0,,0.0,1.928,0.0,Smooth,13.2,Clear,clear sky,4.3,75.0,1015.0,45,1.98,40.7,Urban,86568.75,13,3.155,2.827,0.8414,0.0,0.0,Europe,,,,6.39,35.01,5.0
2025-06-01 21:55:53,124.7,Opel Corsa,86.0,1778.2,50.0,0.925,31.37,55.69,14.0,0.98,0,,0.0,1.925,0.0,Smooth,12.1,Clear,clear sky,4.3,63.0,1016.4,45,1.46,39.1,Urban,86568.76,13,3.147,2.823,0.8448,0.0,0.0,Europe,,,,14.88,81.52,4.0
2025-06-01 21:55:54,125.9,Opel Corsa,86.0,1858.0,52.0,0.925,31.37,41.96,14.0,0.98,0,,0.0,1.742,0.0,Smooth,13.8,Clear,clear sky,5.3,54.6,1017.1,45,1.59,38.1,Urban,86568.78,13,3.151,2.827,0.8452,0.0,0.0,Europe,,,,12.87,70.51,4.0
2025-06-01 21:55:56,127.2,Opel Corsa,88.0,1917.0,54.0,0.925,22.35,36.86,14.0,0.98,0,,0.0,1.504,0.0,Smooth,19.5,Clear,clear sky,6.0,58.5,1008.5,45,1.92,38.5,Urban,86568.8,13,3.151,2.824,0.8446,0.0,0.0,Europe,,,,10.16,55.66,4.0
2025-06-01 21:55:57,128.3,Opel Corsa,88.0,1940.8,55.0,0.925,22.35,36.47,14.0,0.98,0,,0.0,1.43,0.0,Smooth,15.6,Clear,clear sky,5.0,72.8,1012.3,45,1.52,38.8,Urban,86568.82,13,3.15,2.822,0.8435,0.0,0.0,Europe,,,,9.92,54.35,4.0
2025-06-01 21:55:58,129.5,Opel Corsa,88.0,1972.0,56.0,0.925,22.35,36.47,14.0,0.98,0,,0.0,1.43,0.0,Smooth,14.5,Clear,clear sky,5.7,71.5,1018.9,45,1.63,40.0,Urban,86568.83,13,3.146,2.822,0.8434,0.0,0.0,Europe,,,,10.07,55.17,4.0
2025-06-01 21:55:59,130.6,Opel Corsa,88.0,2010.5,57.0,0.925,22.35,35.29,14.0,0.98,0,,0.0,1.43,0.0,Smooth,15.6,Clear,clear sky,7.3,63.7,1017.7,45,2.08,44.4,Urban,86568.85,13,3.148,2.826,0.8412,0.0,0.0,Europe,,,,9.28,50.84,4.0
2025-06-01 21:56:00,131.8,Opel Corsa,88.0,2023.0,57.0,0.925,22.35,27.06,14.0,0.98,0,,0.0,1.494,0.0,Smooth,15.8,Clear,clear sky,5.3,53.1,1010.5,45,1.77,37.5,Urban,86568.87,13,3.147,2.82,0.8435,0.0,0.0,Europe,,,,4.15,22.74,4.0
2025-06-01 21:56:01,133.0,Opel Corsa,88.0,2021.2,57.0,0.925,22.35,23.53,14.0,0.98,0,,0.0,1.55,0.0,Smooth,12.2,Clear,clear sky,9.2,72.6,1018.5,45,1.69,44.0,Urban,86568.89,13,3.145,2.829,0.8442,0.0,0.0,Europe,,,,2.72,14.9,4.0
2025-06-01 21:56:02,134.1,Opel Corsa,88.0,1994.5,56.0,0.925,22.35,31.76,14.0,0.98,0,,0.0,1.549,0.0,Smooth,14.7,Clear,clear sky,7.4,50.5,1014.9,45,1.88,41.9,Urban,86568.91,13,3.149,2.821,0.8408,0.0,0.0,Europe,,,,6.97,38.19,4.0
2025-06-01 21:56:04,135.2,Opel Corsa,88.0,1995.8,56.0,0.925,22.35,30.59,14.0,0.98,0,,0.0,1.593,0.0,Smooth,15.1,Clear,clear sky,4.9,38.7,1013.5,45,1.6,42.5,Urban,86568.92,13,3.153,2.825,0.8419,0.0,0.0,Europe,,,,6.27,34.35,4.0
2025-06-01 21:56:05,136.4,Opel Corsa,88.0,1992.5,56.0,0.925,22.35,28.63,14.0,0.98,0,,0.0,1.625,0.0,Smooth,16.9,Clear,clear sky,9.8,72.5,1009.8,45,1.62,42.5,Urban,86568.94,13,3.146,2.826,0.8447,0.0,0.0,Europe,,,,4.83,26.46,4.0
2025-06-01 21:56:06,137.5,Opel Corsa,88.0,1976.8,56.0,0.925,22.35,28.63,14.0,0.98,0,,0.0,1.66,0.0,Smooth,16.8,Clear,clear sky,7.2,80.9,1006.5,45,1.91,39.1,Urban,86568.96,13,3.145,2.824,0.8465,0.0,0.0,Europe,,,,5.12,28.05,4.0
2025-06-01 21:56:07,138.9,Opel Corsa,90.0,1964.2,56.0,0.918,10.98,29.02,14.0,0.98,0,,0.0,1.691,0.0,Smooth,15.5,Clear,clear sky,3.5,66.3,1022.9,45,1.46,37.3,Urban,86568.98,13,3.144,2.828,0.8421,0.0,0.0,Europe,,,,5.16,28.27,4.0
2025-06-01 21:56:08,140.0,Opel Corsa,90.0,1938.2,55.0,0.918,10.98,22.75,14.0,0.98,0,,0.0,1.431,0.0,Smooth,15.3,Clear,clear sky,9.5,55.4,1019.4,45,1.73,34.7,Urban,86569.0,13,3.151,2.822,0.8438,0.0,0.0,Europe,,,,2.46,13.48,4.0
2025-06-01 21:56:10,141.2,Opel Corsa,90.0,1909.5,54.0,0.918,10.98,27.45,14.0,0.98,0,,0.0,1.228,0.0,Smooth,14.4,Clear,clear sky,8.5,81.1,1008.6,45,1.61,45.2,Urban,86569.02,13,3.155,2.823,0.8445,0.0,0.0,Europe,,,,4.42,24.22,4.0
2025-06-01 21:56:11,142.3,Opel Corsa,90.0,1909.5,54.0,0.918,10.98,27.45,14.0,0.98,0,,0.0,1.228,0.0,Smooth,13.9,Clear,clear sky,5.7,74.5,1008.0,45,1.65,37.3,Urban,86569.03,13,3.154,2.825,0.8441,0.0,0.0,Europe,,,,4.3,23.56,4.0
2025-06-01 21:56:12,143.5,Opel Corsa,90.0,1894.5,53.0,0.918,10.98,27.45,14.0,0.98,0,,0.0,1.167,0.0,Smooth,17.0,Clear,clear sky,4.5,48.1,1008.0,45,1.77,40.0,Urban,86569.05,13,3.152,2.828,0.8478,0.0,0.0,Europe,,,,4.28,23.45,4.0
2025-06-01 21:56:13,144.6,Opel Corsa,90.0,1884.0,53.0,0.918,10.98,30.59,14.0,0.98,0,,0.0,1.018,0.0,Smooth,11.0,Clear,clear sky,8.1,55.6,1019.2,45,1.58,39.6,Urban,86569.07,13,3.147,2.824,0.8445,0.0,0.0,Europe,,,,5.74,31.45,4.0
2025-06-01 21:56:14,145.8,Opel Corsa,90.0,1889.5,53.0,0.918,10.98,31.37,14.0,0.98,0,,0.0,0.572,0.0,Smooth,17.3,Clear,clear sky,7.0,64.9,1015.1,45,1.59,38.7,Urban,86569.08,13,3.15,2.818,0.8412,0.0,0.0,Europe,,,,6.68,36.6,4.0
2025-06-01 21:56:15,146.9,Opel Corsa,90.0,1897.8,54.0,0.918,10.98,31.76,14.0,0.98,0,,0.0,0.564,0.0,Smooth,15.2,Clear,clear sky,3.8,59.5,1008.2,45,1.83,44.5,Urban,86569.1,13,3.153,2.826,0.8424,0.0,0.0,Europe,,,,6.84,37.47,4.0
2025-06-01 21:56:16,148.1,Opel Corsa,90.0,1906.8,54.0,0.918,10.98,31.37,14.0,0.98,0,,0.0,0.572,0.0,Smooth,16.5,Clear,clear sky,7.9,68.6,1013.1,45,1.76,44.0,Urban,86569.12,13,3.153,2.827,0.8429,0.0,0.0,Europe,,,,6.64,36.38,4.0
2025-06-01 21:56:18,149.3,Opel Corsa,90.0,1919.8,54.0,0.918,10.98,34.51,14.0,0.98,0,,0.0,0.504,0.0,Smooth,12.6,Clear,clear sky,4.2,72.7,1013.6,45,1.89,40.1,Urban,86569.14,13,3.152,2.818,0.8439,0.0,0.0,Europe,,,,8.89,48.71,4.0
2025-06-01 21:56:19,150.5,Opel Corsa,92.0,1940.0,55.0,0.918,9.8,28.24,14.0,0.98,0,,0.0,0.438,0.0,Smooth,14.7,Clear,clear sky,5.3,57.9,1014.0,45,1.5,42.5,Urban,86569.16,13,3.148,2.82,0.8415,0.0,0.0,Europe,,,,4.66,25.53,4.0
2025-06-01 21:56:20,151.6,Opel Corsa,92.0,1901.0,54.0,0.918,9.8,22.35,14.0,0.98,0,,0.0,0.44,0.0,Smooth,16.4,Clear,clear sky,6.1,74.3,1014.6,45,1.88,42.8,Urban,86569.17,13,3.147,2.823,0.845,0.0,0.0,Europe,,,,2.37,12.98,4.0
2025-06-01 21:56:21,152.8,Opel Corsa,92.0,1934.8,53.0,0.918,9.8,30.98,14.0,0.98,0,,0.0,0.439,0.0,Smooth,11.2,Clear,clear sky,8.5,78.9,1006.9,45,2.03,36.6,Urban,86569.19,13,3.144,2.824,0.8425,0.0,0.0,Europe,,,,6.6,36.16,4.0
2025-06-01 21:56:22,153.9,Opel Corsa,92.0,1885.5,53.0,0.918,9.8,30.59,14.0,0.98,0,,0.0,0.433,0.0,Smooth,11.0,Clear,clear sky,6.5,81.5,1015.4,45,1.68,40.3,Urban,86569.21,13,3.135,2.825,0.8466,0.0,0.0,Europe,,,,6.19,33.91,4.0
2025-06-01 21:56:23,155.1,Opel Corsa,92.0,1889.2,53.0,0.918,9.8,31.37,14.0,0.98,0,,0.0,0.433,0.0,Smooth,16.7,Clear,clear sky,5.9,66.1,1009.9,45,1.51,37.8,Urban,86569.22,13,3.153,2.821,0.8424,0.0,0.0,Europe,,,,6.63,36.32,4.0
2025-06-01 21:56:25,156.3,Opel Corsa,92.0,1897.0,54.0,0.918,9.8,31.37,14.0,0.98,0,,0.0,0.44,0.0,Smooth,13.4,Clear,clear sky,7.2,61.6,1012.8,45,1.54,41.3,Urban,86569.24,13,3.153,2.825,0.844,0.0,0.0,Europe,,,,6.71,36.76,4.0
2025-06-01 21:56:26,157.4,Opel Corsa,92.0,1909.2,54.0,0.918,9.8,28.63,14.0,0.98,0,,0.0,0.433,0.0,Smooth,16.6,Clear,clear sky,4.3,76.9,1013.0,45,1.62,36.1,Urban,86569.26,13,3.15,2.826,0.8419,0.0,0.0,Europe,,,,5.02,27.5,4.0
2025-06-01 21:56:27,158.6,Opel Corsa,92.0,1896.8,53.0,0.918,9.8,23.53,14.0,0.98,0,,0.0,0.441,0.0,Smooth,14.4,Clear,clear sky,5.1,31.6,1010.0,45,1.5,32.5,Urban,86569.28,13,3.147,2.83,0.8428,0.0,0.0,Europe,,,,2.57,14.08,4.0
2025-06-01 21:56:28,159.7,Opel Corsa,92.0,1819.2,51.0,0.918,9.8,23.14,14.0,0.98,0,,0.0,0.532,0.0,Smooth,14.0,Clear,clear sky,5.4,49.8,1013.1,45,1.62,45.0,Urban,86569.29,13,3.142,2.822,0.8422,0.0,0.0,Europe,,,,2.59,14.19,4.0
2025-06-01 21:56:29,160.8,Opel Corsa,92.0,1758.0,50.0,0.918,9.8,22.75,14.0,0.98,0,,0.0,0.528,0.0,Smooth,14.4,Clear,clear sky,4.0,77.9,1007.1,45,1.5,42.8,Urban,86569.31,13,3.156,2.828,0.8428,0.0,0.0,Europe,,,,2.46,13.48,4.0
2025-06-01 21:56:30,162.1,Opel Corsa,94.0,1669.0,47.0,0.918,5.88,22.35,14.0,0.98,0,,0.0,0.647,0.0,Smooth,16.1,Clear,clear sky,4.3,61.0,1013.8,45,1.52,37.0,Urban,86569.32,13,3.149,2.829,0.8451,0.0,0.0,Europe,,,,2.3,12.6,4.0
2025-06-01 21:56:32,163.2,Opel Corsa,94.0,1481.0,41.0,0.918,5.88,20.0,14.0,0.98,0,,0.0,1.198,0.0,Smooth,12.3,Clear,clear sky,8.9,59.2,1018.1,45,1.73,42.5,Urban,86569.34,13,3.154,2.821,0.8396,0.0,0.0,Europe,,,,1.74,9.53,4.0
2025-06-01 21:56:33,164.4,Opel Corsa,94.0,1454.5,40.0,0.918,5.88,24.31,14.0,0.98,0,,0.0,1.198,0.0,Smooth,14.8,Clear,clear sky,5.4,62.9,1013.7,45,1.4,36.9,Urban,86569.35,13,3.149,2.83,0.8403,0.0,0.0,Europe,,,,3.02,16.55,4.0
2025-06-01 21:56:34,165.5,Opel Corsa,94.0,1404.8,39.0,0.918,5.88,21.96,14.0,0.98,0,,0.0,1.181,0.0,Smooth,15.9,Clear,clear sky,5.4,65.1,1006.9,45,1.8,41.5,Urban,86569.36,13,3.15,2.823,0.8472,0.0,0.0,Europe,,,,2.28,12.49,4.0
2025-06-01 21:56:35,166.7,Opel Corsa,94.0,1355.5,38.0,0.918,5.88,21.96,14.0,0.98,0,,0.0,1.181,0.0,Smooth,14.8,Clear,clear sky,8.0,66.0,1019.7,45,1.39,35.6,Urban,86569.37,13,3.145,2.83,0.8468,0.0,0.0,Europe,,,,2.32,12.71,4.0
2025-06-01 21:56:36,167.8,Opel Corsa,94.0,1126.2,32.0,0.918,5.88,26.67,14.0,0.98,0,,0.0,1.514,0.0,Smooth,18.7,Clear,clear sky,3.8,48.2,1012.3,45,1.9,40.9,Urban,86569.38,13,3.153,2.829,0.8427,0.0,0.0,Europe,,,,3.8,20.82,4.0
2025-06-01 21:56:37,168.9,Opel Corsa,94.0,1075.5,26.0,0.918,5.88,24.71,14.0,0.98,0,,0.0,1.753,0.0,Smooth,17.2,Clear,clear sky,8.6,52.3,1018.2,45,1.61,45.6,Urban,86569.39,13,3.15,2.817,0.8429,0.0,0.0,Europe,,,,3.16,17.31,4.0
2025-06-01 21:56:38,170.1,Opel Corsa,94.0,1050.8,25.0,0.918,5.88,24.31,14.0,0.98,0,,0.0,1.753,0.0,Smooth,15.8,Clear,clear sky,3.2,41.8,1014.4,45,1.88,44.3,Urban,86569.4,13,3.155,2.825,0.842,0.0,0.0,Europe,,,,3.02,16.55,4.0
2025-06-01 21:56:40,171.2,Opel Corsa,94.0,1724.0,22.0,0.918,5.88,28.63,14.0,0.98,0,,0.0,1.738,0.0,Smooth,11.8,Clear,clear sky,6.0,49.3,1005.5,45,1.48,41.3,Urban,86569.41,13,3.149,2.829,0.84,0.0,0.0,Europe,,,,4.86,26.63,2.0
2025-06-01 21:56:41,172.4,Opel Corsa,94.0,1776.0,24.0,0.918,5.88,53.33,14.0,0.98,0,,0.0,1.699,0.0,Smooth,16.6,Clear,clear sky,7.1,47.3,1010.6,45,1.41,40.5,Urban,86569.41,13,3.156,2.83,0.8462,0.0,0.0,Europe,,,,12.6,69.03,2.0
2025-06-01 21:56:42,173.7,Opel Corsa,95.0,2073.5,28.0,0.918,29.02,41.18,14.0,0.98,0,,0.0,1.716,0.0,Smooth,14.6,Clear,clear sky,10.8,65.8,1019.4,45,1.63,47.8,Urban,86569.42,13,3.156,2.827,0.8414,0.0,0.0,Europe,,,,14.31,78.4,2.0
2025-06-01 21:56:43,174.8,Opel Corsa,95.0,2424.2,33.0,0.918,29.02,39.22,14.0,0.98,0,,0.0,1.796,0.0,Smooth,15.7,Clear,clear sky,7.8,49.4,1010.0,45,1.53,46.4,Urban,86569.44,13,3.153,2.831,0.8438,0.0,0.0,Europe,,,,15.97,87.49,2.0
2025-06-01 21:56:44,176.0,Opel Corsa,95.0,2700.8,37.0,0.918,29.02,38.43,14.0,0.98,0,,0.0,1.811,0.0,Smooth,16.3,Clear,clear sky,3.2,52.0,1006.9,45,1.81,44.4,Urban,86569.45,13,3.151,2.825,0.843,0.0,0.0,Europe,,,,14.98,82.07,2.0
2025-06-01 21:56:46,177.1,Opel Corsa,95.0,1728.0,37.0,0.918,29.02,27.84,14.0,0.98,0,,0.0,1.811,0.0,Smooth,15.6,Clear,clear sky,0.5,50.2,1013.5,45,1.86,34.8,Urban,86569.46,13,3.149,2.824,0.8429,0.0,0.0,Europe,,,,4.5,24.65,3.0
2025-06-01 21:56:47,178.3,Opel Corsa,95.0,1891.2,38.0,0.918,29.02,57.65,14.0,0.98,0,,0.0,1.769,0.0,Smooth,13.2,Clear,clear sky,5.6,58.9,1013.3,45,1.77,36.8,Urban,86569.47,13,3.139,2.823,0.8453,0.0,0.0,Europe,,,,18.63,102.07,3.0
2025-06-01 21:56:48,179.4,Opel Corsa,95.0,2076.0,42.0,0.918,29.02,42.35,14.0,0.98,0,,0.0,1.769,0.0,Smooth,14.7,Clear,clear sky,2.6,77.9,1016.0,45,1.68,38.8,Urban,86569.48,13,3.158,2.824,0.8415,0.0,0.0,Europe,,,,15.77,86.4,3.0
2025-06-01 21:56:49,180.6,Opel Corsa,95.0,2206.2,45.0,0.918,29.02,41.18,14.0,0.98,0,,0.0,1.689,0.0,Smooth,14.6,Clear,clear sky,5.0,65.5,1005.7,45,1.19,41.4,Urban,86569.5,13,3.151,2.83,0.8407,0.0,0.0,Europe,,,,16.24,88.97,3.0
2025-06-01 21:56:50,181.8,Opel Corsa,95.0,2354.2,48.0,0.918,29.02,39.22,14.0,0.98,0,,0.0,1.652,0.0,Smooth,14.7,Clear,clear sky,9.6,55.2,1018.6,45,1.74,38.2,Urban,86569.51,13,3.15,2.825,0.8471,0.0,0.0,Europe,,,,15.43,84.54,3.0
2025-06-01 21:56:51,182.9,Opel Corsa,95.0,2472.5,50.0,0.918,29.02,36.86,14.0,0.98,0,,0.0,1.654,0.0,Smooth,15.4,Clear,clear sky,2.7,44.2,1018.0,45,1.51,41.4,Urban,86569.53,13,3.15,2.819,0.8434,0.0,0.0,Europe,,,,12.99,71.17,3.0
2025-06-01 21:56:52,184.1,Opel Corsa,95.0,1446.8,49.0,0.918,29.02,29.41,14.0,0.98,0,,0.0,1.655,0.0,Smooth,11.9,Clear,clear sky,3.3,50.3,1015.1,45,1.72,38.0,Urban,86569.55,13,3.152,2.826,0.8448,0.0,0.0,Europe,,,,5.97,32.71,5.0
2025-06-01 21:56:54,185.4,Opel Corsa,96.0,1741.2,49.0,0.918,27.84,50.59,14.0,0.98,0,,0.0,1.743,0.0,Smooth,14.4,Clear,clear sky,5.1,47.1,1010.2,45,1.58,44.1,Urban,86569.56,13,3.145,2.828,0.843,0.0,0.0,Europe,,,,12.56,68.81,4.0
2025-06-01 21:56:55,186.5,Opel Corsa,96.0,1798.8,51.0,0.918,27.84,39.22,14.0,0.98,0,,0.0,1.616,0.0,Smooth,13.1,Clear,clear sky,5.7,64.1,1013.9,45,1.76,43.5,Urban,86569.58,13,3.15,2.827,0.8442,0.0,0.0,Europe,,,,11.16,61.14,4.0
2025-06-01 21:56:56,187.7,Opel Corsa,96.0,1812.0,51.0,0.918,27.84,27.84,14.0,0.98,0,,0.0,1.664,0.0,Smooth,10.6,Clear,clear sky,4.7,61.7,1020.7,45,1.69,43.0,Urban,86569.6,13,3.148,2.832,0.843,0.0,0.0,Europe,,,,4.19,22.96,4.0
2025-06-01 21:56:57,188.8,Opel Corsa,96.0,1809.0,51.0,0.918,27.84,31.76,14.0,0.98,0,,0.0,1.709,0.0,Smooth,13.0,Clear,clear sky,4.2,72.7,1017.1,45,1.63,47.0,Urban,86569.61,13,3.149,2.827,0.8426,0.0,0.0,Europe,,,,6.79,37.2,4.0
2025-06-01 21:56:58,190.0,Opel Corsa,96.0,1813.8,51.0,0.918,27.84,32.16,14.0,0.98,0,,0.0,1.752,0.0,Smooth,12.2,Clear,clear sky,5.3,63.0,999.7,45,1.95,47.2,Urban,86569.63,13,3.152,2.828,0.8488,0.0,0.0,Europe,,,,7.01,38.41,4.0
2025-06-01 21:57:00,191.2,Opel Corsa,96.0,1828.8,52.0,0.918,27.84,33.73,14.0,0.98,0,,0.0,1.591,0.0,Smooth,13.9,Clear,clear sky,3.7,75.2,1023.4,45,2.04,45.2,Urban,86569.65,13,3.139,2.817,0.8421,0.0,0.0,Europe,,,,8.11,44.43,4.0
2025-06-01 21:57:01,192.3,Opel Corsa,96.0,1845.2,52.0,0.918,27.84,34.51,14.0,0.98,0,,0.0,1.402,0.0,Smooth,12.7,Clear,clear sky,4.5,68.8,1019.0,45,1.89,43.0,Urban,86569.66,13,3.15,2.825,0.8484,0.0,0.0,Europe,,,,8.81,48.27,4.0
2025-06-01 21:57:02,193.4,Opel Corsa,96.0,1870.8,53.0,0.918,27.84,34.51,14.0,0.98,0,,0.0,1.402,0.0,Smooth,13.2,Clear,clear sky,7.2,67.8,1015.5,45,1.36,42.0,Urban,86569.68,13,3.138,2.827,0.8474,0.0,0.0,Europe,,,,8.86,48.54,4.0
2025-06-01 21:57:03,194.6,Opel Corsa,96.0,1898.0,54.0,0.918,27.84,34.51,14.0,0.98,0,,0.0,1.386,0.0,Smooth,15.9,Clear,clear sky,7.6,47.5,1013.3,45,1.51,39.6,Urban,86569.7,13,3.148,2.824,0.8431,0.0,0.0,Europe,,,,8.97,49.14,4.0
2025-06-01 21:57:04,195.7,Opel Corsa,96.0,1915.8,54.0,0.918,27.84,33.73,14.0,0.98,0,,0.0,1.421,0.0,Smooth,13.3,Clear,clear sky,5.4,48.0,1015.2,45,1.45,36.5,Urban,86569.71,13,3.15,2.82,0.8432,0.0,0.0,Europe,,,,8.28,45.36,4.0
2025-06-01 21:57:05,197.0,Opel Corsa,98.0,1938.5,55.0,0.918,15.69,32.55,14.0,0.98,0,,0.0,1.366,0.0,Smooth,15.3,Clear,clear sky,0.5,54.8,1016.8,45,1.31,41.2,Urban,86569.73,13,3.143,2.821,0.8467,0.0,0.0,Europe,,,,7.51,41.15,4.0
2025-06-01 21:57:07,198.1,Opel Corsa,98.0,1953.2,55.0,0.918,15.69,32.55,14.0,0.98,0,,0.0,1.182,0.0,Smooth,13.4,Clear,clear sky,3.2,55.1,1013.6,45,1.98,36.1,Urban,86569.75,13,3.148,2.821,0.8416,0.0,0.0,Europe,,,,7.36,40.32,4.0
2025-06-01 21:57:08,199.3,Opel Corsa,98.0,1955.8,55.0,0.918,15.69,32.16,14.0,0.98,0,,0.0,1.046,0.0,Smooth,11.6,Clear,clear sky,9.4,82.7,1015.8,45,1.55,40.0,Urban,86569.77,13,3.147,2.821,0.844,0.0,0.0,Europe,,,,7.31,40.05,4.0
2025-06-01 21:57:09,200.4,Opel Corsa,98.0,1968.8,56.0,0.918,15.69,32.16,14.0,0.98,0,,0.0,1.026,0.0,Smooth,13.3,Clear,clear sky,4.5,49.6,1011.1,45,1.84,40.9,Urban,86569.79,13,3.157,2.834,0.8464,0.0,0.0,Europe,,,,7.23,39.61,4.0
2025-06-01 21:57:10,201.6,Opel Corsa,98.0,1973.2,56.0,0.918,15.69,32.16,14.0,0.98,0,,0.0,1.046,0.0,Smooth,12.1,Clear,clear sky,6.7,67.1,1011.3,45,1.78,39.6,Urban,86569.8,13,3.149,2.833,0.844,0.0,0.0,Europe,,,,7.42,40.65,4.0
2025-06-01 21:57:11,202.7,Opel Corsa,98.0,1977.8,56.0,0.918,15.69,32.16,14.0,0.98,0,,0.0,0.861,0.0,Smooth,13.9,Clear,clear sky,3.4,57.8,1008.1,45,1.46,39.1,Urban,86569.82,13,3.152,2.831,0.8424,0.0,0.0,Europe,,,,7.1,38.9,4.0
2025-06-01 21:57:12,203.9,Opel Corsa,98.0,1978.0,55.0,0.918,15.69,22.35,14.0,0.98,0,,0.0,0.746,0.0,Smooth,9.8,Clear,clear sky,4.9,61.4,1020.3,45,1.6,43.4,Urban,86569.84,13,3.143,2.831,0.8435,0.0,0.0,Europe,,,,2.33,12.77,4.0
2025-06-01 21:57:13,205.0,Opel Corsa,98.0,1900.2,54.0,0.918,15.69,23.53,14.0,0.98,0,,0.0,0.59,0.0,Smooth,11.2,Clear,clear sky,6.3,64.5,1010.1,45,1.53,45.5,Urban,86569.86,13,3.146,2.823,0.8452,0.0,0.0,Europe,,,,2.69,14.74,4.0
2025-06-01 21:57:15,206.2,Opel Corsa,98.0,1836.8,52.0,0.918,15.69,23.14,14.0,0.98,0,,0.0,0.59,0.0,Smooth,14.2,Clear,clear sky,7.0,74.8,1024.1,45,1.49,40.0,Urban,86569.87,13,3.146,2.83,0.8465,0.0,0.0,Europe,,,,2.67,14.63,4.0
2025-06-01 21:57:16,207.3,Opel Corsa,98.0,1748.5,50.0,0.918,15.69,22.75,14.0,0.98,0,,0.0,0.649,0.0,Smooth,10.7,Clear,clear sky,5.2,77.4,1012.8,45,1.69,38.2,Urban,86569.89,13,3.152,2.819,0.8435,0.0,0.0,Europe,,,,2.49,13.64,5.0
2025-06-01 21:57:17,208.6,Opel Corsa,98.0,1482.0,42.0,0.918,9.8,21.57,14.0,0.98,0,,0.0,1.372,0.0,Smooth,13.2,Clear,clear sky,1.6,49.9,1002.6,45,2.01,42.4,Urban,86569.9,13,3.154,2.827,0.8438,0.0,0.0,Europe,,,,2.13,11.67,4.0
2025-06-01 21:57:18,209.8,Opel Corsa,98.0,1362.8,31.0,0.918,9.8,23.92,14.0,0.98,0,,8.0,2.355,0.0,Aggressive,9.3,Clear,clear sky,6.1,54.5,1007.5,45,1.61,42.9,Urban,86569.91,13,3.142,2.822,0.842,0.0,0.0,Europe,,,,2.88,15.78,4.0
2025-06-01 21:57:19,210.9,Opel Corsa,98.0,1169.0,25.0,0.918,9.8,24.31,14.0,0.98,0,,8.0,2.506,0.0,Aggressive,14.4,Clear,clear sky,3.1,62.5,1012.5,45,1.35,43.8,Urban,86569.92,13,3.152,2.819,0.8458,0.0,0.0,Europe,,,,2.93,16.05,3.0
2025-06-01 21:57:20,212.1,Opel Corsa,98.0,1135.0,23.0,0.918,9.8,23.53,14.0,0.98,0,,8.0,2.48,0.0,Aggressive,17.2,Clear,clear sky,4.1,39.0,1017.2,45,1.76,37.5,Urban,86569.93,13,3.152,2.82,0.839,0.0,0.0,Europe,,,,2.56,14.03,3.0
2025-06-01 21:57:22,213.2,Opel Corsa,98.0,1510.8,21.0,0.918,9.8,27.45,14.0,0.98,0,,8.0,2.451,0.0,Aggressive,12.4,Clear,clear sky,5.9,48.5,1009.5,45,2.0,42.9,Urban,86569.94,13,3.152,2.822,0.841,0.0,0.0,Europe,,,,4.15,22.74,2.0
2025-06-01 21:57:23,214.4,Opel Corsa,98.0,1733.2,23.0,0.918,9.8,52.55,14.0,0.98,0,,8.0,2.444,0.0,Aggressive,13.4,Clear,clear sky,6.3,66.5,1015.1,45,1.57,38.7,Urban,86569.94,13,3.152,2.821,0.8429,0.0,0.0,Europe,,,,12.63,69.2,2.0
2025-06-01 21:57:24,215.5,Opel Corsa,98.0,2015.5,27.0,0.918,9.8,40.39,14.0,0.98,0,,8.0,2.441,0.0,Aggressive,15.9,Clear,clear sky,1.8,62.4,1011.3,45,1.82,39.0,Urban,86569.95,13,3.148,2.815,0.8398,0.0,0.0,Europe,,,,13.15,72.04,2.0
2025-06-01 21:57:25,216.6,Opel Corsa,98.0,2294.8,31.0,0.918,9.8,38.82,14.0,0.98,0,,8.0,2.452,0.0,Aggressive,13.2,Clear,clear sky,6.6,61.7,1008.9,45,1.16,42.8,Urban,86569.96,13,3.142,2.819,0.8451,0.0,0.0,Europe,,,,14.68,80.43,2.0
2025-06-01 21:57:26,217.8,Opel Corsa,98.0,2582.0,35.0,0.918,9.8,38.43,14.0,0.98,0,,8.0,2.455,0.0,Aggressive,12.5,Clear,clear sky,4.2,63.6,1011.7,45,2.02,39.4,Urban,86569.97,13,3.142,2.822,0.8461,0.0,0.0,Europe,,,,15.17,83.11,2.0
2025-06-01 21:57:27,218.9,Opel Corsa,98.0,2075.8,37.0,0.918,9.8,22.35,14.0,0.98,0,,8.0,2.404,0.0,Aggressive,17.0,Clear,clear sky,4.5,58.0,1020.5,45,1.43,37.4,Urban,86569.98,13,3.144,2.826,0.8437,0.0,0.0,Europe,,,,2.34,12.82,3.0
2025-06-01 21:57:29,220.2,Opel Corsa,96.0,1848.2,36.0,0.918,32.94,39.22,14.0,0.98,0,,8.0,2.404,0.0,Aggressive,13.1,Clear,clear sky,2.4,51.1,1009.0,45,1.78,34.0,Urban,86570.0,13,3.154,2.826,0.842,0.0,0.0,Europe,,,,18.0,98.62,3.0
2025-06-01 21:57:30,221.3,Opel Corsa,96.0,1981.5,39.0,0.918,32.94,43.14,14.0,0.98,0,,8.0,2.345,0.0,Aggressive,11.7,Clear,clear sky,6.3,61.4,1004.0,45,2.01,54.0,Urban,86570.01,13,3.148,2.825,0.8444,0.0,0.0,Europe,,,,15.01,82.24,3.0
2025-06-01 21:57:31,222.5,Opel Corsa,96.0,2133.2,43.0,0.918,32.94,42.35,14.0,0.98,0,,8.0,2.285,0.0,Aggressive,10.1,Clear,clear sky,4.9,52.3,1017.6,45,1.55,50.6,Urban,86570.02,13,3.15,2.834,0.8411,0.0,0.0,Europe,,,,17.09,93.63,3.0
2025-06-01 21:57:32,223.6,Opel Corsa,96.0,2305.2,46.0,0.918,32.94,41.57,14.0,0.98,0,,8.0,2.251,0.0,Aggressive,15.3,Clear,clear sky,1.1,48.5,1012.9,45,1.48,57.0,Urban,86570.04,13,3.138,2.826,0.8431,0.0,0.0,Europe,,,,17.49,95.82,3.0
2025-06-01 21:57:33,224.8,Opel Corsa,96.0,2118.5,49.0,0.918,32.94,20.78,14.0,0.98,0,,8.0,2.163,0.0,Aggressive,14.3,Clear,clear sky,5.8,50.9,1010.9,45,1.84,53.5,Urban,86570.05,13,3.145,2.826,0.8429,0.0,0.0,Europe,,,,1.86,10.19,4.0
2025-06-01 21:57:34,225.9,Opel Corsa,96.0,1688.8,48.0,0.918,32.94,40.78,14.0,0.98,0,,8.0,2.112,0.0,Aggressive,10.9,Clear,clear sky,8.6,70.7,1009.7,45,1.53,51.2,Urban,86570.07,13,3.153,2.824,0.8474,0.0,0.0,Europe,,,,22.72,124.48,4.0
2025-06-01 21:57:35,227.0,Opel Corsa,96.0,1776.8,50.0,0.918,32.94,45.49,14.0,0.98,0,,8.0,2.077,0.0,Aggressive,13.8,Clear,clear sky,5.8,58.5,1011.3,45,1.46,55.7,Urban,86570.08,13,3.148,2.829,0.8449,0.0,0.0,Europe,,,,14.07,77.09,4.0
2025-06-01 21:57:37,228.2,Opel Corsa,96.0,1854.5,52.0,0.918,32.94,41.96,14.0,0.98,0,,8.0,2.042,0.0,Aggressive,15.4,Clear,clear sky,5.5,73.3,1008.7,45,1.16,56.4,Urban,86570.1,13,3.149,2.826,0.8411,0.0,0.0,Europe,,,,13.14,71.99,4.0
2025-06-01 21:57:38,229.4,Opel Corsa,96.0,1926.0,54.0,0.918,32.94,40.78,14.0,0.98,0,,8.0,2.043,0.0,Aggressive,11.5,Clear,clear sky,7.6,53.7,1012.1,45,1.5,48.1,Urban,86570.12,13,3.149,2.829,0.8428,0.0,0.0,Europe,,,,12.84,70.35,4.0
2025-06-01 21:57:39,230.5,Opel Corsa,96.0,1973.2,56.0,0.918,32.94,38.82,14.0,0.98,0,,8.0,2.043,0.0,Aggressive,8.3,Clear,clear sky,7.8,64.2,1016.0,45,1.97,52.5,Urban,86570.14,13,3.146,2.828,0.8426,0.0,0.0,Europe,,,,12.15,66.57,4.0
2025-06-01 21:57:40,231.8,Opel Corsa,95.0,2001.5,57.0,0.918,18.43,34.51,14.0,0.98,0,,8.0,1.957,0.0,Aggressive,16.0,Clear,clear sky,3.9,63.8,1003.8,45,1.29,53.1,Urban,86570.16,13,3.153,2.815,0.842,0.0,0.0,Europe,,,,8.71,47.72,4.0
2025-06-01 21:57:41,232.9,Opel Corsa,95.0,2032.5,57.0,0.918,18.43,34.51,14.0,0.98,0,,8.0,1.245,0.0,Aggressive,10.8,Clear,clear sky,7.1,52.7,1012.9,45,1.1,48.4,Urban,86570.17,13,3.155,2.823,0.841,0.0,0.0,Europe,,,,8.53,46.73,4.0
2025-06-01 21:57:42,234.1,Opel Corsa,95.0,2052.0,58.0,0.918,18.43,33.33,14.0,0.98,0,,8.0,1.027,0.0,Aggressive,13.9,Clear,clear sky,3.6,71.1,1016.6,45,1.76,56.5,Urban,86570.19,13,3.147,2.821,0.8412,0.0,0.0,Europe,,,,7.7,42.19,4.0
2025-06-01 21:57:44,235.2,Opel Corsa,95.0,2066.0,58.0,0.918,18.43,33.33,14.0,0.98,0,,8.0,1.116,0.0,Aggressive,13.1,Clear,clear sky,6.1,63.9,1009.4,45,1.7,44.6,Urban,86570.21,13,3.148,2.824,0.8411,0.0,0.0,Europe,,,,7.69,42.13,4.0
2025-06-01 21:57:45,236.4,Opel Corsa,95.0,2083.2,59.0,0.918,18.43,33.33,14.0,0.98,0,,8.0,1.139,0.0,Aggressive,14.4,Clear,clear sky,5.0,31.6,1017.6,45,1.49,50.6,Urban,86570.23,13,3.148,2.822,0.8435,0.0,0.0,Europe,,,,7.8,42.73,4.0
2025-06-01 21:57:46,237.5,Opel Corsa,95.0,2101.0,59.0,0.918,18.43,32.55,14.0,0.98,0,,8.0,1.21,0.0,Aggressive,12.3,Clear,clear sky,2.9,80.2,1013.9,45,1.67,54.4,Urban,86570.25,13,3.146,2.82,0.842,0.0,0.0,Europe,,,,7.51,41.15,4.0
2025-06-01 21:57:47,238.7,Opel Corsa,95.0,2107.8,60.0,0.918,18.43,32.55,14.0,0.98,0,,8.0,1.142,0.0,Aggressive,15.3,Clear,clear sky,5.1,77.6,1016.9,45,1.53,51.4,Urban,86570.27,13,3.141,2.824,0.8407,0.0,0.0,Europe,,,,7.44,40.76,4.0
2025-06-01 21:57:48,239.8,Opel Corsa,95.0,2117.2,60.0,0.918,18.43,32.55,14.0,0.98,0,,8.0,1.106,0.0,Aggressive,14.0,Clear,clear sky,3.3,72.4,1009.8,45,1.57,57.3,Urban,86570.29,13,3.154,2.83,0.8445,0.0,0.0,Europe,,,,7.37,40.38,4.0
2025-06-01 21:57:49,240.9,Opel Corsa,95.0,2127.2,60.0,0.918,18.43,32.55,14.0,0.98,0,,8.0,1.039,0.0,Aggressive,12.0,Clear,clear sky,5.6,55.0,1014.7,45,1.58,51.5,Urban,86570.31,13,3.153,2.83,0.8426,0.0,0.0,Europe,,,,7.43,40.71,4.0
2025-06-01 21:57:50,242.1,Opel Corsa,95.0,2130.5,60.0,0.918,18.43,32.55,14.0,0.98,0,,8.0,1.068,0.0,Aggressive,9.8,Clear,clear sky,5.9,80.4,1006.8,45,1.84,59.9,Urban,86570.33,13,3.156,2.82,0.8441,0.0,0.0,Europe,,,,7.56,41.42,4.0
2025-06-01 21:57:52,243.4,Opel Corsa,96.0,2138.0,60.0,0.918,14.12,32.55,14.0,0.98,0,,8.0,1.097,0.0,Aggressive,12.6,Clear,clear sky,3.8,57.3,1008.7,45,1.26,52.9,Urban,86570.35,13,3.149,2.826,0.8431,0.0,0.0,Europe,,,,7.56,41.42,4.0
2025-06-01 21:57:53,244.5,Opel Corsa,96.0,2144.0,61.0,0.918,14.12,27.84,14.0,0.98,0,,8.0,1.041,0.0,Aggressive,11.1,Clear,clear sky,5.5,57.1,1018.3,45,1.77,52.3,Urban,86570.37,13,3.144,2.831,0.8429,0.0,0.0,Europe,,,,4.77,26.13,4.0
2025-06-01 21:57:54,245.7,Opel Corsa,96.0,2121.8,60.0,0.918,14.12,26.27,14.0,0.98,0,,8.0,0.876,0.0,Aggressive,14.3,Clear,clear sky,7.5,87.5,1012.4,45,1.69,54.8,Urban,86570.39,13,3.143,2.818,0.8474,0.0,0.0,Europe,,,,3.81,20.87,4.0
2025-06-01 21:57:55,246.8,Opel Corsa,96.0,2107.0,60.0,0.918,14.12,28.63,14.0,0.98,0,,8.0,0.792,0.0,Aggressive,16.2,Clear,clear sky,3.6,95.0,1016.6,45,1.51,56.9,Urban,86570.4,13,3.15,2.825,0.8426,0.0,0.0,Europe,,,,4.97,27.23,4.0
2025-06-01 21:57:56,248.0,Opel Corsa,96.0,2095.5,59.0,0.918,14.12,28.63,14.0,0.98,0,,8.0,0.666,0.0,Aggressive,10.5,Clear,clear sky,6.5,46.4,1014.2,45,1.37,55.9,Urban,86570.42,13,3.147,2.833,0.8439,0.0,0.0,Europe,,,,5.12,28.05,4.0
2025-06-01 21:57:58,249.1,Opel Corsa,96.0,2089.5,59.0,0.918,14.12,28.63,14.0,0.98,0,,8.0,0.682,0.0,Aggressive,11.9,Clear,clear sky,7.7,62.4,1017.6,45,1.38,57.5,Urban,86570.44,13,3.155,2.817,0.8457,0.0,0.0,Europe,,,,5.05,27.67,4.0
2025-06-01 21:57:59,250.3,Opel Corsa,96.0,2075.2,59.0,0.918,14.12,27.45,14.0,0.98,0,,8.0,0.643,0.0,Aggressive,10.2,Clear,clear sky,7.2,89.3,1012.8,45,1.64,60.8,Urban,86570.46,13,3.153,2.824,0.8445,0.0,0.0,Europe,,,,4.43,24.27,4.0
2025-06-01 21:58:00,251.4,Opel Corsa,96.0,2060.0,58.0,0.918,14.12,25.49,14.0,0.98,0,,8.0,0.586,0.0,Aggressive,13.5,Clear,clear sky,3.7,57.8,1012.8,45,1.53,53.0,Urban,86570.48,13,3.145,2.828,0.8458,0.0,0.0,Europe,,,,3.79,20.76,4.0
2025-06-01 21:58:01,252.6,Opel Corsa,96.0,2037.8,57.0,0.918,14.12,23.53,14.0,0.98,0,,8.0,0.522,0.0,Aggressive,8.2,Clear,clear sky,8.5,44.1,1013.5,45,1.51,56.0,Urban,86570.5,13,3.148,2.823,0.8423,0.0,0.0,Europe,,,,2.8,15.34,4.0
2025-06-01 21:58:02,253.7,Opel Corsa,96.0,2006.2,57.0,0.918,14.12,23.92,14.0,0.98,0,,0.0,0.438,0.0,Smooth,9.7,Clear,clear sky,3.3,71.6,1011.1,45,1.6,50.0,Urban,86570.52,13,3.147,2.823,0.8431,0.0,0.0,Europe,,,,2.87,15.72,4.0
2025-06-01 21:58:03,255.0,Opel Corsa,97.0,1969.2,55.0,0.918,5.88,23.92,14.0,0.98,0,,0.0,0.512,0.0,Smooth,13.4,Clear,clear sky,8.5,47.1,1008.3,45,1.23,51.9,Urban,86570.54,13,3.158,2.822,0.8404,0.0,0.0,Europe,,,,2.75,15.07,4.0
2025-06-01 21:58:04,256.1,Opel Corsa,97.0,1902.5,54.0,0.918,5.88,23.53,14.0,0.98,0,,0.0,0.511,0.0,Smooth,14.3,Clear,clear sky,6.9,82.7,1015.1,45,1.72,49.7,Urban,86570.55,13,3.153,2.825,0.8462,0.0,0.0,Europe,,,,2.65,14.52,4.0
2025-06-01 21:58:06,257.3,Opel Corsa,97.0,1845.2,52.0,0.918,5.88,23.53,14.0,0.98,0,,0.0,0.579,0.0,Smooth,12.9,Clear,clear sky,3.3,64.1,1010.8,45,1.67,58.3,Urban,86570.57,13,3.155,2.823,0.8411,0.0,0.0,Europe,,,,2.66,14.57,4.0
2025-06-01 21:58:07,258.4,Opel Corsa,97.0,1789.5,51.0,0.918,5.88,23.14,14.0,0.98,0,,0.0,0.571,0.0,Smooth,13.0,Clear,clear sky,3.9,52.0,1007.2,45,1.52,56.1,Urban,86570.59,13,3.143,2.821,0.8439,0.0,0.0,Europe,,,,2.58,14.14,4.0
2025-06-01 21:58:08,259.6,Opel Corsa,97.0,1608.2,49.0,0.918,5.88,21.96,14.0,0.98,0,,0.0,0.624,0.0,Smooth,13.2,Clear,clear sky,5.2,44.1,1015.2,45,1.68,57.2,Urban,86570.6,13,3.148,2.825,0.8461,0.0,0.0,Europe,,,,2.21,12.11,5.0
2025-06-01 21:58:09,260.7,Opel Corsa,97.0,1425.5,47.0,0.918,5.88,23.53,14.0,0.98,0,,0.0,0.658,0.0,Smooth,10.1,Clear,clear sky,4.7,58.8,1015.6,45,1.49,52.8,Urban,86570.62,13,3.158,2.818,0.843,0.0,0.0,Europe,,,,2.68,14.68,5.0
2025-06-01 21:58:10,261.9,Opel Corsa,97.0,1246.0,41.0,0.918,5.88,23.53,14.0,0.98,0,,0.0,1.221,0.0,Smooth,9.8,Clear,clear sky,5.1,70.4,1005.6,45,1.59,58.6,Urban,86570.63,13,3.15,2.827,0.8424,0.0,0.0,Europe,,,,2.73,14.96,5.0
2025-06-01 21:58:11,263.0,Opel Corsa,97.0,1110.2,34.0,0.918,5.88,23.14,14.0,0.98,0,,0.0,1.688,0.0,Smooth,12.4,Clear,clear sky,5.0,79.8,1015.0,45,1.54,61.2,Urban,86570.64,13,3.143,2.828,0.8427,0.0,0.0,Europe,,,,2.64,14.46,5.0
2025-06-01 21:58:13,264.1,Opel Corsa,97.0,1020.2,25.0,0.918,5.88,23.14,14.0,0.98,0,,0.0,2.214,0.0,Smooth,11.5,Clear,clear sky,6.8,72.6,1015.1,45,1.76,53.2,Urban,86570.65,13,3.146,2.833,0.8424,0.0,0.0,Europe,,,,2.59,14.19,4.0
2025-06-01 21:58:14,265.3,Opel Corsa,97.0,915.2,17.0,0.918,5.88,22.75,14.0,0.98,0,,0.0,2.478,0.0,Smooth,9.2,Clear,clear sky,4.6,47.7,1015.1,45,1.69,56.5,Urban,86570.65,13,3.153,2.828,0.8452,0.0,0.0,Europe,,,,2.49,13.64,3.0
2025-06-01 21:58:15,266.6,Opel Corsa,97.0,983.5,15.0,0.918,8.63,21.96,14.0,0.98,0,,0.0,2.437,0.0,Smooth,12.9,Clear,clear sky,6.4,52.7,1016.2,45,1.37,49.6,Urban,86570.66,13,3.157,2.824,0.8433,0.0,0.0,Europe,,,,2.18,11.94,2.0
2025-06-01 21:58:16,267.7,Opel Corsa,97.0,892.0,14.0,0.918,8.63,22.75,14.0,0.98,0,,0.0,2.436,0.0,Smooth,11.8,Clear,clear sky,3.4,54.8,1010.9,45,1.56,56.9,Urban,86570.66,13,3.15,2.826,0.8431,0.0,0.0,Europe,,,,2.38,13.04,2.0
2025-06-01 21:58:17,268.8,Opel Corsa,97.0,946.0,12.0,0.918,8.63,23.53,14.0,0.98,0,,0.0,2.422,0.0,Smooth,9.7,Clear,clear sky,3.1,54.4,1013.0,45,1.39,49.6,Urban,86570.67,13,3.154,2.824,0.841,0.0,0.0,Europe,,,,2.61,14.3,2.0
2025-06-01 21:58:18,270.0,Opel Corsa,97.0,911.2,12.0,0.918,8.63,34.12,14.0,0.98,0,,0.0,2.422,0.0,Smooth,13.5,Clear,clear sky,5.8,58.7,1007.6,45,1.6,48.8,Urban,86570.67,13,3.145,2.825,0.841,0.0,0.0,Europe,,,,7.44,40.76,2.0
2025-06-01 21:58:20,271.1,Opel Corsa,97.0,1151.0,15.0,0.918,8.63,34.9,14.0,0.98,0,,0.0,2.407,0.0,Smooth,13.1,Clear,clear sky,4.4,57.5,1012.8,45,1.74,55.7,Urban,86570.68,13,3.154,2.829,0.8452,0.0,0.0,Europe,,,,6.26,34.3,2.0
2025-06-01 21:58:21,272.3,Opel Corsa,97.0,1343.8,18.0,0.918,8.63,30.98,14.0,0.98,0,,0.0,2.353,0.0,Smooth,11.2,Clear,clear sky,5.0,41.0,1016.1,45,1.26,51.6,Urban,86570.68,13,3.142,2.821,0.8457,0.0,0.0,Europe,,,,5.6,30.68,2.0
2025-06-01 21:58:22,273.5,Opel Corsa,97.0,1532.8,20.0,0.918,8.63,28.63,14.0,0.98,0,,0.0,2.295,0.0,Smooth,13.3,Clear,clear sky,6.2,72.5,1015.1,45,1.55,56.0,Urban,86570.69,13,3.143,2.83,0.8398,0.0,0.0,Europe,,,,4.65,25.48,2.0
2025-06-01 21:58:23,274.6,Opel Corsa,97.0,1541.0,21.0,0.918,8.63,20.78,14.0,0.98,0,,0.0,2.294,0.0,Smooth,9.8,Clear,clear sky,5.1,75.2,1015.7,45,1.55,53.1,Urban,86570.69,13,3.154,2.829,0.8463,0.0,0.0,Europe,,,,1.87,10.25,2.0
2025-06-01 21:58:24,275.7,Opel Corsa,97.0,1504.5,20.0,0.918,8.63,23.14,14.0,0.98,0,,0.0,2.294,0.0,Smooth,11.4,Clear,clear sky,6.2,81.2,1008.7,45,1.65,55.6,Urban,86570.7,13,3.154,2.826,0.8426,0.0,0.0,Europe,,,,2.56,14.03,2.0
2025-06-01 21:58:25,276.9,Opel Corsa,97.0,1523.2,20.0,0.918,8.63,26.27,14.0,0.98,0,,0.0,2.294,0.0,Smooth,13.0,Clear,clear sky,6.3,72.0,1020.1,45,1.64,50.4,Urban,86570.71,13,3.144,2.825,0.8438,0.0,0.0,Europe,,,,3.88,21.26,2.0
2025-06-01 21:58:27,278.2,Opel Corsa,98.0,1545.0,21.0,0.918,9.8,26.27,14.0,0.98,0,,0.0,2.317,0.0,Smooth,12.5,Clear,clear sky,9.1,65.2,1018.0,45,1.41,50.4,Urban,86570.71,13,3.15,2.821,0.8436,0.0,0.0,Europe,,,,3.52,19.29,2.0
2025-06-01 21:58:28,279.3,Opel Corsa,98.0,1575.8,21.0,0.918,9.8,25.1,14.0,0.98,0,,0.0,2.354,0.0,Smooth,13.4,Clear,clear sky,4.5,50.4,1009.5,45,1.23,54.1,Urban,86570.72,13,3.156,2.83,0.8373,0.0,0.0,Europe,,,,3.38,18.52,2.0
2025-06-01 21:58:29,280.5,Opel Corsa,98.0,1617.2,22.0,0.918,9.8,25.88,14.0,0.98,0,,0.0,2.373,0.0,Smooth,16.4,Clear,clear sky,2.8,59.2,1010.9,45,1.39,52.7,Urban,86570.73,13,3.146,2.825,0.8474,0.0,0.0,Europe,,,,3.59,19.67,2.0
2025-06-01 21:58:30,281.7,Opel Corsa,98.0,1643.5,22.0,0.918,9.8,25.1,14.0,0.98,0,,0.0,2.407,0.0,Smooth,12.9,Clear,clear sky,9.1,79.0,1017.3,45,1.86,55.9,Urban,86570.74,13,3.146,2.829,0.8435,0.0,0.0,Europe,,,,3.34,18.3,2.0
2025-06-01 21:58:31,282.8,Opel Corsa,98.0,1637.2,22.0,0.918,9.8,25.1,14.0,0.98,0,,0.0,2.456,0.0,Smooth,13.6,Clear,clear sky,5.6,79.0,1019.3,45,1.5,54.1,Urban,86570.74,13,3.155,2.83,0.8429,0.0,0.0,Europe,,,,3.38,18.52,2.0
2025-06-01 21:58:32,284.0,Opel Corsa,98.0,1655.2,22.0,0.918,9.8,25.1,14.0,0.98,0,,0.0,2.501,0.0,Smooth,11.3,Clear,clear sky,6.4,65.3,1010.3,45,1.11,56.7,Urban,86570.75,13,3.155,2.826,0.8458,0.0,0.0,Europe,,,,3.3,18.08,2.0
2025-06-01 21:58:33,285.1,Opel Corsa,98.0,1670.5,22.0,0.918,9.8,25.1,14.0,0.98,0,,0.0,2.418,0.0,Smooth,10.6,Clear,clear sky,4.1,57.3,1016.8,45,1.77,56.5,Urban,86570.76,13,3.155,2.833,0.8456,0.0,0.0,Europe,,,,3.3,18.08,2.0
2025-06-01 21:58:35,286.2,Opel Corsa,98.0,1671.0,23.0,0.918,9.8,25.1,14.0,0.98,0,,0.0,2.18,0.0,Smooth,14.4,Clear,clear sky,4.7,72.4,1013.9,45,1.53,54.3,Urban,86570.76,13,3.148,2.82,0.8416,0.0,0.0,Europe,,,,3.31,18.13,2.0
2025-06-01 21:58:36,287.4,Opel Corsa,98.0,1705.0,23.0,0.918,9.8,24.71,14.0,0.98,0,,0.0,1.617,0.0,Smooth,12.8,Clear,clear sky,7.5,55.9,1013.5,45,1.69,53.0,Urban,86570.77,13,3.153,2.829,0.8421,0.0,0.0,Europe,,,,3.19,17.48,2.0
2025-06-01 21:58:37,288.5,Opel Corsa,98.0,1689.8,23.0,0.918,9.8,23.53,14.0,0.98,0,,0.0,0.87,0.0,Smooth,12.7,Clear,clear sky,2.8,59.0,1010.0,45,1.81,52.9,Urban,86570.78,13,3.149,2.828,0.8462,0.0,0.0,Europe,,,,2.61,14.3,2.0
2025-06-01 21:58:38,289.8,Opel Corsa,98.0,1674.8,23.0,0.918,5.49,22.35,14.0,0.98,0,,0.0,0.865,0.0,Smooth,12.4,Clear,clear sky,5.9,67.0,1010.9,45,1.99,53.1,Urban,86570.79,13,3.15,2.827,0.8473,0.0,0.0,Europe,,,,2.39,13.09,2.0
2025-06-01 21:58:39,291.0,Opel Corsa,98.0,1613.8,22.0,0.918,5.49,25.1,14.0,0.98,0,,0.0,0.865,0.0,Smooth,11.4,Clear,clear sky,5.4,81.1,1022.4,45,1.74,55.7,Urban,86570.79,13,3.144,2.827,0.8449,0.0,0.0,Europe,,,,3.36,18.41,2.0
2025-06-01 21:58:41,292.1,Opel Corsa,98.0,1628.0,22.0,0.918,5.49,25.49,14.0,0.98,0,,0.0,0.84,0.0,Smooth,10.6,Clear,clear sky,5.7,78.6,1014.4,45,1.95,55.7,Urban,86570.8,13,3.148,2.826,0.8449,0.0,0.0,Europe,,,,3.45,18.9,2.0
2025-06-01 21:58:42,293.3,Opel Corsa,98.0,1654.5,22.0,0.918,5.49,26.67,14.0,0.98,0,,0.0,0.84,0.0,Smooth,10.1,Clear,clear sky,2.8,49.3,1014.5,45,1.61,55.8,Urban,86570.81,13,3.136,2.825,0.8419,0.0,0.0,Europe,,,,3.95,21.64,2.0
2025-06-01 21:58:43,294.5,Opel Corsa,98.0,1674.0,22.0,0.918,5.49,26.67,14.0,0.98,0,,0.0,0.71,0.0,Smooth,9.5,Clear,clear sky,9.8,61.6,1016.7,45,1.66,55.0,Urban,86570.82,13,3.147,2.829,0.8427,0.0,0.0,Europe,,,,4.05,22.19,2.0
2025-06-01 21:58:44,295.6,Opel Corsa,98.0,1683.5,23.0,0.918,5.49,26.27,14.0,0.98,0,,0.0,0.521,0.0,Smooth,10.5,Clear,clear sky,6.0,66.6,1020.9,45,1.37,45.8,Urban,86570.82,13,3.145,2.823,0.8445,0.0,0.0,Europe,,,,3.89,21.31,2.0
2025-06-01 21:58:45,296.8,Opel Corsa,98.0,1719.0,23.0,0.918,5.49,25.88,14.0,0.98,0,,0.0,0.419,0.0,Smooth,10.0,Clear,clear sky,2.2,53.2,1010.1,45,1.82,52.8,Urban,86570.83,13,3.151,2.82,0.8467,0.0,0.0,Europe,,,,3.65,20.0,2.0
2025-06-01 21:58:46,297.9,Opel Corsa,98.0,1740.8,24.0,0.918,5.49,25.49,14.0,0.98,0,,0.0,0.417,0.0,Smooth,13.3,Clear,clear sky,6.5,52.7,1014.0,45,1.56,54.7,Urban,86570.84,13,3.15,2.826,0.8443,0.0,0.0,Europe,,,,3.47,19.01,2.0
2025-06-01 21:58:47,299.1,Opel Corsa,98.0,1748.2,24.0,0.918,5.49,25.1,14.0,0.98,0,,0.0,0.401,0.0,Smooth,13.0,Clear,clear sky,2.6,65.4,1016.0,45,1.59,55.9,Urban,86570.85,13,3.144,2.831,0.8433,0.0,0.0,Europe,,,,3.36,18.41,2.0
2025-06-01 21:58:49,300.3,Opel Corsa,98.0,1749.0,24.0,0.918,5.49,22.75,14.0,0.98,0,,0.0,0.401,0.0,Smooth,13.6,Clear,clear sky,3.5,59.0,1010.8,45,1.4,53.9,Urban,86570.85,13,3.153,2.82,0.8421,0.0,0.0,Europe,,,,2.54,13.92,2.0
2025-06-01 21:58:50,301.5,Opel Corsa,98.0,1722.8,23.0,0.918,5.88,22.35,14.0,0.98,0,,0.0,0.402,0.0,Smooth,13.8,Clear,clear sky,7.9,82.1,1004.0,45,1.25,55.5,Urban,86570.86,13,3.147,2.826,0.8438,0.0,0.0,Europe,,,,2.43,13.31,2.0
2025-06-01 21:58:51,302.7,Opel Corsa,98.0,1580.2,21.0,0.918,5.88,21.96,14.0,0.98,0,,0.0,0.512,0.0,Smooth,12.2,Clear,clear sky,5.7,64.5,1013.5,45,1.42,56.7,Urban,86570.87,13,3.152,2.824,0.8398,0.0,0.0,Europe,,,,2.19,12.0,2.0
2025-06-01 21:58:52,303.8,Opel Corsa,98.0,1294.8,18.0,0.918,5.88,25.49,14.0,0.98,0,,0.0,0.713,0.0,Smooth,18.9,Clear,clear sky,6.9,42.1,1016.8,45,2.03,49.7,Urban,86570.87,13,3.142,2.824,0.8448,0.0,0.0,Europe,,,,3.52,19.29,2.0
2025-06-01 21:58:53,305.0,Opel Corsa,98.0,1165.5,16.0,0.918,5.88,23.53,14.0,0.98,0,,0.0,0.763,0.0,Smooth,10.1,Clear,clear sky,4.5,82.2,1021.0,45,1.49,56.7,Urban,86570.88,13,3.155,2.823,0.8444,0.0,0.0,Europe,,,,2.75,15.07,2.0
2025-06-01 21:58:55,306.1,Opel Corsa,98.0,1088.2,14.0,0.918,5.88,21.96,14.0,0.98,0,,0.0,0.799,0.0,Smooth,9.6,Clear,clear sky,2.9,37.6,1020.1,45,1.72,53.5,Urban,86570.88,13,3.147,2.827,0.8427,0.0,0.0,Europe,,,,2.29,12.55,2.0
2025-06-01 21:58:56,307.3,Opel Corsa,98.0,900.5,12.0,0.918,5.88,22.35,14.0,0.98,0,,0.0,0.826,0.0,Smooth,10.5,Clear,clear sky,0.9,57.3,1017.8,45,1.65,54.0,Urban,86570.89,13,3.15,2.826,0.8442,0.0,0.0,Europe,,,,2.31,12.66,2.0
2025-06-01 21:58:57,308.4,Opel Corsa,98.0,921.0,8.0,0.918,5.88,21.18,14.0,0.98,0,,0.0,1.016,0.0,Smooth,16.4,Clear,clear sky,1.8,65.4,1010.3,45,1.8,52.2,Urban,86570.89,13,3.151,2.827,0.8433,0.0,0.0,Europe,,,,2.11,11.56,1.0
2025-06-01 21:58:58,309.6,Opel Corsa,98.0,890.2,6.0,0.918,5.88,21.18,14.0,0.98,0,,0.0,1.035,0.0,Smooth,17.1,Clear,clear sky,7.0,71.1,1013.8,45,1.53,52.1,Urban,86570.89,13,3.146,2.829,0.8425,0.0,0.0,Europe,,,,1.98,10.85,?
2025-06-01 21:58:59,310.7,Opel Corsa,98.0,837.2,4.0,0.918,5.88,20.39,14.0,0.98,0,,0.0,1.027,0.0,Stop-and-Go,6.7,Clear,clear sky,3.5,51.9,1007.5,45,1.8,52.3,Urban,86570.89,13,3.144,2.823,0.8458,0.0,0.0,Europe,,,,1.79,9.81,?
2025-06-01 21:59:00,311.9,Opel Corsa,98.0,792.5,3.0,0.918,5.88,20.0,14.0,0.98,0,,0.0,1.0,0.0,Stop-and-Go,16.5,Clear,clear sky,5.1,61.5,1011.4,45,1.31,51.3,Urban,86570.89,13,3.146,2.824,0.8414,0.0,0.0,Europe,,,,1.6,8.77,?
2025-06-01 21:59:02,313.2,Opel Corsa,98.0,703.0,0.0,0.918,6.67,18.82,14.0,0.98,0,,0.0,1.006,0.026,Stop-and-Go,14.3,Clear,clear sky,6.5,60.3,1012.4,45,1.55,52.7,Urban,86570.89,13,3.153,2.828,0.8428,0.0,0.0,Europe,,,,1.35,7.4,?
2025-06-01 21:59:03,314.3,Opel Corsa,98.0,674.0,0.0,0.918,6.67,19.22,14.0,0.98,0,,0.0,1.038,0.053,Stop-and-Go,10.7,Clear,clear sky,6.1,59.1,1012.9,45,1.64,53.5,Urban,86570.89,13,3.147,2.827,0.8413,0.0,0.0,Europe,,,,1.36,7.45,?
2025-06-01 21:59:04,315.4,Opel Corsa,98.0,688.5,0.0,0.918,6.67,19.22,14.0,0.98,0,,0.0,1.038,0.079,Stop-and-Go,11.9,Clear,clear sky,5.6,66.6,1027.4,45,1.7,52.8,Urban,86570.89,13,3.158,2.819,0.8479,0.0,0.0,Europe,,,,1.37,7.51,?
2025-06-01 21:59:05,316.6,Opel Corsa,98.0,687.5,0.0,0.918,6.67,19.22,14.0,0.98,0,,0.0,1.038,0.105,Stop-and-Go,10.6,Clear,clear sky,4.6,59.1,1009.8,45,1.77,58.0,Urban,86570.89,13,3.146,2.832,0.8455,0.0,0.0,Europe,,,,1.38,7.56,?
2025-06-01 21:59:06,317.7,Opel Corsa,98.0,684.2,0.0,0.918,6.67,19.22,14.0,0.98,0,,0.0,1.038,0.132,Stop-and-Go,11.2,Clear,clear sky,4.2,46.5,1008.9,45,1.47,52.2,Urban,86570.89,13,3.156,2.834,0.8433,0.0,0.0,Europe,,,,1.39,7.62,?
2025-06-01 21:59:07,318.9,Opel Corsa,98.0,699.8,0.0,0.918,6.67,19.22,14.0,0.98,0,,0.0,1.066,0.158,Stop-and-Go,11.0,Clear,clear sky,5.8,76.1,1012.6,45,1.63,50.4,Urban,86570.89,13,3.145,2.823,0.8395,0.0,0.0,Europe,,,,1.38,7.56,?
2025-06-01 21:59:08,320.0,Opel Corsa,98.0,691.5,0.0,0.918,6.67,19.22,14.0,0.98,0,,0.0,1.066,0.184,Stop-and-Go,12.8,Clear,clear sky,4.9,73.5,1003.1,45,1.82,53.7,Urban,86570.89,13,3.149,2.825,0.8413,0.0,0.0,Europe,,,,1.36,7.45,?
2025-06-01 21:59:10,321.1,Opel Corsa,98.0,691.8,0.0,0.918,6.67,19.22,14.0,0.98,0,,0.0,1.092,0.211,Stop-and-Go,11.2,Clear,clear sky,4.5,66.1,1020.0,45,1.57,57.0,Urban,86570.89,13,3.155,2.828,0.8466,0.0,0.0,Europe,,,,1.36,7.45,?
2025-06-01 21:59:11,322.3,Opel Corsa,98.0,683.0,0.0,0.918,6.67,18.82,14.0,0.98,0,,0.0,1.092,0.237,Stop-and-Go,12.7,Clear,clear sky,4.3,60.0,1011.0,45,1.29,54.4,Urban,86570.89,13,3.138,2.835,0.8426,0.0,0.0,Europe,,,,1.35,7.4,?
2025-06-01 21:59:12,323.4,Opel Corsa,98.0,688.2,0.0,0.918,6.67,18.82,14.0,0.98,0,,0.0,1.092,0.263,Stop-and-Go,15.3,Clear,clear sky,6.5,28.8,1020.5,45,1.9,52.1,Urban,86570.89,13,3.155,2.817,0.8428,0.0,0.0,Europe,,,,1.32,7.23,?
2025-06-01 21:59:13,324.7,Opel Corsa,98.0,611.5,0.0,0.918,9.41,25.1,14.0,0.98,0,,0.0,1.114,0.289,Stop-and-Go,10.5,Clear,clear sky,9.0,92.6,1016.1,45,1.99,47.5,Urban,86570.89,13,3.151,2.821,0.8417,0.0,0.0,Europe,,,,2.9,15.89,?
2025-06-01 21:59:14,325.8,Opel Corsa,98.0,693.2,0.0,0.918,9.41,20.39,14.0,0.98,0,,0.0,1.121,0.316,Stop-and-Go,14.4,Clear,clear sky,3.7,55.1,1017.4,45,1.55,51.1,Urban,86570.89,13,3.144,2.822,0.842,0.0,0.0,Europe,,,,1.61,8.82,?
2025-06-01 21:59:15,327.0,Opel Corsa,98.0,689.5,0.0,0.918,9.41,20.39,14.0,0.98,0,,0.0,1.062,0.342,Stop-and-Go,11.0,Clear,clear sky,4.6,67.8,1017.1,45,1.59,50.5,Urban,86570.89,13,3.151,2.824,0.8462,0.0,0.0,Europe,,,,1.6,8.77,?
2025-06-01 21:59:17,328.1,Opel Corsa,98.0,658.8,0.0,0.918,9.41,20.39,14.0,0.98,0,,0.0,1.049,0.368,Stop-and-Go,13.5,Clear,clear sky,5.2,66.3,1010.2,45,1.96,53.1,Urban,86570.89,13,3.146,2.826,0.8472,0.0,0.0,Europe,,,,1.67,9.15,?
2025-06-01 21:59:18,329.3,Opel Corsa,98.0,683.5,0.0,0.918,9.41,20.78,14.0,0.98,0,,0.0,1.029,0.395,Stop-and-Go,11.2,Clear,clear sky,5.1,56.7,1018.2,45,1.87,51.9,Urban,86570.89,13,3.147,2.824,0.8458,0.0,0.0,Europe,,,,1.67,9.15,?
2025-06-01 21:59:19,330.4,Opel Corsa,98.0,728.8,2.0,0.918,9.41,20.78,14.0,0.98,0,,0.0,1.026,0.395,Stop-and-Go,7.7,Clear,clear sky,1.8,79.3,1013.7,45,1.87,53.9,Urban,86570.89,13,3.146,2.829,0.8443,0.0,0.0,Europe,,,,1.7,9.31,?
2025-06-01 21:59:20,331.6,Opel Corsa,98.0,796.0,3.0,0.918,9.41,20.78,14.0,0.98,0,,0.0,0.775,0.395,Stop-and-Go,12.4,Clear,clear sky,7.5,58.2,1014.6,45,2.11,40.3,Urban,86570.9,13,3.141,2.833,0.8442,0.0,0.0,Europe,,,,1.77,9.7,?
2025-06-01 21:59:21,332.7,Opel Corsa,98.0,845.5,6.0,0.918,9.41,21.57,14.0,0.98,0,,0.0,0.874,0.395,Stop-and-Go,16.5,Clear,clear sky,5.2,57.8,1014.5,45,2.01,46.5,Urban,86570.9,13,3.16,2.823,0.845,0.0,0.0,Europe,,,,2.1,11.51,?
2025-06-01 21:59:22,333.9,Opel Corsa,98.0,907.8,6.0,0.918,9.41,21.57,14.0,0.98,0,,0.0,0.832,0.395,Stop-and-Go,11.4,Clear,clear sky,5.3,50.8,1016.4,45,1.84,46.1,Urban,86570.9,13,3.159,2.814,0.8455,0.0,0.0,Europe,,,,2.15,11.78,?
2025-06-01 21:59:23,335.0,Opel Corsa,98.0,870.2,6.0,0.918,9.41,21.18,14.0,0.98,0,,0.0,0.83,0.395,Stop-and-Go,9.8,Clear,clear sky,6.0,64.0,1012.3,45,1.91,41.4,Urban,86570.9,13,3.158,2.82,0.844,0.0,0.0,Europe,,,,2.03,11.12,?
2025-06-01 21:59:25,336.3,Opel Corsa,99.0,878.8,6.0,0.918,8.24,21.18,14.0,0.98,0,,0.0,0.7,0.395,Stop-and-Go,16.3,Clear,clear sky,0.9,67.0,1009.5,45,1.84,47.0,Urban,86570.9,13,3.144,2.826,0.8443,0.0,0.0,Europe,,,,2.05,11.23,?
2025-06-01 21:59:26,337.4,Opel Corsa,99.0,891.5,6.0,0.918,8.24,21.18,14.0,0.98,0,,0.0,0.7,0.395,Stop-and-Go,12.2,Clear,clear sky,6.9,56.6,1009.6,45,2.09,53.0,Urban,86570.91,13,3.143,2.83,0.8431,0.0,0.0,Europe,,,,2.04,11.18,?
2025-06-01 21:59:27,338.6,Opel Corsa,99.0,887.8,6.0,0.918,8.24,21.18,14.0,0.98,0,,0.0,0.7,0.395,Stop-and-Go,5.3,Clear,clear sky,4.3,61.3,1014.0,45,1.95,46.4,Urban,86570.91,13,3.149,2.827,0.8451,0.0,0.0,Europe,,,,1.99,10.9,?
2025-06-01 21:59:28,339.7,Opel Corsa,99.0,914.5,6.0,0.918,8.24,21.57,14.0,0.98,0,,0.0,0.7,0.395,Stop-and-Go,10.9,Clear,clear sky,2.9,69.7,1011.4,45,2.02,42.4,Urban,86570.91,13,3.142,2.825,0.8419,0.0,0.0,Europe,,,,2.03,11.12,?
2025-06-01 21:59:29,340.8,Opel Corsa,99.0,978.5,5.0,0.918,8.24,21.18,14.0,0.98,0,,0.0,0.711,0.395,Stop-and-Go,10.9,Clear,clear sky,3.9,48.6,1023.1,45,1.94,49.1,Urban,86570.91,13,3.149,2.823,0.8454,0.0,0.0,Europe,,,,2.03,11.12,?
2025-06-01 21:59:30,342.0,Opel Corsa,99.0,948.8,3.0,0.918,8.24,20.0,14.0,0.98,0,,0.0,0.775,0.395,Stop-and-Go,13.6,Clear,clear sky,6.4,61.2,1013.5,45,1.79,43.2,Urban,86570.91,13,3.149,2.823,0.8382,0.0,0.0,Europe,,,,1.75,9.59,?
2025-06-01 21:59:32,343.1,Opel Corsa,99.0,834.0,0.0,0.918,8.24,20.0,14.0,0.98,0,,0.0,0.912,0.421,Stop-and-Go,11.3,Clear,clear sky,7.1,64.9,1016.0,45,2.01,42.3,Urban,86570.91,13,3.154,2.825,0.8414,0.0,0.0,Europe,,,,1.63,8.93,?
2025-06-01 21:59:33,344.3,Opel Corsa,99.0,668.8,0.0,0.918,8.24,20.39,14.0,0.98,0,,0.0,0.912,0.447,Stop-and-Go,10.9,Clear,clear sky,8.1,69.0,1011.4,45,1.71,43.4,Urban,86570.91,13,3.154,2.825,0.8455,0.0,0.0,Europe,,,,1.65,9.04,?
2025-06-01 21:59:34,345.5,Opel Corsa,99.0,577.5,3.0,0.918,8.24,33.33,14.0,0.98,0,,0.0,1.014,0.447,Stop-and-Go,15.4,Clear,clear sky,6.0,87.1,1018.9,45,2.45,45.8,Urban,86570.91,13,3.148,2.823,0.8433,0.0,0.0,Europe,,,,3.99,21.86,?
2025-06-01 21:59:35,346.6,Opel Corsa,99.0,936.2,6.0,0.918,8.24,24.71,14.0,0.98,0,,0.0,1.087,0.447,Stop-and-Go,11.1,Clear,clear sky,4.7,71.0,1008.9,45,1.83,42.2,Urban,86570.91,13,3.155,2.818,0.8443,0.0,0.0,Europe,,,,2.98,16.33,?
2025-06-01 21:59:36,347.9,Opel Corsa,99.0,1016.5,7.0,0.918,12.55,26.27,13.9,0.98,0,,0.0,1.072,0.447,Stop-and-Go,9.1,Clear,clear sky,6.9,75.7,1015.8,45,1.95,42.6,Urban,86570.92,13,3.145,2.822,0.843,0.0,0.0,Europe,,,,3.59,19.67,?
2025-06-01 21:59:37,349.1,Opel Corsa,99.0,1436.8,10.0,0.918,12.55,30.59,13.9,0.98,0,,0.0,1.121,0.447,Stop-and-Go,14.8,Clear,clear sky,6.7,51.5,1019.2,45,2.26,51.4,Urban,86570.92,13,3.156,2.82,0.8425,0.0,0.0,Europe,,,,5.96,32.65,?
2025-06-01 21:59:39,350.2,Opel Corsa,99.0,1873.8,13.0,0.918,12.55,22.75,13.9,0.98,0,,0.0,1.155,0.447,Stop-and-Go,10.0,Clear,clear sky,4.8,59.3,1010.9,45,1.68,44.7,Urban,86570.92,13,3.145,2.819,0.8433,0.0,0.0,Europe,,,,2.5,13.7,?
2025-06-01 21:59:40,351.4,Opel Corsa,99.0,1920.2,13.0,0.918,12.55,24.71,13.9,0.98,0,,0.0,1.155,0.447,Stop-and-Go,14.7,Clear,clear sky,5.8,62.9,1009.0,45,2.13,48.0,Urban,86570.93,13,3.152,2.831,0.8423,0.0,0.0,Europe,,,,3.1,16.98,?
2025-06-01 21:59:41,352.6,Opel Corsa,99.0,1154.0,14.0,0.918,12.55,31.37,13.9,0.98,0,,0.0,1.129,0.447,Stop-and-Go,15.1,Clear,clear sky,7.9,63.7,1015.9,45,2.23,46.7,Urban,86570.93,13,3.149,2.823,0.8428,0.0,0.0,Europe,,,,5.94,32.54,2.0
2025-06-01 21:59:42,353.7,Opel Corsa,99.0,1181.8,16.0,0.918,12.55,27.84,13.9,0.98,0,,0.0,1.131,0.447,Stop-and-Go,12.1,Clear,clear sky,8.9,44.0,1012.9,45,2.47,46.9,Urban,86570.94,13,3.146,2.825,0.8458,0.0,0.0,Europe,,,,4.32,23.67,2.0
2025-06-01 21:59:43,354.8,Opel Corsa,99.0,1218.8,16.0,0.918,12.55,26.27,13.9,0.98,0,,0.0,1.158,0.447,Stop-and-Go,11.2,Clear,clear sky,2.4,62.0,1015.6,45,2.04,48.8,Urban,86570.94,13,3.148,2.819,0.8487,0.0,0.0,Europe,,,,3.72,20.38,2.0
2025-06-01 21:59:44,356.0,Opel Corsa,99.0,1242.8,17.0,0.918,12.55,24.71,13.9,0.98,0,,0.0,1.099,0.447,Stop-and-Go,14.2,Clear,clear sky,2.1,49.9,1008.2,45,1.92,44.6,Urban,86570.95,13,3.156,2.825,0.8419,0.0,0.0,Europe,,,,3.13,17.15,2.0
2025-06-01 21:59:46,357.1,Opel Corsa,99.0,1258.5,17.0,0.918,12.55,23.92,13.9,0.98,0,,0.0,1.099,0.421,Stop-and-Go,14.2,Clear,clear sky,5.0,62.2,1015.7,45,1.58,42.1,Urban,86570.95,13,3.156,2.818,0.8459,0.0,0.0,Europe,,,,2.93,16.05,2.0
2025-06-01 21:59:47,358.2,Opel Corsa,99.0,1277.0,17.0,0.918,12.55,22.75,13.9,0.98,0,,0.0,1.099,0.395,Stop-and-Go,12.6,Clear,clear sky,8.7,82.5,1013.1,45,1.55,44.0,Urban,86570.96,13,3.158,2.816,0.8441,0.0,0.0,Europe,,,,2.45,13.42,2.0
2025-06-01 21:59:48,359.5,Opel Corsa,99.0,1286.2,17.0,0.918,7.45,21.96,13.9,0.98,0,,0.0,1.099,0.368,Stop-and-Go,12.2,Clear,clear sky,2.0,70.3,1008.4,45,2.08,47.0,Urban,86570.97,13,3.144,2.827,0.8399,0.0,0.0,Europe,,,,2.31,12.66,2.0
2025-06-01 21:59:49,360.7,Opel Corsa,99.0,1275.2,17.0,0.918,7.45,21.57,13.9,0.98,0,,0.0,1.099,0.342,Smooth,14.3,Clear,clear sky,4.6,65.8,1021.0,45,1.77,44.7,Urban,86570.97,13,3.151,2.825,0.8417,0.0,0.0,Europe,,,,2.12,11.61,2.0
2025-06-01 21:59:50,361.8,Opel Corsa,99.0,1283.0,17.0,0.918,7.45,21.57,13.9,0.98,0,,0.0,1.099,0.316,Smooth,12.3,Clear,clear sky,4.8,62.9,1014.4,45,1.87,42.7,Urban,86570.98,13,3.151,2.824,0.8452,0.0,0.0,Europe,,,,2.07,11.34,2.0
2025-06-01 21:59:51,362.9,Opel Corsa,99.0,1272.5,17.0,0.918,7.45,21.18,13.9,0.98,0,,0.0,1.099,0.289,Smooth,14.3,Clear,clear sky,6.4,71.2,1010.2,45,2.0,44.4,Urban,86570.98,13,3.151,2.825,0.8471,0.0,0.0,Europe,,,,1.98,10.85,2.0
2025-06-01 21:59:52,364.1,Opel Corsa,99.0,1252.8,17.0,0.918,7.45,20.78,13.9,0.98,0,,0.0,1.121,0.263,Smooth,11.9,Clear,clear sky,8.3,46.9,1006.0,45,2.05,44.2,Urban,86570.99,13,3.157,2.829,0.843,0.0,0.0,Europe,,,,1.96,10.74,2.0
2025-06-01 21:59:54,365.2,Opel Corsa,99.0,1284.2,17.0,0.918,7.45,21.18,13.9,0.98,0,,0.0,1.124,0.237,Smooth,10.8,Clear,clear sky,4.5,67.6,1013.1,45,2.29,41.2,Urban,86570.99,13,3.156,2.823,0.8448,0.0,0.0,Europe,,,,2.03,11.12,2.0
2025-06-01 21:59:55,366.4,Opel Corsa,99.0,1250.2,17.0,0.918,7.45,23.92,13.9,0.98,0,,0.0,1.061,0.211,Smooth,11.7,Clear,clear sky,5.9,63.4,1016.7,45,2.22,40.3,Urban,86571.0,13,3.149,2.834,0.8425,0.0,0.0,Europe,,,,3.04,16.66,2.0
2025-06-01 21:59:56,367.6,Opel Corsa,99.0,1255.2,17.0,0.918,7.45,25.1,13.9,0.98,0,,0.0,1.061,0.184,Smooth,8.7,Clear,clear sky,4.6,52.2,1017.9,45,1.74,40.7,Urban,86571.0,13,3.141,2.831,0.8408,0.0,0.0,Europe,,,,3.34,18.3,2.0
2025-06-01 21:59:57,368.7,Opel Corsa,99.0,1265.5,17.0,0.918,7.45,25.49,13.9,0.98,0,,0.0,0.975,0.158,Smooth,13.7,Clear,clear sky,4.8,48.8,1010.9,45,1.97,46.1,Urban,86571.01,13,3.147,2.831,0.8457,0.0,0.0,Europe,,,,3.44,18.85,2.0
2025-06-01 21:59:58,369.8,Opel Corsa,99.0,1341.0,18.0,0.918,7.45,24.31,13.9,0.98,0,,0.0,0.862,0.132,Smooth,13.3,Clear,clear sky,4.9,59.5,1014.2,45,2.16,47.6,Urban,86571.01,13,3.148,2.827,0.8463,0.0,0.0,Europe,,,,3.28,17.97,2.0
2025-06-01 22:00:00,371.1,Opel Corsa,99.0,1363.0,18.0,0.918,8.63,23.92,13.9,0.98,0,,0.0,0.867,0.105,Smooth,10.6,Clear,clear sky,8.4,53.3,1022.9,45,2.19,50.0,Urban,86571.02,13,3.156,2.832,0.8436,0.0,0.0,Europe,,,,2.91,15.94,2.0
2025-06-01 22:00:01,372.3,Opel Corsa,99.0,1375.2,18.0,0.918,8.63,23.92,13.9,0.98,0,,0.0,0.719,0.079,Smooth,9.1,Clear,clear sky,7.0,48.6,1015.7,45,1.63,47.4,Urban,86571.03,13,3.145,2.824,0.8472,0.0,0.0,Europe,,,,2.85,15.61,2.0
2025-06-01 22:00:02,373.5,Opel Corsa,99.0,1372.0,19.0,0.918,8.63,23.92,13.9,0.98,0,,0.0,0.505,0.053,Smooth,13.5,Clear,clear sky,7.3,62.5,1009.3,45,2.07,40.8,Urban,86571.03,13,3.151,2.821,0.8447,0.0,0.0,Europe,,,,2.82,15.45,2.0
2025-06-01 22:00:03,374.6,Opel Corsa,99.0,1423.0,19.0,0.918,8.63,26.67,13.9,0.98,0,,0.0,0.505,0.053,Smooth,11.9,Clear,clear sky,6.7,45.3,1014.2,45,2.28,45.7,Urban,86571.04,13,3.154,2.822,0.8432,0.0,0.0,Europe,,,,4.0,21.91,2.0
2025-06-01 22:00:04,375.8,Opel Corsa,99.0,1433.0,19.0,0.918,8.63,25.1,13.9,0.98,0,,0.0,0.488,0.053,Smooth,9.6,Clear,clear sky,5.0,60.3,1005.7,45,2.04,48.6,Urban,86571.04,13,3.161,2.819,0.8461,0.0,0.0,Europe,,,,3.4,18.63,2.0
2025-06-01 22:00:05,376.9,Opel Corsa,99.0,1505.0,20.0,0.918,8.63,25.1,13.9,0.98,0,,0.0,0.362,0.053,Smooth,11.6,Clear,clear sky,6.9,63.3,1014.8,45,1.99,45.7,Urban,86571.05,13,3.147,2.825,0.8456,0.0,0.0,Europe,,,,3.37,18.46,2.0
2025-06-01 22:00:06,378.0,Opel Corsa,99.0,1494.0,20.0,0.918,8.63,24.71,13.9,0.98,0,,0.0,0.362,0.053,Smooth,12.6,Clear,clear sky,6.9,68.9,1004.8,45,2.21,46.0,Urban,86571.06,13,3.151,2.826,0.8433,0.0,0.0,Europe,,,,3.1,16.98,2.0
2025-06-01 22:00:08,379.2,Opel Corsa,99.0,1521.5,20.0,0.918,8.63,23.14,13.9,0.98,0,,0.0,0.323,0.053,Smooth,14.3,Clear,clear sky,5.1,64.6,1013.1,45,2.49,53.4,Urban,86571.06,13,3.151,2.821,0.8447,0.0,0.0,Europe,,,,2.51,13.75,2.0
2025-06-01 22:00:09,380.4,Opel Corsa,99.0,1492.0,20.0,0.918,8.63,23.14,13.9,0.98,0,,0.0,0.323,0.053,Smooth,13.3,Clear,clear sky,7.5,52.1,1015.7,45,1.98,44.1,Urban,86571.07,13,3.145,2.827,0.8457,0.0,0.0,Europe,,,,2.55,13.97,2.0
2025-06-01 22:00:10,381.5,Opel Corsa,99.0,1481.8,20.0,0.918,8.63,23.53,13.9,0.98,0,,0.0,0.323,0.053,Smooth,8.2,Clear,clear sky,1.1,46.9,1012.0,45,1.78,46.4,Urban,86571.08,13,3.146,2.822,0.8459,0.0,0.0,Europe,,,,2.57,14.08,2.0
2025-06-01 22:00:11,382.8,Opel Corsa,99.0,1485.5,20.0,0.918,7.06,23.53,13.9,0.98,0,,0.0,0.323,0.053,Smooth,9.6,Clear,clear sky,4.7,66.1,1012.1,45,1.91,42.7,Urban,86571.08,13,3.15,2.825,0.8457,0.0,0.0,Europe,,,,2.56,14.03,2.0
2025-06-01 22:00:12,383.9,Opel Corsa,99.0,1474.0,20.0,0.918,7.06,23.14,13.9,0.98,0,,0.0,0.323,0.053,Smooth,10.9,Clear,clear sky,6.9,68.3,1012.5,45,1.86,47.0,Urban,86571.09,13,3.146,2.826,0.8437,0.0,0.0,Europe,,,,2.5,13.7,2.0
2025-06-01 22:00:13,385.1,Opel Corsa,99.0,1468.8,20.0,0.918,7.06,22.35,13.9,0.98,0,,0.0,0.323,0.053,Smooth,10.7,Clear,clear sky,5.1,71.7,1023.0,45,2.05,45.2,Urban,86571.1,13,3.155,2.824,0.8458,0.0,0.0,Europe,,,,2.21,12.11,2.0
2025-06-01 22:00:15,386.3,Opel Corsa,99.0,1446.5,19.0,0.918,7.06,24.71,13.9,0.98,0,,0.0,0.359,0.053,Smooth,10.1,Clear,clear sky,4.7,49.3,1010.5,45,1.97,45.2,Urban,86571.1,13,3.138,2.827,0.8456,0.0,0.0,Europe,,,,3.12,17.09,2.0
2025-06-01 22:00:16,387.4,Opel Corsa,99.0,1406.5,19.0,0.918,7.06,22.75,13.9,0.98,0,,0.0,0.359,0.026,Smooth,9.7,Clear,clear sky,6.0,65.7,1014.7,45,2.1,46.4,Urban,86571.11,13,3.153,2.823,0.8418,0.0,0.0,Europe,,,,2.51,13.75,2.0
2025-06-01 22:00:17,388.6,Opel Corsa,99.0,1344.2,18.0,0.918,7.06,23.14,13.9,0.98,0,,0.0,0.387,0.0,Smooth,11.8,Clear,clear sky,6.5,47.3,1006.4,45,2.18,48.8,Urban,86571.11,13,3.15,2.823,0.8419,0.0,0.0,Europe,,,,2.62,14.35,2.0
2025-06-01 22:00:18,389.7,Opel Corsa,99.0,1301.5,17.0,0.918,7.06,23.14,13.9,0.98,0,,0.0,0.41,0.0,Smooth,15.7,Clear,clear sky,5.1,61.5,1019.4,45,2.42,48.0,Urban,86571.12,13,3.143,2.828,0.8418,0.0,0.0,Europe,,,,2.71,14.85,2.0
2025-06-01 22:00:19,390.8,Opel Corsa,99.0,1261.0,17.0,0.918,7.06,23.14,13.9,0.98,0,,0.0,0.41,0.0,Smooth,15.9,Clear,clear sky,6.8,65.5,1010.8,45,1.87,43.5,Urban,86571.13,13,3.152,2.826,0.8469,0.0,0.0,Europe,,,,2.64,14.46,2.0
2025-06-01 22:00:20,392.0,Opel Corsa,99.0,1184.8,16.0,0.918,7.06,22.75,13.9,0.98,0,,0.0,0.428,0.0,Smooth,12.3,Clear,clear sky,7.2,86.1,1014.6,45,2.19,43.7,Urban,86571.13,13,3.149,2.823,0.8459,0.0,0.0,Europe,,,,2.48,13.59,2.0
2025-06-01 22:00:21,393.1,Opel Corsa,99.0,1201.8,16.0,0.918,7.06,25.1,13.9,0.98,0,,0.0,0.41,0.0,Smooth,11.4,Clear,clear sky,2.9,54.4,1009.9,45,2.21,48.3,Urban,86571.14,13,3.156,2.83,0.8371,0.0,0.0,Europe,,,,3.37,18.46,2.0
2025-06-01 22:00:23,394.4,Opel Corsa,99.0,1212.0,16.0,0.918,9.02,23.53,13.9,0.98,0,,0.0,0.41,0.0,Smooth,13.9,Clear,clear sky,5.5,56.4,1022.0,45,1.78,48.0,Urban,86571.14,13,3.149,2.822,0.8458,0.0,0.0,Europe,,,,2.81,15.4,2.0
2025-06-01 22:00:24,395.5,Opel Corsa,99.0,1145.2,16.0,0.918,9.02,21.57,13.9,0.98,0,,0.0,0.41,0.0,Smooth,10.0,Clear,clear sky,6.9,45.8,1017.2,45,2.31,49.4,Urban,86571.15,13,3.153,2.829,0.8392,0.0,0.0,Europe,,,,2.21,12.11,2.0
2025-06-01 22:00:25,396.7,Opel Corsa,99.0,1196.0,16.0,0.918,9.02,21.96,13.9,0.98,0,,0.0,0.388,0.0,Smooth,9.8,Clear,clear sky,8.2,63.2,1011.6,45,1.8,46.0,Urban,86571.15,13,3.147,2.821,0.8434,0.0,0.0,Europe,,,,2.26,12.38,2.0
2025-06-01 22:00:26,397.9,Opel Corsa,99.0,1192.5,16.0,0.918,9.02,21.96,13.9,0.98,0,,0.0,0.388,0.0,Smooth,10.3,Clear,clear sky,6.5,79.2,1013.3,45,2.52,43.9,Urban,86571.16,13,3.152,2.828,0.8445,0.0,0.0,Europe,,,,2.19,12.0,2.0
2025-06-01 22:00:27,399.0,Opel Corsa,99.0,1207.2,16.0,0.918,9.02,21.57,13.9,0.98,0,,0.0,0.388,0.0,Smooth,14.6,Clear,clear sky,5.4,56.2,1015.9,45,2.07,43.9,Urban,86571.16,13,3.146,2.826,0.845,0.0,0.0,Europe,,,,2.16,11.83,2.0
2025-06-01 22:00:29,400.1,Opel Corsa,99.0,1184.8,16.0,0.918,9.02,21.57,13.9,0.98,0,,0.0,0.357,0.0,Smooth,8.3,Clear,clear sky,2.2,60.9,1014.7,45,1.75,40.5,Urban,86571.17,13,3.143,2.823,0.8432,0.0,0.0,Europe,,,,2.1,11.51,2.0
2025-06-01 22:00:30,401.3,Opel Corsa,99.0,1189.8,16.0,0.918,9.02,21.18,13.9,0.98,0,,0.0,0.357,0.0,Smooth,11.8,Clear,clear sky,6.6,53.9,1017.7,45,2.04,44.4,Urban,86571.17,13,3.152,2.825,0.8418,0.0,0.0,Europe,,,,2.05,11.23,2.0
2025-06-01 22:00:31,402.4,Opel Corsa,99.0,1180.2,16.0,0.918,9.02,21.18,13.9,0.98,0,,0.0,0.357,0.0,Smooth,13.6,Clear,clear sky,8.2,64.4,1012.5,45,2.33,44.9,Urban,86571.18,13,3.144,2.816,0.8446,0.0,0.0,Europe,,,,2.02,11.07,2.0
2025-06-01 22:00:32,403.6,Opel Corsa,99.0,1171.0,15.0,0.918,9.02,23.14,13.9,0.98,0,,0.0,0.386,0.0,Smooth,11.0,Clear,clear sky,3.6,60.0,1014.8,45,2.05,47.2,Urban,86571.18,13,3.148,2.824,0.8451,0.0,0.0,Europe,,,,2.63,14.41,2.0
2025-06-01 22:00:33,404.8,Opel Corsa,99.0,1104.8,15.0,0.918,9.02,22.75,13.9,0.98,0,,0.0,0.386,0.0,Smooth,11.5,Clear,clear sky,5.8,47.2,1009.6,45,2.15,46.0,Urban,86571.19,13,3.152,2.822,0.8435,0.0,0.0,Europe,,,,2.42,13.26,2.0
2025-06-01 22:00:34,406.1,Opel Corsa,99.0,1033.0,11.0,0.918,8.24,21.96,13.9,0.98,0,,0.0,0.746,0.0,Smooth,12.4,Clear,clear sky,5.9,54.7,1012.2,45,2.06,48.0,Urban,86571.19,13,3.149,2.825,0.8421,0.0,0.0,Europe,,,,2.28,12.49,1.0
2025-06-01 22:00:36,407.2,Opel Corsa,99.0,909.5,8.0,0.918,8.24,21.57,13.9,0.98,0,,0.0,0.891,0.0,Smooth,12.9,Clear,clear sky,3.3,66.0,1015.4,45,2.26,53.5,Urban,86571.19,13,3.152,2.828,0.8423,0.0,0.0,Europe,,,,2.12,11.61,1.0
2025-06-01 22:00:37,408.4,Opel Corsa,99.0,858.2,6.0,0.918,8.24,20.78,13.9,0.98,0,,0.0,0.922,0.0,Smooth,12.6,Clear,clear sky,6.0,74.0,1019.5,45,2.36,41.2,Urban,86571.2,13,3.145,2.825,0.8413,0.0,0.0,Europe,,,,1.92,10.52,?
2025-06-01 22:00:38,409.5,Opel Corsa,99.0,848.0,4.0,0.918,8.24,20.39,13.9,0.98,0,,0.0,0.959,0.0,Stop-and-Go,8.2,Clear,clear sky,9.7,75.2,1013.8,45,2.49,45.0,Urban,86571.2,13,3.151,2.821,0.8428,0.0,0.0,Europe,,,,1.74,9.53,?
2025-06-01 22:00:39,410.6,Opel Corsa,99.0,866.5,3.0,0.918,8.24,19.22,13.9,0.98,0,,0.0,0.948,0.0,Stop-and-Go,12.5,Clear,clear sky,5.3,63.1,1012.2,45,2.17,48.7,Urban,86571.2,13,3.151,2.822,0.8422,0.0,0.0,Europe,,,,1.49,8.16,?
2025-06-01 22:00:40,411.8,Opel Corsa,99.0,792.8,4.0,0.918,8.24,22.75,13.9,0.98,0,,0.0,0.948,0.0,Stop-and-Go,12.1,Clear,clear sky,5.6,59.2,1009.0,45,1.9,46.9,Urban,86571.2,13,3.145,2.831,0.8421,0.0,0.0,Europe,,,,2.33,12.77,?
2025-06-01 22:00:41,413.0,Opel Corsa,99.0,774.5,5.0,0.918,8.24,21.96,13.9,0.98,0,,0.0,0.948,0.0,Smooth,10.7,Clear,clear sky,4.9,86.3,1014.9,45,2.1,45.2,Urban,86571.2,13,3.15,2.829,0.844,0.0,0.0,Europe,,,,2.09,11.45,?
2025-06-01 22:00:42,414.1,Opel Corsa,99.0,876.5,6.0,0.918,8.24,21.57,13.9,0.98,0,,0.0,0.936,0.0,Smooth,13.4,Clear,clear sky,6.7,63.9,1017.8,45,1.93,45.0,Urban,86571.2,13,3.152,2.823,0.8436,0.0,0.0,Europe,,,,2.09,11.45,?
2025-06-01 22:00:44,415.3,Opel Corsa,99.0,939.2,2.0,0.918,8.24,19.61,13.9,0.98,0,,0.0,1.115,0.0,Stop-and-Go,12.3,Clear,clear sky,7.4,57.8,1015.0,45,1.81,50.2,Urban,86571.2,13,3.153,2.827,0.8432,0.0,0.0,Europe,,,,1.56,8.55,?
2025-06-01 22:00:45,416.4,Opel Corsa,99.0,802.5,0.0,0.918,8.24,19.61,13.9,0.98,0,,0.0,1.113,0.026,Stop-and-Go,12.3,Clear,clear sky,2.6,74.0,1012.2,45,1.66,43.3,Urban,86571.2,13,3.143,2.824,0.8425,0.0,0.0,Europe,,,,1.49,8.16,?
2025-06-01 22:00:46,417.8,Opel Corsa,99.0,694.0,0.0,0.918,7.45,20.39,13.1,0.8,0,,0.0,1.113,0.053,Stop-and-Go,10.7,Clear,clear sky,3.5,32.1,1012.7,45,1.85,53.3,Urban,86571.2,13,3.153,2.82,0.8414,0.0,0.0,Europe,,,,1.68,9.2,?
2025-06-01 22:00:47,418.9,Opel Corsa,99.0,673.0,0.0,0.918,7.45,20.0,13.1,0.8,0,,0.0,1.113,0.079,Stop-and-Go,11.6,Clear,clear sky,2.3,72.8,1009.1,45,1.96,51.0,Urban,86571.2,13,3.155,2.835,0.8435,0.0,0.0,Europe,,,,1.58,8.66,?
2025-06-01 22:00:48,420.1,Opel Corsa,99.0,800.2,2.0,0.918,7.45,21.96,13.1,0.8,0,,0.0,1.104,0.079,Stop-and-Go,12.1,Clear,clear sky,3.4,30.6,1015.5,45,2.05,46.2,Urban,86571.2,13,3.148,2.822,0.8436,0.0,0.0,Europe,,,,2.19,12.0,?
2025-06-01 22:00:50,421.2,Opel Corsa,99.0,790.0,3.0,0.918,7.45,20.39,13.1,0.8,0,,0.0,1.078,0.079,Stop-and-Go,14.7,Clear,clear sky,4.6,72.6,1013.1,45,1.94,42.8,Urban,86571.2,13,3.154,2.816,0.8462,0.0,0.0,Europe,,,,1.67,9.15,?
2025-06-01 22:00:51,422.4,Opel Corsa,99.0,802.5,4.0,0.918,7.45,20.39,13.1,0.8,0,,0.0,1.05,0.079,Stop-and-Go,11.7,Clear,clear sky,7.3,58.9,1017.7,45,2.12,47.1,Urban,86571.21,13,3.151,2.82,0.8419,0.0,0.0,Europe,,,,1.72,9.42,?
2025-06-01 22:00:52,423.5,Opel Corsa,99.0,823.8,4.0,0.918,7.45,20.39,13.1,0.8,0,,0.0,1.05,0.079,Stop-and-Go,13.3,Clear,clear sky,7.8,49.8,1014.7,45,1.71,47.0,Urban,86571.21,13,3.149,2.826,0.8478,0.0,0.0,Europe,,,,1.78,9.75,?
2025-06-01 22:00:53,424.7,Opel Corsa,99.0,814.0,0.0,0.918,7.45,15.69,13.1,0.8,0,,0.0,1.14,0.105,Stop-and-Go,10.1,Clear,clear sky,3.7,71.3,1006.3,45,2.13,44.3,Urban,86571.21,13,3.159,2.823,0.8433,0.0,0.0,Europe,,,,0.98,5.37,?
2025-06-01 22:00:54,425.8,Opel Corsa,99.0,628.5,0.0,0.918,7.45,16.86,13.1,0.8,0,,0.0,1.14,0.132,Stop-and-Go,9.5,Clear,clear sky,3.0,63.1,1012.7,45,2.15,43.3,Urban,86571.21,13,3.15,2.819,0.8422,0.0,0.0,Europe,,,,1.04,5.7,?
2025-06-01 22:00:55,427.0,Opel Corsa,99.0,559.5,0.0,0.918,7.45,21.18,13.1,0.8,0,,0.0,1.173,0.158,Stop-and-Go,13.5,Clear,clear sky,7.8,43.9,1018.3,45,2.2,42.5,Urban,86571.21,13,3.15,2.823,0.8429,0.0,0.0,Europe,,,,1.74,9.53,?
2025-06-01 22:00:56,428.1,Opel Corsa,99.0,779.2,0.0,0.918,7.45,18.82,13.1,0.8,0,,0.0,1.173,0.184,Stop-and-Go,12.1,Clear,clear sky,6.7,58.8,1016.6,45,2.23,41.7,Urban,86571.21,13,3.146,2.824,0.8444,0.0,0.0,Europe,,,,1.31,7.18,?
2025-06-01 22:00:58,429.3,Opel Corsa,99.0,657.8,0.0,0.918,6.67,19.61,13.1,0.8,0,,0.0,1.119,0.211,Stop-and-Go,11.8,Clear,clear sky,4.1,77.7,1013.7,45,2.27,45.4,Urban,86571.21,13,3.151,2.821,0.8443,0.0,0.0,Europe,,,,1.39,7.62,?
2025-06-01 22:00:59,430.5,Opel Corsa,99.0,855.0,3.0,0.918,6.67,21.18,13.1,0.8,0,,0.0,1.124,0.211,Stop-and-Go,9.1,Clear,clear sky,3.7,44.9,1018.8,45,1.96,48.8,Urban,86571.21,13,3.15,2.828,0.8456,0.0,0.0,Europe,,,,1.91,10.46,?
2025-06-01 22:01:00,431.6,Opel Corsa,99.0,759.5,3.0,0.918,6.67,21.18,13.1,0.8,0,,0.0,1.139,0.211,Stop-and-Go,11.8,Clear,clear sky,5.5,67.7,1017.0,45,2.09,39.9,Urban,86571.21,13,3.144,2.824,0.8442,0.0,0.0,Europe,,,,1.83,10.03,?
2025-06-01 22:01:01,432.8,Opel Corsa,99.0,993.0,4.0,0.918,6.67,20.0,13.1,0.8,0,,0.0,1.124,0.211,Stop-and-Go,11.1,Clear,clear sky,5.0,56.0,1015.6,45,1.96,42.9,Urban,86571.21,13,3.149,2.817,0.8424,0.0,0.0,Europe,,,,1.66,9.09,?
2025-06-01 22:01:02,433.9,Opel Corsa,99.0,1015.5,2.0,0.918,6.67,19.22,13.1,0.8,0,,0.0,1.137,0.211,Stop-and-Go,11.6,Clear,clear sky,5.2,62.1,1014.8,45,2.11,46.9,Urban,86571.21,13,3.147,2.824,0.8468,0.0,0.0,Europe,,,,1.5,8.22,?
2025-06-01 22:01:03,435.1,Opel Corsa,99.0,933.2,0.0,0.918,6.67,19.22,13.1,0.8,0,,0.0,1.148,0.237,Stop-and-Go,10.0,Clear,clear sky,5.7,55.2,1013.9,45,2.33,50.3,Urban,86571.21,13,3.15,2.821,0.8436,0.0,0.0,Europe,,,,1.44,7.89,?
2025-06-01 22:01:05,436.2,Opel Corsa,99.0,650.2,0.0,0.918,6.67,20.0,13.1,0.8,0,,0.0,1.171,0.263,Stop-and-Go,9.3,Clear,clear sky,6.8,63.1,1017.5,45,1.98,47.2,Urban,86571.21,13,3.148,2.827,0.848,0.0,0.0,Europe,,,,1.55,8.49,?
2025-06-01 22:01:06,437.4,Opel Corsa,99.0,757.5,0.0,0.918,6.67,18.82,13.1,0.8,0,,0.0,1.192,0.289,Stop-and-Go,10.4,Clear,clear sky,7.5,63.9,1009.4,45,1.79,49.0,Urban,86571.21,13,3.152,2.823,0.8416,0.0,0.0,Europe,,,,1.36,7.45,?
2025-06-01 22:01:07,438.5,Opel Corsa,99.0,823.0,0.0,0.918,6.67,15.69,13.1,0.8,0,,0.0,1.057,0.316,Stop-and-Go,12.7,Clear,clear sky,3.3,39.8,1013.0,45,1.89,50.9,Urban,86571.21,13,3.146,2.819,0.8405,0.0,0.0,Europe,,,,0.98,5.37,?
2025-06-01 22:01:08,439.7,Opel Corsa,99.0,639.5,0.0,0.918,6.67,15.69,13.1,0.8,0,,0.0,1.046,0.342,Stop-and-Go,12.6,Clear,clear sky,6.9,62.2,1013.6,45,2.38,45.7,Urban,86571.21,13,3.151,2.831,0.8445,0.0,0.0,Europe,,,,0.97,5.31,?
2025-06-01 22:01:09,440.9,Opel Corsa,99.0,666.5,0.0,0.918,4.31,15.69,13.1,0.8,0,,0.0,1.046,0.368,Stop-and-Go,12.8,Clear,clear sky,5.4,45.5,1013.4,45,2.04,45.5,Urban,86571.21,13,3.154,2.823,0.8431,0.0,0.0,Europe,,,,0.97,5.31,?
