timestamp,elapsed_seconds,engine_temp,rpm,speed,fuel_level,engine_load,throttle_pos,battery_voltage,battery_health,dtc_count,sensor_fault,hard_braking_freq,accel_variance,idle_ratio,driving_style,ambient_temp,weather_condition,weather_raw,monthly_precipitation,wind_speed,humidity,pressure_hpa,road_roughness,traffic_density,road_type,mileage,vehicle_age,brake_thickness,tire_tread,oil_degradation,latitude,longitude,city,maintenance_probability,severity,needs_maintenance,vehicle_name,calc_fuel_rate_lph,calc_fuel_l100km,calc_co2_g_per_km
2026-03-19 19:35:55,0,63.0,0.0,0.0,0.62,0.0,0.0,12.226,0.98,0,0,0.0,0.2,1.0,Stop-and-Go,33.0,Clear,haze,8.0,3.5,24.8,1006.6,3.0,82.2,Urban,69395.0,12,5.5,4.0,0.04,18.5211,73.8502,Pune,,,,Safari Storme EX,0.04,,
2026-03-19 19:35:58,2,63.0,0.0,0.0,0.62,0.0,0.0,12.226,0.98,0,0,0.0,0.0,1.0,Stop-and-Go,33.0,Clear,haze,8.0,3.6,18.9,1006.8,3.0,81.9,Urban,69395.0,12,5.5,4.0,0.04,18.5211,73.8502,Pune,,,,Safari Storme EX,0.04,,
2026-03-19 19:36:02,4,63.0,0.0,0.0,0.62,0.0,0.0,10.445,0.98,0,0,0.0,0.0,1.0,Stop-and-Go,33.4,Clear,haze,8.0,2.6,23.5,1006.7,0.0,78.6,Urban,69395.0,12,5.5,4.0,0.04,18.5211,73.8502,Pune,,,,Safari Storme EX,0.04,,
2026-03-19 19:36:05,6,63.0,813.5,0.0,0.62,34.90196078431372,0.0,12.585,0.98,0,0,0.0,0.0,1.0,Stop-and-Go,32.5,Clear,haze,8.0,3.5,23.0,1006.6,0.0,77.4,Urban,69395.0,12,5.5,4.0,0.04,18.5211,73.8502,Pune,,,,Safari Storme EX,2.37,,
2026-03-19 19:36:08,8,63.0,843.75,0.0,0.62,24.705882352941178,0.0,13.992,0.98,0,0,0.0,0.0,1.0,Stop-and-Go,33.3,Clear,haze,8.0,3.0,23.5,1006.7,0.0,77.2,Urban,69395.0,12,5.5,4.0,0.04,18.5211,73.8502,Pune,,,,Safari Storme EX,1.81,,
2026-03-19 19:38:09,10,68.0,839.75,0.0,0.62,16.862745098039216,0.0,14.257,0.98,0,0,0.0,0.2,1.0,Stop-and-Go,32.3,Clear,haze,8.0,3.6,21.6,1007.2,3.0,75.5,Urban,69395.0,12,5.5,4.0,0.04,18.5211,73.8502,Pune,,,,Safari Storme EX,1.25,,
2026-03-19 19:38:12,12,69.0,840.0,0.0,0.62,16.862745098039216,0.0,14.226,0.98,0,0,0.0,0.0,1.0,Stop-and-Go,32.9,Clear,haze,8.0,3.0,23.1,1005.9,3.0,81.6,Urban,69395.0,12,5.5,4.0,0.04,18.5211,73.8502,Pune,,,,Safari Storme EX,1.26,,
2026-03-19 19:38:16,14,69.0,839.5,0.0,0.62,16.862745098039216,0.0,14.25,0.98,0,0,0.0,0.0,1.0,Stop-and-Go,32.9,Clear,haze,8.0,3.3,18.4,1005.9,0.0,80.4,Urban,69395.0,12,5.5,4.0,0.04,18.5211,73.8502,Pune,,,,Safari Storme EX,1.25,,
2026-03-19 19:38:19,16,69.0,841.0,0.0,0.62,17.647058823529413,0.0,14.257,0.98,0,0,0.0,0.0,1.0,Stop-and-Go,33.5,Clear,haze,8.0,3.0,22.0,1006.5,0.0,86.9,Urban,69395.0,12,5.5,4.0,0.04,18.5211,73.8502,Pune,,,,Safari Storme EX,1.31,,
2026-03-19 19:38:22,18,69.0,839.5,0.0,0.62,16.862745098039216,0.0,14.242,0.98,0,0,0.0,0.0,1.0,Stop-and-Go,33.0,Clear,haze,8.0,2.5,24.1,1006.5,0.0,84.8,Urban,69395.0,12,5.5,4.0,0.04,18.5211,73.8502,Pune,,,,Safari Storme EX,1.25,,
2026-03-19 19:38:25,20,69.0,840.0,0.0,0.62,16.862745098039216,0.0,14.265,0.98,0,0,0.0,0.0,1.0,Stop-and-Go,32.8,Clear,haze,8.0,2.4,20.1,1006.8,0.0,82.2,Urban,69395.0,12,5.5,4.0,0.04,18.5211,73.8502,Pune,,,,Safari Storme EX,1.26,,
2026-03-19 19:38:28,22,69.0,840.25,0.0,0.62,16.862745098039216,0.0,14.257,0.98,0,0,0.0,0.0,1.0,Stop-and-Go,33.5,Clear,haze,8.0,3.3,21.6,1006.5,0.0,79.9,Urban,69395.0,12,5.5,4.0,0.04,18.5211,73.8502,Pune,,,,Safari Storme EX,1.26,,
2026-03-19 19:38:32,24,69.0,839.5,0.0,0.62,16.862745098039216,0.0,14.257,0.98,0,0,0.0,0.0,1.0,Stop-and-Go,33.6,Clear,haze,8.0,2.6,21.2,1006.9,0.0,67.8,Urban,69395.0,12,5.5,4.0,0.04,18.5211,73.8502,Pune,,,,Safari Storme EX,1.25,,
2026-03-19 19:38:35,26,69.0,840.25,0.0,0.62,16.862745098039216,0.0,14.257,0.98,0,0,0.0,0.0,1.0,Stop-and-Go,32.7,Clear,haze,8.0,2.4,23.0,1005.7,0.0,85.1,Urban,69395.0,12,5.5,4.0,0.04,18.5211,73.8502,Pune,,,,Safari Storme EX,1.26,,
2026-03-19 19:38:38,28,69.0,841.5,0.0,0.62,16.862745098039216,0.0,14.257,0.98,0,0,0.0,0.0,1.0,Stop-and-Go,33.3,Clear,haze,8.0,2.9,24.9,1006.2,0.0,85.9,Urban,69395.0,12,5.5,4.0,0.04,18.5211,73.8502,Pune,,,,Safari Storme EX,1.26,,
2026-03-19 19:38:41,30,69.0,840.0,0.0,0.62,16.862745098039216,0.0,14.242,0.98,0,0,0.0,0.0,1.0,Stop-and-Go,32.8,Clear,haze,8.0,3.3,21.7,1006.7,0.0,79.6,Urban,69395.0,12,5.5,4.0,0.04,18.5211,73.8502,Pune,,,,Safari Storme EX,1.26,,
2026-03-19 19:38:45,32,70.0,839.75,0.0,0.62,16.862745098039216,0.0,14.265,0.98,0,0,0.0,0.0,1.0,Stop-and-Go,33.1,Clear,haze,8.0,3.4,26.6,1006.3,0.0,80.1,Urban,69395.0,12,5.5,4.0,0.04,18.5211,73.8502,Pune,,,,Safari Storme EX,1.25,,
2026-03-19 19:38:48,34,70.0,839.25,0.0,0.62,16.862745098039216,0.0,14.265,0.98,0,0,0.0,0.0,1.0,Stop-and-Go,33.1,Clear,haze,8.0,2.6,21.5,1006.7,0.0,80.2,Urban,69395.0,12,5.5,4.0,0.04,18.5211,73.8502,Pune,,,,Safari Storme EX,1.25,,
2026-03-19 19:38:51,36,70.0,838.25,0.0,0.62,16.862745098039216,0.0,14.25,0.98,0,0,0.0,0.0,1.0,Stop-and-Go,32.5,Clear,haze,8.0,2.9,24.4,1006.3,0.0,86.8,Urban,69395.0,12,5.5,4.0,0.04,18.5211,73.8502,Pune,,,,Safari Storme EX,1.25,,
2026-03-19 19:38:54,38,70.0,837.0,0.0,0.62,16.862745098039216,0.0,14.25,0.98,0,0,0.0,0.0,1.0,Stop-and-Go,33.0,Clear,haze,8.0,3.3,23.8,1006.3,0.0,81.1,Urban,69395.0,12,5.5,4.0,0.04,18.5211,73.8502,Pune,,,,Safari Storme EX,1.25,,
2026-03-19 19:38:58,40,70.0,835.0,0.0,0.62,14.901960784313726,0.0,14.242,0.98,0,0,0.0,0.0,1.0,Stop-and-Go,32.6,Clear,haze,8.0,2.6,20.3,1006.8,0.0,72.3,Urban,69395.0,12,5.5,4.0,0.04,18.5211,73.8502,Pune,,,,Safari Storme EX,1.11,,
2026-03-19 19:39:01,42,70.0,842.0,0.0,0.62,16.862745098039216,0.0,14.257,0.98,0,0,0.0,0.0,1.0,Stop-and-Go,32.6,Clear,haze,8.0,3.6,20.8,1006.8,0.0,77.1,Urban,69395.0,12,5.5,4.0,0.04,18.5211,73.8502,Pune,,,,Safari Storme EX,1.26,,
2026-03-19 19:39:04,44,70.0,841.75,0.0,0.62,16.862745098039216,0.0,14.257,0.98,0,0,0.0,0.0,1.0,Stop-and-Go,32.8,Clear,haze,8.0,3.1,22.8,1006.4,0.0,76.2,Urban,69395.0,12,5.5,4.0,0.04,18.5211,73.8502,Pune,,,,Safari Storme EX,1.26,,
2026-03-19 19:39:12,46,70.0,840.25,0.0,0.62,16.862745098039216,0.0,14.265,0.98,0,0,0.0,0.0,1.0,Stop-and-Go,32.2,Clear,haze,8.0,2.4,20.5,1007.1,0.0,84.3,Urban,69395.0,12,5.5,4.0,0.04,18.5211,73.8502,Pune,,,,Safari Storme EX,1.26,,
2026-03-19 19:39:15,48,70.0,840.5,0.0,0.62,16.862745098039216,0.0,14.273,0.98,0,0,0.0,0.0,1.0,Stop-and-Go,32.4,Clear,haze,8.0,3.4,19.8,1006.3,0.0,88.8,Urban,69395.0,12,5.5,4.0,0.04,18.5211,73.8502,Pune,,,,Safari Storme EX,1.26,,
2026-03-19 19:39:19,50,71.0,840.25,0.0,0.62,16.862745098039216,0.0,14.265,0.98,0,0,0.0,0.0,1.0,Stop-and-Go,33.1,Clear,haze,8.0,2.8,22.1,1006.6,0.0,76.9,Urban,69395.0,12,5.5,4.0,0.04,18.5211,73.8502,Pune,,,,Safari Storme EX,1.26,,
2026-03-19 19:39:22,52,71.0,840.0,0.0,0.62,16.862745098039216,0.0,14.257,0.98,0,0,0.0,0.0,1.0,Stop-and-Go,33.3,Clear,haze,8.0,3.9,19.6,1005.5,0.0,74.2,Urban,69395.0,12,5.5,4.0,0.04,18.5211,73.8502,Pune,,,,Safari Storme EX,1.26,,
2026-03-19 19:39:25,54,71.0,841.0,0.0,0.62,16.862745098039216,0.0,14.265,0.98,0,0,0.0,0.0,1.0,Stop-and-Go,33.3,Clear,haze,8.0,2.9,22.4,1006.8,0.0,82.7,Urban,69395.0,12,5.5,4.0,0.04,18.5211,73.8502,Pune,,,,Safari Storme EX,1.26,,
2026-03-19 19:39:28,56,71.0,839.0,0.0,0.619,16.862745098039216,0.0,14.265,0.98,0,0,0.0,0.0,1.0,Stop-and-Go,32.8,Clear,haze,8.0,3.9,21.7,1007.1,0.0,74.4,Urban,69395.0,12,5.5,4.0,0.04,18.5211,73.8502,Pune,,,,Safari Storme EX,1.25,,
2026-03-19 19:39:31,58,71.0,840.5,0.0,0.619,16.862745098039216,0.0,14.265,0.98,0,0,0.0,0.0,1.0,Stop-and-Go,33.3,Clear,haze,8.0,4.4,23.7,1006.7,0.0,81.9,Urban,69395.0,12,5.5,4.0,0.04,18.5211,73.8502,Pune,,,,Safari Storme EX,1.26,,
2026-03-19 19:39:35,60,71.0,839.25,0.0,0.619,16.862745098039216,0.0,14.265,0.98,0,0,0.0,0.0,1.0,Stop-and-Go,33.6,Clear,haze,8.0,3.4,24.7,1006.2,0.0,76.1,Urban,69395.0,12,5.5,4.0,0.04,18.5211,73.8502,Pune,,,,Safari Storme EX,1.25,,
2026-03-19 19:39:38,62,71.0,839.25,0.0,0.619,16.862745098039216,0.0,14.265,0.98,0,0,0.0,0.0,1.0,Stop-and-Go,33.5,Clear,haze,8.0,3.3,19.1,1006.9,0.0,79.3,Urban,69395.0,12,5.5,4.0,0.04,18.5211,73.8502,Pune,,,,Safari Storme EX,1.25,,
2026-03-19 19:39:41,64,71.0,840.75,0.0,0.619,16.862745098039216,0.0,14.265,0.98,0,0,0.0,0.0,1.0,Stop-and-Go,32.4,Clear,haze,8.0,2.8,21.9,1006.6,0.0,73.6,Urban,69395.0,12,5.5,4.0,0.04,18.5211,73.8502,Pune,,,,Safari Storme EX,1.26,,
2026-03-19 19:39:45,66,71.0,840.25,0.0,0.619,16.862745098039216,0.0,14.242,0.98,0,0,0.0,0.0,1.0,Stop-and-Go,32.3,Clear,haze,8.0,3.1,24.1,1006.2,0.0,69.9,Urban,69395.0,12,5.5,4.0,0.04,18.5211,73.8502,Pune,,,,Safari Storme EX,1.26,,
2026-03-19 19:39:48,68,71.0,839.5,0.0,0.619,16.862745098039216,0.0,14.273,0.98,0,0,0.0,0.0,1.0,Stop-and-Go,33.2,Clear,haze,8.0,3.5,27.9,1006.1,0.0,78.5,Urban,69395.0,12,5.5,4.0,0.04,18.5211,73.8502,Pune,,,,Safari Storme EX,1.25,,
2026-03-19 19:39:51,70,72.0,839.75,0.0,0.619,16.862745098039216,0.0,14.265,0.98,0,0,0.0,0.0,1.0,Stop-and-Go,33.5,Clear,haze,8.0,4.2,22.7,1006.7,0.0,74.9,Urban,69395.0,12,5.5,4.0,0.04,18.5211,73.8502,Pune,,,,Safari Storme EX,1.25,,
2026-03-19 19:39:54,72,72.0,838.75,0.0,0.619,16.862745098039216,0.0,14.25,0.98,0,0,0.0,0.0,1.0,Stop-and-Go,33.0,Clear,haze,8.0,3.8,23.0,1006.2,0.0,74.7,Urban,69395.0,12,5.5,4.0,0.04,18.5211,73.8502,Pune,,,,Safari Storme EX,1.25,,
2026-03-19 19:39:58,74,72.0,839.25,0.0,0.619,16.862745098039216,0.0,14.273,0.98,0,0,0.0,0.0,1.0,Stop-and-Go,33.4,Clear,haze,8.0,2.5,21.4,1006.2,0.0,74.1,Urban,69395.0,12,5.5,4.0,0.04,18.5211,73.8502,Pune,,,,Safari Storme EX,1.25,,
2026-03-19 19:40:01,76,72.0,839.75,0.0,0.619,15.68627450980392,0.0,14.265,0.98,0,0,0.0,0.0,1.0,Stop-and-Go,33.1,Clear,haze,8.0,3.8,27.4,1006.9,0.0,77.8,Urban,69395.0,12,5.5,4.0,0.04,18.5211,73.8502,Pune,,,,Safari Storme EX,1.17,,
2026-03-19 19:40:04,78,72.0,844.5,0.0,0.619,16.862745098039216,0.0,14.242,0.98,0,0,0.0,0.0,1.0,Stop-and-Go,33.1,Clear,haze,8.0,2.6,21.9,1006.8,0.0,77.2,Urban,69395.0,12,5.5,4.0,0.04,18.5211,73.8502,Pune,,,,Safari Storme EX,1.26,,
2026-03-19 19:40:07,80,72.0,834.5,0.0,0.619,18.823529411764707,0.0,14.242,0.98,0,0,0.0,0.0,1.0,Stop-and-Go,33.1,Clear,haze,8.0,4.1,23.7,1006.9,0.0,77.8,Urban,69395.0,12,5.5,4.0,0.04,18.5211,73.8502,Pune,,,,Safari Storme EX,1.38,,
2026-03-19 19:40:11,82,72.0,841.75,0.0,0.619,16.862745098039216,0.0,14.25,0.98,0,0,0.0,0.0,1.0,Stop-and-Go,33.1,Clear,haze,8.0,3.7,24.4,1006.3,0.0,74.3,Urban,69395.0,12,5.5,4.0,0.04,18.5211,73.8502,Pune,,,,Safari Storme EX,1.26,,
2026-03-19 19:40:14,84,72.0,838.0,0.0,0.619,16.862745098039216,0.0,14.257,0.98,0,0,0.0,0.0,1.0,Stop-and-Go,32.8,Clear,haze,8.0,3.3,20.0,1006.7,0.0,61.5,Urban,69395.0,12,5.5,4.0,0.04,18.5211,73.8502,Pune,,,,Safari Storme EX,1.25,,
2026-03-19 19:40:17,86,72.0,839.75,0.0,0.619,15.68627450980392,0.0,14.265,0.98,0,0,0.0,0.0,1.0,Stop-and-Go,33.7,Clear,haze,8.0,2.3,19.8,1007.3,0.0,70.1,Urban,69395.0,12,5.5,4.0,0.04,18.5211,73.8502,Pune,,,,Safari Storme EX,1.17,,
2026-03-19 19:40:21,88,72.0,840.0,0.0,0.619,16.862745098039216,0.0,14.265,0.98,0,0,0.0,0.0,1.0,Stop-and-Go,33.4,Clear,haze,8.0,3.4,20.0,1006.4,0.0,72.4,Urban,69395.0,12,5.5,4.0,0.04,18.5211,73.8502,Pune,,,,Safari Storme EX,1.26,,
2026-03-19 19:40:24,90,72.0,839.75,0.0,0.619,16.862745098039216,0.0,14.25,0.98,0,0,0.0,0.0,1.0,Stop-and-Go,32.8,Clear,haze,8.0,2.6,22.6,1006.3,0.0,75.8,Urban,69395.0,12,5.5,4.0,0.04,18.5211,73.8502,Pune,,,,Safari Storme EX,1.25,,
2026-03-19 19:40:27,92,72.0,840.5,0.0,0.619,16.862745098039216,0.0,14.273,0.98,0,0,0.0,0.0,1.0,Stop-and-Go,32.9,Clear,haze,8.0,2.6,24.1,1006.8,0.0,78.3,Urban,69395.0,12,5.5,4.0,0.04,18.5211,73.8502,Pune,,,,Safari Storme EX,1.26,,
2026-03-19 19:40:30,94,73.0,839.5,0.0,0.619,16.862745098039216,0.0,14.281,0.98,0,0,0.0,0.0,1.0,Stop-and-Go,32.6,Clear,haze,8.0,2.9,21.0,1006.7,0.0,71.5,Urban,69395.0,12,5.5,4.0,0.04,18.5211,73.8502,Pune,,,,Safari Storme EX,1.25,,
2026-03-19 19:40:33,96,73.0,839.25,0.0,0.619,16.862745098039216,0.0,14.257,0.98,0,0,0.0,0.0,1.0,Stop-and-Go,33.2,Clear,haze,8.0,2.0,26.3,1006.0,0.0,78.4,Urban,69395.0,12,5.5,4.0,0.04,18.5211,73.8502,Pune,,,,Safari Storme EX,1.25,,
2026-03-19 19:40:37,98,73.0,840.25,0.0,0.619,0.0,0.0,13.125,0.98,0,0,0.0,0.0,1.0,Stop-and-Go,32.4,Clear,haze,8.0,3.1,21.1,1006.7,0.0,66.4,Urban,69395.0,12,5.5,4.0,0.04,18.5211,73.8502,Pune,,,,Safari Storme EX,0.04,,
2026-03-19 19:40:40,100,73.0,0.0,0.0,0.619,0.0,0.0,13.039,0.98,0,0,0.0,0.0,1.0,Stop-and-Go,32.9,Clear,haze,8.0,3.2,23.1,1006.8,0.0,68.9,Urban,69395.0,12,5.5,4.0,0.04,18.5211,73.8502,Pune,,,,Safari Storme EX,0.04,,
2026-03-19 19:40:43,102,73.0,0.0,0.0,0.619,0.0,0.0,13.0,0.98,0,0,0.0,0.0,1.0,Stop-and-Go,33.3,Clear,haze,8.0,3.5,22.1,1006.0,0.0,69.0,Urban,69395.0,12,5.5,4.0,0.04,18.5211,73.8502,Pune,,,,Safari Storme EX,0.04,,
2026-03-19 19:44:59,104,71.0,841.25,0.0,0.619,16.862745098039216,0.0,14.257,0.98,0,0,0.0,0.2,1.0,Stop-and-Go,33.2,Clear,haze,8.0,2.6,20.3,1005.8,3.0,72.8,Urban,69395.0,12,5.5,4.0,0.04,18.5211,73.8502,Pune,,,,Safari Storme EX,1.26,,
2026-03-19 19:45:02,106,71.0,841.75,0.0,0.619,17.647058823529413,0.0,14.265,0.98,0,0,0.0,0.0,1.0,Stop-and-Go,33.2,Clear,haze,8.0,2.7,21.7,1006.2,3.0,74.5,Urban,69395.0,12,5.5,4.0,0.04,18.5211,73.8502,Pune,,,,Safari Storme EX,1.31,,
2026-03-19 19:45:05,108,71.0,840.75,0.0,0.619,16.862745098039216,0.0,14.265,0.98,0,0,0.0,0.0,1.0,Stop-and-Go,32.5,Clear,haze,8.0,3.8,22.2,1006.5,0.0,73.0,Urban,69395.0,12,5.5,4.0,0.04,18.5211,73.8502,Pune,,,,Safari Storme EX,1.26,,
2026-03-19 19:45:09,110,71.0,840.25,0.0,0.619,16.862745098039216,0.0,14.265,0.98,0,0,0.0,0.0,1.0,Stop-and-Go,33.3,Clear,haze,8.0,3.7,19.7,1006.5,0.0,77.6,Urban,69395.0,12,5.5,4.0,0.04,18.5211,73.8502,Pune,,,,Safari Storme EX,1.26,,
2026-03-19 19:45:12,112,72.0,839.25,0.0,0.619,16.862745098039216,0.0,14.273,0.98,0,0,0.0,0.0,1.0,Stop-and-Go,32.9,Clear,haze,8.0,2.0,22.3,1006.7,0.0,68.4,Urban,69395.0,12,5.5,4.0,0.04,18.5211,73.8502,Pune,,,,Safari Storme EX,1.25,,
2026-03-19 19:45:15,114,72.0,840.5,0.0,0.619,16.862745098039216,0.0,14.281,0.98,0,0,0.0,0.0,1.0,Stop-and-Go,33.5,Clear,haze,8.0,3.3,20.4,1006.1,0.0,80.7,Urban,69395.0,12,5.5,4.0,0.04,18.5211,73.8502,Pune,,,,Safari Storme EX,1.26,,
2026-03-19 19:45:18,116,72.0,842.5,0.0,0.619,12.941176470588236,0.0,14.281,0.98,0,0,0.0,0.0,1.0,Stop-and-Go,32.9,Clear,haze,8.0,3.6,24.4,1007.1,0.0,73.8,Urban,69395.0,12,5.5,4.0,0.04,18.5211,73.8502,Pune,,,,Safari Storme EX,0.98,,
2026-03-19 19:45:22,118,72.0,900.75,0.0,0.619,14.901960784313726,0.0,14.265,0.98,0,0,0.0,0.0,1.0,Stop-and-Go,33.7,Clear,haze,8.0,2.6,20.2,1007.2,0.0,75.1,Urban,69395.0,12,5.5,4.0,0.04,18.5211,73.8502,Pune,,,,Safari Storme EX,1.22,,
2026-03-19 19:45:25,120,72.0,910.75,0.0,0.619,10.980392156862743,0.0,13.312,0.98,0,0,0.0,0.0,1.0,Stop-and-Go,33.2,Clear,haze,8.0,3.6,20.2,1006.7,0.0,66.4,Urban,69395.0,12,5.5,4.0,0.04,18.5211,73.8502,Pune,,,,Safari Storme EX,0.92,,
2026-03-19 19:45:28,122,72.0,915.0,0.0,0.619,14.901960784313726,0.0,14.046,0.98,0,0,0.0,0.0,1.0,Stop-and-Go,33.3,Clear,haze,8.0,2.9,20.6,1006.3,0.0,72.7,Urban,69395.0,12,5.5,4.0,0.04,18.5211,73.8502,Pune,,,,Safari Storme EX,1.24,,
2026-03-19 19:45:31,124,72.0,879.5,0.0,0.619,17.647058823529413,0.0,14.07,0.98,0,0,0.0,0.0,1.0,Stop-and-Go,32.8,Clear,haze,8.0,2.8,23.2,1006.3,0.0,71.4,Urban,69395.0,12,5.5,4.0,0.04,18.5211,73.8502,Pune,,,,Safari Storme EX,1.39,,
2026-03-19 19:45:35,126,72.0,900.25,0.0,0.619,29.80392156862745,0.0,14.0,0.98,0,0,0.0,0.0,1.0,Stop-and-Go,32.8,Clear,haze,8.0,2.3,25.1,1006.6,0.0,68.9,Urban,69395.0,12,5.5,4.0,0.04,18.5211,73.8502,Pune,,,,Safari Storme EX,2.33,,
2026-03-19 19:45:38,128,72.0,850.5,0.0,0.619,28.62745098039216,0.0,14.046,0.98,0,0,0.0,0.0,1.0,Stop-and-Go,32.8,Clear,haze,8.0,3.8,20.0,1006.5,0.0,72.2,Urban,69395.0,12,5.5,4.0,0.04,18.5211,73.8502,Pune,,,,Safari Storme EX,2.09,,
2026-03-19 19:45:41,130,73.0,890.75,0.0,0.619,15.68627450980392,0.0,14.117,0.98,0,0,0.0,0.0,1.0,Stop-and-Go,33.4,Clear,haze,8.0,2.4,23.8,1006.6,0.0,70.4,Urban,69395.0,12,5.5,4.0,0.04,18.5211,73.8502,Pune,,,,Safari Storme EX,1.26,,
2026-03-19 19:45:44,132,73.0,882.0,0.0,0.619,52.94117647058823,0.0,14.101,0.98,0,0,0.0,0.0,1.0,Stop-and-Go,32.8,Clear,haze,8.0,1.0,24.0,1006.2,0.0,72.4,Urban,69395.0,12,5.5,4.0,0.04,18.5211,73.8502,Pune,,,,Safari Storme EX,3.76,,
2026-03-19 19:45:48,134,73.0,1382.0,11.0,0.619,43.92156862745098,0.0,14.203,0.98,0,0,8.0,1.506,0.967,Stop-and-Go,33.0,Clear,haze,8.0,2.1,21.8,1006.5,3.76,73.3,Urban,69395.01,12,5.5,4.0,0.04,18.521152,73.850218,Pune,,,,Safari Storme EX,5.68,51.64,1363.3
2026-03-19 19:45:51,136,73.0,962.75,13.0,0.619,11.764705882352942,0.0,14.156,0.98,0,0,8.0,1.43,0.933,Stop-and-Go,33.5,Clear,haze,8.0,2.5,23.9,1006.3,3.58,76.1,Urban,69395.01,12,5.5,4.0,0.04,18.521214,73.850239,Pune,,,,Safari Storme EX,1.05,8.08,213.3
2026-03-19 19:45:54,138,73.0,896.25,12.0,0.619,13.72549019607843,0.0,14.125,0.98,0,0,8.0,1.383,0.9,Stop-and-Go,33.2,Clear,haze,8.0,2.1,23.7,1006.1,3.46,76.9,Urban,69395.02,12,5.5,4.0,0.04,18.521271,73.850256,Pune,,,,Safari Storme EX,1.12,9.33,246.3
2026-03-19 19:45:57,140,73.0,918.0,11.0,0.619,13.72549019607843,0.0,14.062,0.98,0,0,8.0,1.336,0.867,Stop-and-Go,32.9,Clear,haze,8.0,3.8,21.5,1006.1,3.34,76.2,Urban,69395.03,12,5.5,4.0,0.04,18.521324,73.85027,Pune,,,,Safari Storme EX,1.15,10.45,275.9
2026-03-19 19:46:02,142,74.0,899.0,7.0,0.619,13.72549019607843,0.0,14.062,0.98,0,0,8.0,1.478,0.833,Stop-and-Go,33.1,Clear,haze,8.0,2.3,18.4,1005.9,3.7,74.4,Urban,69395.03,12,5.5,4.0,0.04,18.521359,73.850277,Pune,,,,Safari Storme EX,1.12,,
2026-03-19 19:46:05,144,74.0,902.0,4.0,0.619,13.72549019607843,0.0,14.07,0.98,0,0,8.0,1.512,0.8,Stop-and-Go,32.4,Clear,haze,8.0,2.6,22.7,1006.8,3.78,78.2,Urban,69395.03,12,5.5,4.0,0.04,18.521379,73.85028,Pune,,,,Safari Storme EX,1.12,,
2026-03-19 19:46:08,146,74.0,894.0,3.0,0.619,13.72549019607843,0.0,13.914,0.98,0,0,8.0,1.453,0.767,Stop-and-Go,32.4,Clear,haze,8.0,3.0,21.7,1005.9,3.63,74.9,Urban,69395.03,12,5.5,4.0,0.04,18.521393,73.850283,Pune,,,,Safari Storme EX,1.11,,
2026-03-19 19:46:11,148,74.0,900.5,0.0,0.619,12.941176470588236,0.0,14.109,0.98,0,0,8.0,1.473,0.767,Stop-and-Go,33.2,Clear,haze,8.0,3.3,22.8,1006.4,3.68,77.3,Urban,69395.03,12,5.5,4.0,0.04,18.521393,73.850283,Pune,,,,Safari Storme EX,1.06,,
2026-03-19 19:46:15,150,74.0,906.25,0.0,0.619,14.901960784313726,0.0,14.117,0.98,0,0,8.0,1.409,0.767,Stop-and-Go,34.1,Clear,haze,8.0,2.1,23.6,1006.5,3.52,72.7,Urban,69395.03,12,5.5,4.0,0.04,18.521393,73.850283,Pune,,,,Safari Storme EX,1.22,,
2026-03-19 19:46:18,152,74.0,902.25,0.0,0.619,14.901960784313726,0.0,14.117,0.98,0,0,8.0,1.35,0.767,Stop-and-Go,33.8,Clear,haze,8.0,1.8,26.6,1006.7,3.38,80.1,Urban,69395.03,12,5.5,4.0,0.04,18.521393,73.850283,Pune,,,,Safari Storme EX,1.22,,
2026-03-19 19:46:21,154,75.0,851.0,0.0,0.618,31.764705882352946,0.0,14.101,0.98,0,0,8.0,1.296,0.767,Stop-and-Go,34.0,Clear,haze,8.0,2.3,21.9,1006.3,3.24,72.7,Urban,69395.03,12,5.5,4.0,0.04,18.521393,73.850283,Pune,,,,Safari Storme EX,2.3,,
2026-03-19 19:46:24,156,75.0,939.75,7.0,0.618,55.68627450980392,0.0,14.179,0.98,0,0,8.0,1.609,0.733,Stop-and-Go,33.2,Clear,haze,8.0,3.2,24.6,1006.8,4.02,78.9,Urban,69395.04,12,5.5,4.0,0.04,18.521428,73.850289,Pune,,,,Safari Storme EX,4.24,,
2026-03-19 19:46:28,158,75.0,929.0,9.0,0.618,31.764705882352946,0.0,14.062,0.98,0,0,8.0,1.57,0.7,Stop-and-Go,32.8,Clear,haze,8.0,2.7,23.1,1006.3,3.93,70.5,Urban,69395.04,12,5.5,4.0,0.04,18.521473,73.850292,Pune,,,,Safari Storme EX,2.56,,
2026-03-19 19:46:31,160,75.0,951.75,8.0,0.618,13.72549019607843,0.0,14.085,0.98,0,0,8.0,1.527,0.667,Stop-and-Go,33.4,Clear,haze,8.0,3.3,21.6,1006.4,3.82,66.7,Urban,69395.05,12,5.5,4.0,0.04,18.521513,73.850296,Pune,,,,Safari Storme EX,1.2,,
2026-03-19 19:46:34,162,75.0,901.0,5.0,0.618,12.941176470588236,0.0,14.085,0.98,0,0,8.0,1.546,0.633,Stop-and-Go,32.5,Clear,haze,8.0,2.5,20.7,1006.3,3.86,78.7,Urban,69395.05,12,5.5,4.0,0.04,18.521537,73.850299,Pune,,,,Safari Storme EX,1.06,,
2026-03-19 19:46:37,164,75.0,898.75,7.0,0.618,12.941176470588236,0.0,14.062,0.98,0,0,8.0,1.516,0.6,Stop-and-Go,31.9,Clear,haze,8.0,3.5,19.8,1006.0,3.79,73.0,Urban,69395.05,12,5.5,4.0,0.04,18.521572,73.850306,Pune,,,,Safari Storme EX,1.06,,
2026-03-19 19:46:40,166,75.0,899.5,4.0,0.618,12.941176470588236,0.0,14.062,0.98,0,0,8.0,1.532,0.567,Stop-and-Go,33.2,Clear,haze,8.0,3.1,18.6,1006.3,3.83,68.5,Urban,69395.06,12,5.5,4.0,0.04,18.521592,73.850309,Pune,,,,Safari Storme EX,1.06,,
2026-03-19 19:46:44,168,75.0,899.5,0.0,0.618,13.72549019607843,0.0,14.085,0.98,0,0,8.0,1.588,0.567,Stop-and-Go,33.4,Clear,haze,8.0,3.0,23.5,1006.4,3.97,68.6,Urban,69395.06,12,5.5,4.0,0.04,18.521592,73.850309,Pune,,,,Safari Storme EX,1.12,,
2026-03-19 19:46:47,170,76.0,938.25,3.0,0.618,12.941176470588236,0.0,14.062,0.98,0,0,8.0,1.592,0.533,Stop-and-Go,33.3,Clear,haze,8.0,3.3,23.7,1006.5,3.98,67.8,Urban,69395.06,12,5.5,4.0,0.04,18.521606,73.850311,Pune,,,,Safari Storme EX,1.12,,
2026-03-19 19:46:50,172,76.0,899.25,0.0,0.618,80.7843137254902,0.0,14.179,0.98,0,0,8.0,1.6,0.533,Stop-and-Go,33.6,Clear,haze,8.0,3.1,21.1,1007.2,4.0,67.0,Urban,69395.06,12,5.5,4.0,0.04,18.521606,73.850311,Pune,,,,Safari Storme EX,5.37,,
2026-03-19 19:46:53,174,76.0,980.25,6.0,0.618,53.72549019607843,0.0,14.187,0.98,0,0,8.0,1.754,0.5,Stop-and-Go,33.3,Clear,haze,8.0,3.1,24.3,1005.8,4.39,70.1,Urban,69395.06,12,5.5,4.0,0.04,18.521636,73.850317,Pune,,,,Safari Storme EX,4.34,,
2026-03-19 19:46:57,176,76.0,1357.75,10.0,0.618,34.90196078431372,0.0,14.156,0.98,0,0,8.0,1.785,0.467,Stop-and-Go,33.1,Clear,haze,8.0,2.1,22.9,1006.3,4.46,76.5,Urban,69395.07,12,5.5,4.0,0.04,18.521686,73.850324,Pune,,,,Safari Storme EX,4.53,,
2026-03-19 19:47:00,178,76.0,907.25,6.0,0.618,14.901960784313726,0.0,14.054,0.98,0,0,8.0,1.833,0.433,Stop-and-Go,32.6,Clear,haze,8.0,3.1,22.6,1006.1,4.58,70.5,Urban,69395.07,12,5.5,4.0,0.04,18.521715,73.850326,Pune,,,,Safari Storme EX,1.23,,
2026-03-19 19:47:04,180,76.0,872.75,3.0,0.618,22.745098039215687,0.0,14.125,0.98,0,0,8.0,1.836,0.4,Stop-and-Go,32.9,Clear,haze,8.0,2.9,21.0,1006.7,4.59,77.7,Urban,69395.07,12,5.5,4.0,0.04,18.52173,73.850328,Pune,,,,Safari Storme EX,1.75,,
2026-03-19 19:47:08,182,76.0,910.0,0.0,0.618,25.88235294117647,0.0,14.117,0.98,0,0,8.0,1.836,0.4,Stop-and-Go,32.5,Clear,haze,8.0,3.2,21.2,1006.8,4.59,72.2,Urban,69395.07,12,5.5,4.0,0.04,18.52173,73.850328,Pune,,,,Safari Storme EX,2.07,,
2026-03-19 19:47:11,184,77.0,967.25,2.0,0.618,15.68627450980392,0.0,14.109,0.98,0,0,8.0,1.81,0.367,Stop-and-Go,32.9,Clear,haze,8.0,3.1,24.1,1006.3,4.52,78.8,Urban,69395.07,12,5.5,4.0,0.04,18.52174,73.850329,Pune,,,,Safari Storme EX,1.39,,
2026-03-19 19:47:14,186,77.0,1141.75,10.0,0.618,96.8627450980392,0.0,14.187,0.98,0,0,8.0,2.066,0.333,Aggressive,33.8,Clear,haze,8.0,2.7,23.6,1006.2,5.17,75.2,Urban,69395.08,12,5.5,4.0,0.04,18.52179,73.850336,Pune,,,,Safari Storme EX,8.21,,
2026-03-19 19:47:17,188,77.0,1589.25,20.0,0.618,0.0,0.0,14.164,0.98,0,0,8.0,2.459,0.3,Aggressive,33.1,Clear,haze,8.0,3.3,22.3,1006.8,6.15,72.7,Urban,69395.09,12,5.5,4.0,0.04,18.521889,73.850353,Pune,,,,Safari Storme EX,0.04,0.2,5.3
2026-03-19 19:47:21,190,77.0,1841.25,24.0,0.618,48.62745098039216,0.0,14.171,0.98,0,0,8.0,2.459,0.267,Aggressive,33.2,Clear,haze,8.0,3.9,24.5,1006.5,6.15,73.4,Urban,69395.1,12,5.5,4.0,0.04,18.522007,73.850375,Pune,,,,Safari Storme EX,9.12,38.0,1003.2
2026-03-19 19:47:24,192,77.0,951.0,17.0,0.618,11.764705882352942,0.0,14.101,0.98,0,0,8.0,2.657,0.233,Aggressive,32.7,Clear,haze,8.0,3.3,23.7,1005.8,6.64,35.6,Urban,69395.11,12,5.5,4.0,0.04,18.522091,73.850387,Pune,,,,Safari Storme EX,1.03,6.06,160.0
2026-03-19 19:47:27,194,78.0,1101.5,13.0,0.618,58.8235294117647,0.0,14.187,0.98,0,0,8.0,2.681,0.233,Aggressive,34.0,Clear,haze,8.0,3.0,20.1,1006.2,6.7,42.5,Urban,69395.12,12,5.5,4.0,0.04,18.522155,73.850396,Pune,,,,Safari Storme EX,5.41,41.62,1098.8
2026-03-19 19:47:30,196,78.0,1444.75,21.0,0.618,32.94117647058823,0.0,14.218,0.98,0,0,8.0,2.876,0.233,Aggressive,32.2,Clear,haze,8.0,3.1,25.7,1006.5,7.19,45.0,Urban,69395.13,12,5.5,4.0,0.04,18.522259,73.850416,Pune,,,,Safari Storme EX,4.66,22.19,585.8
2026-03-19 19:47:34,198,78.0,1444.5,20.0,0.617,41.96078431372549,0.0,14.21,0.98,0,0,8.0,2.823,0.233,Aggressive,32.6,Clear,haze,8.0,3.6,22.6,1006.1,7.06,34.0,Urban,69395.14,12,5.5,4.0,0.04,18.522358,73.850428,Pune,,,,Safari Storme EX,5.78,28.9,763.0
2026-03-19 19:47:37,200,78.0,1512.5,23.0,0.617,50.98039215686274,0.0,14.195,0.98,0,0,8.0,2.792,0.233,Aggressive,33.4,Clear,haze,8.0,2.6,26.9,1007.5,6.98,34.5,Urban,69395.16,12,5.5,4.0,0.04,18.522473,73.850433,Pune,,,,Safari Storme EX,7.27,31.61,834.5
2026-03-19 19:47:40,202,79.0,2142.5,32.0,0.617,0.0,0.0,14.234,0.98,0,0,8.0,3.025,0.233,Aggressive,32.7,Clear,haze,8.0,3.0,21.2,1006.1,7.56,46.2,Urban,69395.17,12,5.5,4.0,0.04,18.522633,73.850445,Pune,,,,Safari Storme EX,0.04,0.12,3.2
2026-03-19 19:47:43,204,79.0,909.0,17.0,0.617,11.764705882352942,0.0,14.132,0.98,0,0,8.0,3.925,0.233,Aggressive,32.7,Clear,haze,8.0,2.8,18.6,1006.4,9.81,45.6,Urban,69395.18,12,5.5,4.0,0.04,18.522718,73.850446,Pune,,,,Safari Storme EX,0.98,5.76,152.1
2026-03-19 19:47:46,206,79.0,1698.25,26.0,0.617,54.90196078431372,0.0,14.203,0.98,0,0,8.0,4.136,0.233,Aggressive,33.2,Clear,haze,8.0,2.1,24.2,1006.5,10.0,39.0,Urban,69395.2,12,5.5,4.0,0.04,18.522848,73.850441,Pune,,,,Safari Storme EX,9.04,34.77,917.9
2026-03-19 19:47:50,208,79.0,1234.25,30.0,0.617,11.764705882352942,0.0,14.117,0.98,0,0,8.0,4.103,0.2,Aggressive,33.3,Clear,haze,8.0,3.5,26.4,1006.6,10.0,47.7,Urban,69395.21,12,5.5,4.0,0.04,18.522998,73.850432,Pune,,,,Safari Storme EX,1.44,4.8,126.7
2026-03-19 19:47:53,210,80.0,900.5,14.0,0.617,12.941176470588236,0.0,14.132,0.98,0,0,8.0,5.0,0.167,Aggressive,33.3,Clear,haze,8.0,3.6,22.4,1006.1,10.0,44.9,Urban,69395.22,12,5.5,4.0,0.04,18.523068,73.850427,Pune,,,,Safari Storme EX,1.06,7.57,199.8
2026-03-19 19:47:56,212,80.0,1282.5,20.0,0.617,80.0,0.0,14.195,0.98,0,0,8.0,5.0,0.133,Aggressive,32.7,Clear,haze,8.0,2.8,23.3,1006.3,10.0,36.5,Urban,69395.23,12,5.5,4.0,0.04,18.523168,73.850424,Pune,,,,Safari Storme EX,8.35,41.75,1102.2
2026-03-19 19:47:59,214,80.0,940.5,11.0,0.617,11.764705882352942,0.0,14.085,0.98,0,0,8.0,5.0,0.1,Aggressive,33.3,Clear,haze,8.0,2.9,27.3,1006.6,10.0,44.6,Urban,69395.24,12,5.5,4.0,0.04,18.523222,73.850417,Pune,,,,Safari Storme EX,1.02,9.27,244.7
2026-03-19 19:48:03,216,81.0,985.5,10.0,0.617,48.62745098039216,0.0,14.093,0.98,0,0,8.0,5.0,0.1,Aggressive,32.5,Clear,haze,8.0,3.4,25.0,1006.7,10.0,45.2,Urban,69395.24,12,5.5,4.0,0.04,18.523271,73.850407,Pune,,,,Safari Storme EX,4.02,,
2026-03-19 19:48:07,218,81.0,921.0,6.0,0.617,12.941176470588236,0.0,14.101,0.98,0,0,8.0,5.0,0.1,Aggressive,32.6,Clear,haze,8.0,4.1,24.5,1006.7,10.0,40.4,Urban,69395.25,12,5.5,4.0,0.04,18.5233,73.850399,Pune,,,,Safari Storme EX,1.09,,
2026-03-19 19:48:10,220,81.0,1475.75,7.0,0.617,82.74509803921569,0.0,14.21,0.98,0,0,8.0,5.0,0.1,Aggressive,32.6,Clear,haze,8.0,3.0,22.0,1006.5,10.0,43.9,Urban,69395.25,12,5.5,4.0,0.04,18.523334,73.850389,Pune,,,,Safari Storme EX,10.29,,
2026-03-19 19:48:13,222,82.0,1446.25,21.0,0.617,21.96078431372549,0.0,14.203,0.98,0,0,8.0,5.0,0.1,Aggressive,33.1,Clear,haze,8.0,4.2,21.7,1006.4,10.0,43.0,Urban,69395.26,12,5.5,4.0,0.04,18.523435,73.85036,Pune,,,,Safari Storme EX,3.21,15.29,403.7
2026-03-19 19:48:17,224,82.0,1582.75,23.0,0.617,40.78431372549019,0.0,14.21,0.98,0,0,8.0,5.0,0.1,Aggressive,32.9,Clear,haze,8.0,3.9,20.4,1006.5,10.0,40.0,Urban,69395.28,12,5.5,4.0,0.04,18.523542,73.850318,Pune,,,,Safari Storme EX,6.37,27.7,731.3
2026-03-19 19:48:20,226,82.0,941.0,21.0,0.617,11.764705882352942,0.0,14.054,0.98,0,0,8.0,5.0,0.1,Aggressive,32.6,Clear,haze,8.0,1.9,20.9,1006.3,10.0,48.3,Urban,69395.29,12,5.5,4.0,0.04,18.523642,73.850285,Pune,,,,Safari Storme EX,1.02,4.86,128.3
2026-03-19 19:48:23,228,83.0,898.25,17.0,0.617,12.941176470588236,0.0,14.015,0.98,0,0,8.0,5.0,0.067,Aggressive,33.0,Clear,haze,8.0,3.0,22.8,1006.0,10.0,41.3,Urban,69395.3,12,5.5,4.0,0.04,18.523723,73.850258,Pune,,,,Safari Storme EX,1.06,6.24,164.7
2026-03-19 19:48:26,230,83.0,1390.25,10.0,0.617,27.84313725490196,0.0,14.039,0.98,0,0,8.0,5.0,0.067,Aggressive,32.6,Clear,haze,8.0,3.3,24.0,1006.0,10.0,34.7,Urban,69395.3,12,5.5,4.0,0.04,18.523769,73.850239,Pune,,,,Safari Storme EX,3.8,,
2026-03-19 19:48:30,232,83.0,910.25,7.0,0.617,14.901960784313726,0.0,14.015,0.98,0,0,8.0,5.0,0.033,Aggressive,32.8,Clear,haze,8.0,2.9,26.8,1006.7,10.0,41.4,Urban,69395.31,12,5.5,4.0,0.04,18.523802,73.850229,Pune,,,,Safari Storme EX,1.23,,
2026-03-19 19:48:33,234,83.0,893.75,3.0,0.616,98.82352941176472,0.0,14.179,0.98,0,0,8.0,5.0,0.033,Stop-and-Go,32.9,Clear,haze,8.0,3.7,26.1,1006.3,10.0,48.0,Urban,69395.31,12,5.5,4.0,0.04,18.523817,73.850225,Pune,,,,Safari Storme EX,6.12,,
2026-03-19 19:48:36,236,84.0,1223.75,11.0,0.616,70.98039215686275,0.0,14.187,0.98,0,0,8.0,5.0,0.033,Aggressive,32.8,Clear,haze,8.0,3.2,23.6,1006.3,10.0,37.8,Urban,69395.31,12,5.5,4.0,0.04,18.52387,73.850211,Pune,,,,Safari Storme EX,7.19,65.36,1725.5
2026-03-19 19:48:39,238,84.0,1605.25,19.0,0.616,97.6470588235294,0.0,14.203,0.98,0,0,8.0,5.0,0.033,Aggressive,32.6,Clear,haze,8.0,3.3,23.4,1006.8,10.0,41.5,Urban,69395.32,12,5.5,4.0,0.04,18.523962,73.850187,Pune,,,,Safari Storme EX,12.9,67.89,1792.3
2026-03-19 19:48:43,240,84.0,2020.75,30.0,0.616,24.705882352941178,0.0,14.203,0.98,0,0,8.0,5.0,0.033,Aggressive,32.5,Clear,haze,8.0,2.9,23.9,1006.3,10.0,49.9,Urban,69395.34,12,5.5,4.0,0.04,18.524103,73.850134,Pune,,,,Safari Storme EX,5.64,18.8,496.3
2026-03-19 19:48:46,242,84.0,1971.0,28.0,0.616,11.764705882352942,0.0,14.21,0.98,0,0,8.0,5.0,0.0,Aggressive,33.4,Clear,haze,8.0,2.0,22.8,1006.3,10.0,41.9,Urban,69395.36,12,5.5,4.0,0.04,18.524236,73.850092,Pune,,,,Safari Storme EX,2.7,9.64,254.5
2026-03-19 19:48:49,244,84.0,1855.0,26.0,0.616,18.823529411764707,0.0,14.21,0.98,0,0,8.0,5.0,0.0,Aggressive,32.2,Clear,haze,8.0,3.2,26.2,1006.9,10.0,37.5,Urban,69395.37,12,5.5,4.0,0.04,18.524359,73.85005,Pune,,,,Safari Storme EX,3.89,14.96,394.9
2026-03-19 19:48:52,246,85.0,2050.75,30.0,0.616,0.0,0.0,14.242,0.98,0,0,8.0,5.0,0.0,Aggressive,33.1,Clear,haze,8.0,2.4,21.7,1006.3,10.0,35.8,Urban,69395.39,12,5.5,4.0,0.04,18.524498,73.849992,Pune,,,,Safari Storme EX,0.04,0.13,3.4
2026-03-19 19:48:56,248,85.0,913.5,13.0,0.616,11.764705882352942,0.0,14.132,0.98,0,0,8.0,5.0,0.0,Aggressive,32.7,Clear,haze,8.0,3.5,22.4,1005.8,10.0,39.6,Urban,69395.4,12,5.5,4.0,0.04,18.524558,73.849967,Pune,,,,Safari Storme EX,0.98,7.54,199.1
2026-03-19 19:48:59,250,85.0,1277.75,20.0,0.616,81.96078431372548,0.0,14.179,0.98,0,0,8.0,5.0,0.0,Aggressive,32.7,Clear,haze,8.0,3.2,20.2,1006.2,10.0,45.2,Urban,69395.41,12,5.5,4.0,0.04,18.524648,73.849922,Pune,,,,Safari Storme EX,8.46,42.3,1116.7
2026-03-19 19:49:02,252,85.0,2129.5,32.0,0.616,58.8235294117647,0.0,14.187,0.98,0,0,8.0,5.0,0.0,Aggressive,32.3,Clear,haze,8.0,4.7,20.3,1006.5,10.0,42.9,Urban,69395.42,12,5.5,4.0,0.04,18.524789,73.849847,Pune,,,,Safari Storme EX,12.76,39.88,1052.8
2026-03-19 19:49:05,254,86.0,954.75,29.0,0.616,11.764705882352942,0.0,14.148,0.98,0,0,8.0,5.0,0.0,Aggressive,33.0,Clear,haze,8.0,3.2,23.9,1007.1,10.0,45.2,Urban,69395.44,12,5.5,4.0,0.04,18.524918,73.84978,Pune,,,,Safari Storme EX,1.04,3.59,94.8
2026-03-19 19:49:10,256,86.0,2076.0,31.0,0.616,31.764705882352946,0.0,14.21,0.98,0,0,8.0,5.0,0.0,Aggressive,32.8,Clear,haze,8.0,1.9,25.1,1006.5,10.0,64.3,Urban,69395.46,12,5.5,4.0,0.04,18.52506,73.849719,Pune,,,,Safari Storme EX,7.29,23.52,620.9
2026-03-19 19:49:13,258,86.0,923.5,27.0,0.615,11.764705882352942,0.0,14.078,0.98,0,0,8.0,5.0,0.0,Aggressive,33.4,Clear,haze,8.0,4.4,24.8,1006.8,10.0,58.3,Urban,69395.47,12,5.5,4.0,0.04,18.525186,73.849669,Pune,,,,Safari Storme EX,1.0,3.7,97.7
2026-03-19 19:49:16,260,87.0,898.5,10.0,0.615,12.941176470588236,0.0,14.132,0.98,0,0,8.0,5.0,0.0,Aggressive,32.8,Clear,haze,8.0,3.3,24.9,1006.0,10.0,57.4,Urban,69395.48,12,5.5,4.0,0.04,18.525233,73.849651,Pune,,,,Safari Storme EX,1.06,,
2026-03-19 19:49:20,262,87.0,1311.25,21.0,0.615,100.0,0.0,14.187,0.98,0,0,8.0,5.0,0.0,Aggressive,32.6,Clear,haze,8.0,3.7,21.1,1006.8,10.0,58.4,Urban,69395.49,12,5.5,4.0,0.04,18.525333,73.849618,Pune,,,,Safari Storme EX,10.02,47.71,1259.5
2026-03-19 19:49:23,264,87.0,2393.25,36.0,0.615,61.96078431372549,0.0,14.187,0.98,0,0,8.0,5.0,0.0,Aggressive,32.5,Clear,haze,8.0,3.9,26.7,1005.7,10.0,58.8,Urban,69395.51,12,5.5,4.0,0.04,18.525503,73.84956,Pune,,,,Safari Storme EX,14.96,41.56,1097.2
2026-03-19 19:49:26,266,87.0,1579.75,37.0,0.615,42.74509803921568,0.0,14.218,0.98,0,0,8.0,5.0,0.0,Aggressive,33.4,Clear,haze,8.0,2.5,24.1,1006.9,10.0,52.5,Urban,69395.53,12,5.5,4.0,0.04,18.525677,73.849496,Pune,,,,Safari Storme EX,6.62,17.89,472.3
2026-03-19 19:49:29,268,88.0,1737.5,40.0,0.615,14.901960784313726,0.0,14.226,0.98,0,0,8.0,5.0,0.0,Aggressive,33.2,Clear,haze,8.0,2.4,22.4,1006.7,10.0,53.3,Urban,69395.55,12,5.5,4.0,0.04,18.525867,73.849433,Pune,,,,Safari Storme EX,2.85,7.13,188.2
2026-03-19 19:49:33,270,88.0,1683.75,39.0,0.615,9.803921568627452,0.0,14.226,0.98,0,0,8.0,5.0,0.0,Aggressive,32.9,Clear,haze,8.0,3.5,23.1,1007.4,10.0,57.1,Urban,69395.57,12,5.5,4.0,0.04,18.526051,73.849368,Pune,,,,Safari Storme EX,1.82,4.67,123.3
2026-03-19 19:49:36,272,88.0,908.25,31.0,0.615,11.764705882352942,0.0,14.085,0.98,0,0,8.0,5.0,0.0,Aggressive,33.7,Clear,haze,8.0,2.4,21.3,1006.6,10.0,59.4,Urban,69395.59,12,5.5,4.0,0.04,18.526195,73.84931,Pune,,,,Safari Storme EX,0.98,3.16,83.4
2026-03-19 19:49:39,274,89.0,898.5,13.0,0.615,95.68627450980392,0.0,14.171,0.98,0,0,8.0,5.0,0.0,Aggressive,33.1,Clear,haze,8.0,1.9,21.6,1006.7,10.0,64.3,Urban,69395.6,12,5.5,4.0,0.04,18.526256,73.849289,Pune,,,,Safari Storme EX,6.03,46.38,1224.4
2026-03-19 19:49:42,276,89.0,1879.25,29.0,0.615,73.72549019607843,0.0,14.203,0.98,0,0,8.0,5.0,0.0,Aggressive,32.9,Clear,haze,8.0,2.6,23.6,1006.4,10.0,52.6,Urban,69395.61,12,5.5,4.0,0.04,18.526392,73.849238,Pune,,,,Safari Storme EX,13.13,45.28,1195.4
2026-03-19 19:49:46,278,89.0,1524.25,34.0,0.614,96.8627450980392,0.0,14.195,0.98,0,0,8.0,5.0,0.0,Aggressive,33.2,Clear,haze,8.0,2.9,22.3,1006.2,10.0,61.2,Urban,69395.63,12,5.5,4.0,0.04,18.526553,73.849183,Pune,,,,Safari Storme EX,11.97,35.21,929.5
2026-03-19 19:49:49,280,90.0,1588.25,37.0,0.614,54.90196078431372,0.0,14.226,0.98,0,0,8.0,5.0,0.0,Aggressive,32.6,Clear,haze,8.0,3.4,23.4,1006.6,10.0,60.0,Urban,69395.65,12,5.5,4.0,0.04,18.526728,73.849123,Pune,,,,Safari Storme EX,8.25,22.3,588.7
2026-03-19 19:49:52,282,90.0,1690.0,39.0,0.614,5.882352941176471,0.0,14.242,0.98,0,0,8.0,5.0,0.0,Aggressive,33.0,Clear,haze,8.0,2.7,23.4,1006.9,10.0,59.4,Urban,69395.68,12,5.5,4.0,0.04,18.526911,73.849054,Pune,,,,Safari Storme EX,1.11,2.85,75.2
2026-03-19 19:49:55,284,90.0,907.5,35.0,0.614,11.764705882352942,0.0,14.109,0.98,0,0,8.0,5.0,0.0,Aggressive,32.5,Clear,haze,8.0,2.6,19.8,1006.0,10.0,56.7,Urban,69395.7,12,5.5,4.0,0.04,18.527078,73.849,Pune,,,,Safari Storme EX,0.98,2.8,73.9
2026-03-19 19:49:59,286,90.0,900.75,22.0,0.614,12.941176470588236,0.0,14.078,0.98,0,0,8.0,5.0,0.0,Aggressive,33.2,Clear,haze,8.0,3.3,25.6,1006.7,10.0,49.2,Urban,69395.71,12,5.5,4.0,0.04,18.527182,73.848965,Pune,,,,Safari Storme EX,1.06,4.82,127.2
2026-03-19 19:50:02,288,91.0,949.75,9.0,0.614,100.0,0.0,14.109,0.98,0,0,8.0,5.0,0.0,Aggressive,33.3,Clear,haze,8.0,3.1,27.2,1007.2,10.0,58.3,Urban,69395.71,12,5.5,4.0,0.04,18.527226,73.848953,Pune,,,,Safari Storme EX,6.65,,
2026-03-19 19:50:05,290,91.0,1556.5,23.0,0.614,54.90196078431372,0.0,14.148,0.98,0,0,8.0,5.0,0.0,Aggressive,33.0,Clear,haze,8.0,3.5,21.7,1006.0,10.0,64.4,Urban,69395.73,12,5.5,4.0,0.04,18.527336,73.84892,Pune,,,,Safari Storme EX,8.03,34.91,921.6
2026-03-19 19:50:10,292,91.0,2000.5,32.0,0.614,0.0,0.0,14.234,0.98,0,0,8.0,5.0,0.0,Aggressive,33.4,Clear,haze,8.0,2.3,24.0,1005.8,10.0,55.8,Urban,69395.74,12,5.5,4.0,0.04,18.52749,73.848878,Pune,,,,Safari Storme EX,0.04,0.12,3.2
2026-03-19 19:50:13,294,91.0,898.25,21.0,0.614,12.941176470588236,0.0,14.093,0.98,0,0,8.0,5.0,0.0,Aggressive,32.7,Clear,haze,8.0,4.2,25.0,1006.1,10.0,58.9,Urban,69395.75,12,5.5,4.0,0.04,18.527592,73.848852,Pune,,,,Safari Storme EX,1.06,5.05,133.3
2026-03-19 19:50:16,296,91.0,893.0,10.0,0.614,40.0,0.0,14.085,0.98,0,0,8.0,5.0,0.0,Aggressive,33.2,Clear,haze,8.0,2.3,23.1,1005.7,10.0,54.1,Urban,69395.76,12,5.5,4.0,0.04,18.52764,73.848838,Pune,,,,Safari Storme EX,3.0,,
2026-03-19 19:50:20,298,91.0,1290.5,21.0,0.614,98.82352941176472,0.0,14.179,0.98,0,0,8.0,5.0,0.0,Aggressive,33.0,Clear,haze,8.0,3.7,23.5,1006.9,10.0,61.9,Urban,69395.77,12,5.5,4.0,0.04,18.52774,73.848806,Pune,,,,Safari Storme EX,9.74,46.38,1224.4
2026-03-19 19:50:23,300,91.0,1921.75,31.0,0.614,0.0,0.0,14.132,0.98,0,0,8.0,5.0,0.0,Aggressive,32.5,Clear,haze,8.0,3.6,21.7,1006.4,10.0,60.3,Urban,69395.79,12,5.5,4.0,0.04,18.527888,73.848759,Pune,,,,Safari Storme EX,0.04,0.13,3.4
2026-03-19 19:50:26,302,91.0,901.0,27.0,0.614,12.941176470588236,0.0,14.046,0.98,0,0,8.0,5.0,0.0,Aggressive,33.3,Clear,haze,8.0,2.6,22.1,1006.1,10.0,59.9,Urban,69395.8,12,5.5,4.0,0.04,18.528015,73.848711,Pune,,,,Safari Storme EX,1.06,3.93,103.8
2026-03-19 19:50:29,304,91.0,900.5,22.0,0.614,13.72549019607843,0.0,14.085,0.98,0,0,8.0,5.0,0.0,Aggressive,33.7,Clear,haze,8.0,3.0,23.6,1005.8,10.0,56.3,Urban,69395.82,12,5.5,4.0,0.04,18.528118,73.848672,Pune,,,,Safari Storme EX,1.12,5.09,134.4
2026-03-19 19:50:33,306,91.0,908.75,14.0,0.614,10.980392156862743,0.0,14.242,0.98,0,0,8.0,5.0,0.0,Aggressive,34.2,Clear,haze,8.0,2.7,25.6,1006.8,10.0,57.6,Urban,69395.82,12,5.5,4.0,0.04,18.528183,73.848646,Pune,,,,Safari Storme EX,0.91,6.5,171.6
2026-03-19 19:50:36,308,91.0,899.5,6.0,0.614,11.764705882352942,0.0,14.242,0.98,0,0,8.0,5.0,0.0,Aggressive,33.0,Clear,haze,8.0,3.4,23.4,1006.3,10.0,61.9,Urban,69395.83,12,5.5,4.0,0.04,18.52821,73.848634,Pune,,,,Safari Storme EX,0.97,,
2026-03-19 19:50:39,310,91.0,898.5,3.0,0.614,10.980392156862743,0.0,14.179,0.98,0,0,8.0,5.0,0.0,Stop-and-Go,33.2,Clear,haze,8.0,3.6,25.1,1006.5,10.0,58.1,Urban,69395.83,12,5.5,4.0,0.04,18.528224,73.848628,Pune,,,,Safari Storme EX,0.9,,
2026-03-19 19:50:42,312,91.0,898.25,2.0,0.614,11.764705882352942,0.0,14.265,0.98,0,0,8.0,5.0,0.0,Stop-and-Go,33.7,Clear,haze,8.0,3.0,23.7,1006.6,10.0,57.3,Urban,69395.83,12,5.5,4.0,0.04,18.528233,73.848624,Pune,,,,Safari Storme EX,0.96,,
2026-03-19 19:50:46,314,91.0,889.5,0.0,0.614,14.901960784313726,0.0,14.25,0.98,0,0,8.0,5.0,0.033,Stop-and-Go,32.6,Clear,haze,8.0,3.2,22.8,1007.2,10.0,57.3,Urban,69395.83,12,5.5,4.0,0.04,18.528233,73.848624,Pune,,,,Safari Storme EX,1.2,,
2026-03-19 19:50:49,316,91.0,840.0,0.0,0.614,100.0,0.0,14.218,0.98,0,0,8.0,5.0,0.067,Stop-and-Go,33.6,Clear,haze,8.0,2.6,24.7,1006.3,10.0,46.9,Urban,69395.83,12,5.5,4.0,0.04,18.528233,73.848624,Pune,,,,Safari Storme EX,5.72,,
2026-03-19 19:50:52,318,91.0,2422.5,0.0,0.613,86.66666666666667,0.0,14.078,0.98,0,0,8.0,5.0,0.1,Stop-and-Go,32.3,Clear,haze,8.0,3.5,24.1,1007.0,10.0,64.4,Urban,69395.83,12,5.5,4.0,0.04,18.528233,73.848624,Pune,,,,Safari Storme EX,19.51,,
2026-03-19 19:50:55,320,91.0,1758.0,0.0,0.613,30.980392156862745,0.0,14.242,0.98,0,0,8.0,5.0,0.133,Stop-and-Go,32.5,Clear,haze,8.0,3.4,25.4,1007.0,10.0,76.0,Urban,69395.83,12,5.5,4.0,0.04,18.528233,73.848624,Pune,,,,Safari Storme EX,5.75,,
2026-03-19 19:50:59,322,91.0,2043.75,0.0,0.613,35.68627450980392,0.0,14.242,0.98,0,0,8.0,5.0,0.167,Stop-and-Go,32.9,Clear,haze,8.0,2.9,26.1,1006.6,10.0,80.3,Urban,69395.83,12,5.5,4.0,0.04,18.528233,73.848624,Pune,,,,Safari Storme EX,7.97,,
2026-03-19 19:51:02,324,91.0,2450.75,0.0,0.613,42.74509803921568,0.0,14.226,0.98,0,0,8.0,5.0,0.2,Stop-and-Go,32.8,Clear,haze,8.0,2.4,24.1,1007.1,10.0,70.5,Urban,69395.83,12,5.5,4.0,0.04,18.528233,73.848624,Pune,,,,Safari Storme EX,11.22,,
2026-03-19 19:51:05,326,90.0,3189.25,0.0,0.613,45.88235294117647,0.0,14.226,0.98,0,0,8.0,5.0,0.233,Stop-and-Go,33.4,Clear,haze,8.0,3.6,24.1,1006.0,10.0,82.5,Urban,69395.83,12,5.5,4.0,0.04,18.528233,73.848624,Pune,,,,Safari Storme EX,15.52,,
2026-03-19 19:51:08,328,90.0,3049.5,0.0,0.613,0.0,0.0,14.289,0.98,0,0,8.0,5.0,0.267,Stop-and-Go,32.6,Clear,haze,8.0,2.5,25.2,1006.6,10.0,77.8,Urban,69395.83,12,5.5,4.0,0.04,18.528233,73.848624,Pune,,,,Safari Storme EX,0.04,,
2026-03-19 19:51:13,330,90.0,951.25,0.0,0.613,10.980392156862743,0.0,14.289,0.98,0,0,8.0,5.0,0.3,Stop-and-Go,32.9,Clear,haze,8.0,2.7,22.2,1007.1,10.0,78.4,Urban,69395.83,12,5.5,4.0,0.04,18.528233,73.848624,Pune,,,,Safari Storme EX,0.97,,
2026-03-19 19:51:16,332,89.0,846.5,0.0,0.613,29.80392156862745,0.0,14.125,0.98,0,0,8.0,5.0,0.333,Stop-and-Go,32.9,Clear,haze,8.0,2.6,22.7,1007.2,10.0,78.5,Urban,69395.83,12,5.5,4.0,0.04,18.528233,73.848624,Pune,,,,Safari Storme EX,2.16,,
2026-03-19 19:51:19,334,89.0,919.75,0.0,0.613,18.823529411764707,0.0,14.085,0.98,0,0,8.0,5.0,0.367,Stop-and-Go,33.1,Clear,haze,8.0,3.2,24.9,1006.9,10.0,75.0,Urban,69395.83,12,5.5,4.0,0.04,18.528233,73.848624,Pune,,,,Safari Storme EX,1.56,,
2026-03-19 19:51:23,336,89.0,1105.0,6.0,0.613,62.74509803921568,0.0,14.21,0.98,0,0,8.0,5.0,0.367,Stop-and-Go,33.2,Clear,haze,8.0,3.0,20.8,1006.9,10.0,82.4,Urban,69395.83,12,5.5,4.0,0.04,18.528258,73.848607,Pune,,,,Safari Storme EX,5.73,,
2026-03-19 19:51:26,338,89.0,2379.75,21.0,0.613,0.0,0.0,14.234,0.98,0,0,8.0,5.0,0.367,Stop-and-Go,33.4,Clear,haze,8.0,2.3,19.8,1005.8,10.0,84.5,Urban,69395.84,12,5.5,4.0,0.04,18.528347,73.848552,Pune,,,,Safari Storme EX,0.04,0.19,5.0
2026-03-19 19:51:29,340,89.0,913.5,15.0,0.613,12.941176470588236,0.0,14.085,0.98,0,0,8.0,5.0,0.367,Stop-and-Go,33.1,Clear,haze,8.0,2.7,21.3,1006.6,10.0,75.2,Urban,69395.85,12,5.5,4.0,0.04,18.528404,73.848503,Pune,,,,Safari Storme EX,1.08,7.2,190.1
2026-03-19 19:51:32,342,89.0,1143.25,12.0,0.613,32.94117647058823,0.0,13.984,0.98,0,0,8.0,5.0,0.367,Stop-and-Go,33.2,Clear,haze,8.0,2.7,24.3,1006.6,10.0,77.2,Urban,69395.86,12,5.5,4.0,0.04,18.528446,73.84846,Pune,,,,Safari Storme EX,3.44,28.67,756.9
2026-03-19 19:51:36,344,89.0,908.0,11.0,0.613,12.941176470588236,0.0,14.039,0.98,0,0,8.0,5.0,0.367,Stop-and-Go,33.0,Clear,haze,8.0,3.6,23.6,1006.3,10.0,78.4,Urban,69395.87,12,5.5,4.0,0.04,18.528482,73.848418,Pune,,,,Safari Storme EX,1.07,9.73,256.9
2026-03-19 19:51:39,346,89.0,1048.75,8.0,0.612,56.86274509803921,0.0,14.117,0.98,0,0,8.0,5.0,0.367,Stop-and-Go,32.4,Clear,haze,8.0,4.4,22.9,1006.0,10.0,82.2,Urban,69395.87,12,5.5,4.0,0.04,18.528509,73.848389,Pune,,,,Safari Storme EX,4.95,,
2026-03-19 19:51:42,348,90.0,962.0,14.0,0.612,27.84313725490196,0.0,14.21,0.98,0,0,8.0,5.0,0.367,Stop-and-Go,32.3,Clear,haze,8.0,4.0,23.0,1006.3,10.0,71.3,Urban,69395.88,12,5.5,4.0,0.04,18.528562,73.848342,Pune,,,,Safari Storme EX,2.37,16.93,447.0
2026-03-19 19:51:45,350,90.0,966.0,13.0,0.612,18.823529411764707,0.0,14.218,0.98,0,0,8.0,5.0,0.367,Stop-and-Go,33.1,Clear,haze,8.0,4.1,21.1,1007.2,10.0,76.8,Urban,69395.89,12,5.5,4.0,0.04,18.528611,73.848299,Pune,,,,Safari Storme EX,1.66,12.77,337.1
2026-03-19 19:51:48,352,90.0,910.0,13.0,0.612,9.803921568627452,0.0,14.14,0.98,0,0,8.0,5.0,0.367,Stop-and-Go,32.4,Clear,haze,8.0,4.0,23.0,1006.4,10.0,80.3,Urban,69395.89,12,5.5,4.0,0.04,18.528659,73.848256,Pune,,,,Safari Storme EX,0.82,6.31,166.6
2026-03-19 19:51:52,354,90.0,1051.75,17.0,0.612,80.0,0.0,14.132,0.98,0,0,8.0,5.0,0.367,Stop-and-Go,32.7,Clear,haze,8.0,2.8,21.8,1006.3,10.0,73.5,Urban,69395.9,12,5.5,4.0,0.04,18.528712,73.84819,Pune,,,,Safari Storme EX,6.48,38.12,1006.4
2026-03-19 19:51:55,356,90.0,1879.5,28.0,0.612,33.72549019607843,0.0,14.203,0.98,0,0,8.0,5.0,0.367,Stop-and-Go,33.1,Clear,haze,8.0,2.8,24.9,1007.3,10.0,73.9,Urban,69395.92,12,5.5,4.0,0.04,18.528806,73.848085,Pune,,,,Safari Storme EX,6.8,24.29,641.3
2026-03-19 19:51:58,358,90.0,1387.0,30.0,0.612,2.7450980392156863,0.0,14.125,0.98,0,0,8.0,5.0,0.367,Stop-and-Go,32.9,Clear,haze,8.0,2.4,23.0,1006.9,10.0,80.9,Urban,69395.93,12,5.5,4.0,0.04,18.528902,73.84797,Pune,,,,Safari Storme EX,0.4,1.33,35.1
2026-03-19 19:52:01,360,91.0,901.5,22.0,0.612,12.941176470588236,0.0,14.085,0.98,0,0,8.0,5.0,0.367,Stop-and-Go,32.7,Clear,haze,8.0,3.7,24.4,1006.5,10.0,76.3,Urban,69395.95,12,5.5,4.0,0.04,18.528969,73.847882,Pune,,,,Safari Storme EX,1.06,4.82,127.2
2026-03-19 19:52:05,362,91.0,851.5,12.0,0.612,82.74509803921569,0.0,14.171,0.98,0,0,8.0,5.0,0.367,Stop-and-Go,32.6,Clear,haze,8.0,3.2,24.0,1006.8,10.0,71.0,Urban,69395.95,12,5.5,4.0,0.04,18.529005,73.847834,Pune,,,,Safari Storme EX,5.11,42.58,1124.1
2026-03-19 19:52:08,364,91.0,1676.0,26.0,0.612,52.94117647058823,0.0,14.179,0.98,0,0,8.0,5.0,0.367,Stop-and-Go,33.0,Clear,haze,8.0,2.5,22.8,1005.9,10.0,75.5,Urban,69395.97,12,5.5,4.0,0.04,18.529089,73.847735,Pune,,,,Safari Storme EX,8.61,33.12,874.4
2026-03-19 19:52:11,366,91.0,1750.0,31.0,0.612,0.0,0.0,14.218,0.98,0,0,8.0,5.0,0.367,Stop-and-Go,33.6,Clear,haze,8.0,3.4,22.2,1006.2,10.0,79.9,Urban,69395.98,12,5.5,4.0,0.04,18.529184,73.847612,Pune,,,,Safari Storme EX,0.04,0.13,3.4
2026-03-19 19:52:16,368,91.0,902.25,22.0,0.612,12.941176470588236,0.0,14.093,0.98,0,0,8.0,5.0,0.367,Stop-and-Go,32.3,Clear,haze,8.0,3.0,21.9,1007.1,10.0,76.7,Urban,69396.0,12,5.5,4.0,0.04,18.529246,73.847521,Pune,,,,Safari Storme EX,1.06,4.82,127.2
2026-03-19 19:52:19,370,91.0,1357.0,21.0,0.612,70.98039215686275,0.0,14.195,0.98,0,0,8.0,5.0,0.367,Stop-and-Go,32.9,Clear,haze,8.0,3.6,24.2,1006.2,10.0,75.7,Urban,69396.01,12,5.5,4.0,0.04,18.529304,73.847434,Pune,,,,Safari Storme EX,8.22,39.14,1033.3
2026-03-19 19:52:22,372,92.0,2119.75,30.0,0.612,0.0,0.0,14.234,0.98,0,0,8.0,5.0,0.367,Stop-and-Go,33.4,Clear,haze,8.0,2.9,24.3,1006.4,10.0,73.2,Urban,69396.03,12,5.5,4.0,0.04,18.529385,73.847308,Pune,,,,Safari Storme EX,0.04,0.13,3.4
2026-03-19 19:52:25,374,92.0,915.5,17.0,0.612,12.941176470588236,0.0,14.093,0.98,0,0,8.0,5.0,0.333,Aggressive,33.1,Clear,haze,8.0,2.7,21.2,1007.1,10.0,70.3,Urban,69396.04,12,5.5,4.0,0.04,18.529437,73.84724,Pune,,,,Safari Storme EX,1.08,6.35,167.6
2026-03-19 19:52:29,376,92.0,1061.0,15.0,0.612,84.70588235294117,0.0,14.164,0.98,0,0,8.0,5.0,0.3,Aggressive,32.8,Clear,haze,8.0,3.1,22.4,1006.8,10.0,73.3,Urban,69396.04,12,5.5,4.0,0.04,18.529482,73.84718,Pune,,,,Safari Storme EX,6.83,45.53,1202.0
2026-03-19 19:52:32,378,92.0,1984.25,30.0,0.612,30.980392156862745,0.0,14.203,0.98,0,0,8.0,5.0,0.267,Aggressive,33.0,Clear,haze,8.0,3.0,23.6,1006.3,10.0,76.6,Urban,69396.06,12,5.5,4.0,0.04,18.529566,73.847055,Pune,,,,Safari Storme EX,6.79,22.63,597.4
2026-03-19 19:52:35,380,92.0,2046.75,34.0,0.612,0.0,0.0,14.195,0.98,0,0,8.0,5.0,0.233,Aggressive,33.2,Clear,haze,8.0,3.6,23.2,1006.2,10.0,75.6,Urban,69396.08,12,5.5,4.0,0.04,18.529664,73.846916,Pune,,,,Safari Storme EX,0.04,0.12,3.2
2026-03-19 19:52:39,382,92.0,906.0,27.0,0.612,12.941176470588236,0.0,14.101,0.98,0,0,8.0,5.0,0.2,Aggressive,33.4,Clear,haze,8.0,2.9,24.9,1006.4,10.0,70.7,Urban,69396.09,12,5.5,4.0,0.04,18.529734,73.846801,Pune,,,,Safari Storme EX,1.07,3.96,104.5
2026-03-19 19:52:42,384,92.0,900.25,20.0,0.612,12.941176470588236,0.0,14.093,0.98,0,0,8.0,5.0,0.167,Aggressive,32.4,Clear,haze,8.0,2.8,23.4,1006.8,10.0,86.5,Urban,69396.1,12,5.5,4.0,0.04,18.529786,73.846715,Pune,,,,Safari Storme EX,1.06,5.3,139.9
2026-03-19 19:52:45,386,92.0,900.0,11.0,0.612,17.647058823529413,0.0,13.945,0.98,0,0,8.0,5.0,0.133,Aggressive,32.7,Clear,haze,8.0,3.1,25.7,1006.1,10.0,81.2,Urban,69396.11,12,5.5,4.0,0.04,18.529816,73.846669,Pune,,,,Safari Storme EX,1.43,13.0,343.2
2026-03-19 19:52:48,388,92.0,1447.25,22.0,0.611,52.94117647058823,0.0,14.195,0.98,0,0,8.0,5.0,0.1,Aggressive,33.1,Clear,haze,8.0,2.3,21.7,1006.6,10.0,83.8,Urban,69396.12,12,5.5,4.0,0.04,18.529878,73.846578,Pune,,,,Safari Storme EX,7.07,32.14,848.5
2026-03-19 19:52:51,390,92.0,1020.25,24.0,0.611,12.941176470588236,0.0,14.125,0.98,0,0,8.0,5.0,0.067,Aggressive,33.2,Clear,haze,8.0,2.7,24.1,1006.8,10.0,83.3,Urban,69396.14,12,5.5,4.0,0.04,18.529949,73.846481,Pune,,,,Safari Storme EX,1.24,5.17,136.5
2026-03-19 19:52:55,392,92.0,900.25,13.0,0.611,11.764705882352942,0.0,14.007,0.98,0,0,8.0,5.0,0.033,Aggressive,33.1,Clear,haze,8.0,3.5,22.5,1006.7,10.0,85.9,Urban,69396.14,12,5.5,4.0,0.04,18.52999,73.84643,Pune,,,,Safari Storme EX,0.97,7.46,196.9
2026-03-19 19:52:58,394,92.0,888.25,9.0,0.611,28.62745098039216,0.0,14.062,0.98,0,0,8.0,5.0,0.0,Aggressive,33.2,Clear,haze,8.0,2.5,21.2,1006.5,10.0,80.1,Urban,69396.15,12,5.5,4.0,0.04,18.530015,73.846393,Pune,,,,Safari Storme EX,2.21,,
2026-03-19 19:53:01,396,92.0,909.0,10.0,0.611,13.72549019607843,0.0,14.078,0.98,0,0,8.0,5.0,0.0,Aggressive,33.4,Clear,haze,8.0,3.7,17.2,1005.9,10.0,88.1,Urban,69396.15,12,5.5,4.0,0.04,18.530039,73.846349,Pune,,,,Safari Storme EX,1.14,,
2026-03-19 19:53:04,398,92.0,1141.75,6.0,0.611,29.80392156862745,0.0,14.125,0.98,0,0,8.0,5.0,0.0,Aggressive,33.2,Clear,haze,8.0,2.7,22.4,1006.8,10.0,86.0,Urban,69396.16,12,5.5,4.0,0.04,18.530054,73.846323,Pune,,,,Safari Storme EX,3.14,,
2026-03-19 19:53:08,400,92.0,1141.75,15.0,0.611,71.76470588235294,0.0,14.187,0.98,0,0,8.0,5.0,0.0,Aggressive,34.0,Clear,haze,8.0,2.9,23.1,1007.1,10.0,80.2,Urban,69396.17,12,5.5,4.0,0.04,18.530087,73.846256,Pune,,,,Safari Storme EX,6.63,44.2,1166.9
2026-03-19 19:53:11,402,92.0,1657.75,24.0,0.611,44.70588235294117,0.0,14.203,0.98,0,0,8.0,5.0,0.0,Aggressive,32.7,Clear,haze,8.0,3.3,23.8,1006.9,10.0,71.2,Urban,69396.18,12,5.5,4.0,0.04,18.530147,73.846152,Pune,,,,Safari Storme EX,7.35,30.62,808.4
2026-03-19 19:53:14,404,92.0,1847.5,27.0,0.611,25.88235294117647,0.0,14.171,0.98,0,0,8.0,5.0,0.0,Aggressive,32.9,Clear,haze,8.0,3.1,25.3,1006.5,10.0,79.6,Urban,69396.19,12,5.5,4.0,0.04,18.530217,73.846036,Pune,,,,Safari Storme EX,5.22,19.33,510.3
2026-03-19 19:53:19,406,92.0,1881.25,28.0,0.611,52.94117647058823,0.0,14.203,0.98,0,0,8.0,5.0,0.0,Aggressive,32.4,Clear,haze,8.0,2.3,23.6,1006.2,10.0,83.4,Urban,69396.21,12,5.5,4.0,0.04,18.530292,73.845918,Pune,,,,Safari Storme EX,10.09,36.04,951.5
2026-03-19 19:53:22,408,92.0,930.75,28.0,0.611,11.764705882352942,0.0,14.07,0.98,0,0,8.0,5.0,0.0,Aggressive,33.2,Clear,haze,8.0,2.1,22.4,1006.2,10.0,80.7,Urban,69396.23,12,5.5,4.0,0.04,18.530374,73.845804,Pune,,,,Safari Storme EX,1.01,3.61,95.3
2026-03-19 19:53:25,410,92.0,899.25,24.0,0.611,12.941176470588236,0.0,14.07,0.98,0,0,8.0,5.0,0.0,Aggressive,33.1,Clear,haze,8.0,3.1,21.1,1006.4,10.0,77.2,Urban,69396.24,12,5.5,4.0,0.04,18.530446,73.845708,Pune,,,,Safari Storme EX,1.06,4.42,116.7
2026-03-19 19:53:29,412,92.0,900.0,19.0,0.611,12.941176470588236,0.0,14.062,0.98,0,0,8.0,5.0,0.0,Aggressive,32.9,Clear,haze,8.0,2.4,22.0,1006.1,10.0,83.2,Urban,69396.25,12,5.5,4.0,0.04,18.530507,73.845635,Pune,,,,Safari Storme EX,1.06,5.58,147.3
2026-03-19 19:53:32,414,92.0,898.75,13.0,0.611,12.941176470588236,0.0,14.054,0.98,0,0,8.0,5.0,0.0,Aggressive,32.5,Clear,haze,8.0,2.8,23.6,1005.8,10.0,78.4,Urban,69396.26,12,5.5,4.0,0.04,18.530551,73.845587,Pune,,,,Safari Storme EX,1.06,8.15,215.2
2026-03-19 19:53:35,416,92.0,900.25,7.0,0.611,40.78431372549019,0.0,14.046,0.98,0,0,8.0,5.0,0.0,Aggressive,33.8,Clear,haze,8.0,3.4,19.6,1005.6,10.0,86.9,Urban,69396.26,12,5.5,4.0,0.04,18.530576,73.845562,Pune,,,,Safari Storme EX,3.08,,
2026-03-19 19:53:38,418,92.0,834.75,11.0,0.611,53.72549019607843,0.0,14.093,0.98,0,0,8.0,5.0,0.0,Aggressive,33.2,Clear,haze,8.0,2.9,20.4,1006.1,10.0,79.3,Urban,69396.27,12,5.5,4.0,0.04,18.530616,73.845525,Pune,,,,Safari Storme EX,3.56,32.36,854.3
2026-03-19 19:53:42,420,92.0,1410.5,21.0,0.611,43.92156862745098,0.0,14.187,0.98,0,0,8.0,5.0,0.0,Aggressive,33.3,Clear,haze,8.0,2.7,22.8,1006.5,10.0,86.0,Urban,69396.28,12,5.5,4.0,0.04,18.530689,73.845449,Pune,,,,Safari Storme EX,5.83,27.76,732.9
2026-03-19 19:53:45,422,92.0,951.0,23.0,0.611,10.980392156862743,0.0,14.093,0.98,0,0,8.0,5.0,0.0,Aggressive,32.5,Clear,haze,8.0,2.3,25.7,1006.8,10.0,81.1,Urban,69396.29,12,5.5,4.0,0.04,18.530767,73.845364,Pune,,,,Safari Storme EX,0.97,4.22,111.4
2026-03-19 19:53:48,424,92.0,898.75,22.0,0.611,12.941176470588236,0.0,14.054,0.98,0,0,8.0,5.0,0.0,Aggressive,33.1,Clear,haze,8.0,3.1,23.2,1007.3,10.0,75.4,Urban,69396.3,12,5.5,4.0,0.04,18.530842,73.845284,Pune,,,,Safari Storme EX,1.06,4.82,127.2
2026-03-19 19:53:51,426,92.0,899.5,16.0,0.611,12.941176470588236,0.0,14.109,0.98,0,0,8.0,5.0,0.0,Aggressive,33.2,Clear,haze,8.0,4.4,24.5,1006.8,10.0,79.2,Urban,69396.31,12,5.5,4.0,0.04,18.530896,73.845224,Pune,,,,Safari Storme EX,1.06,6.62,174.8
2026-03-19 19:53:55,428,92.0,1270.75,19.0,0.61,42.74509803921568,0.0,14.179,0.98,0,0,8.0,5.0,0.0,Aggressive,33.7,Clear,haze,8.0,2.4,22.4,1006.7,10.0,79.3,Urban,69396.32,12,5.5,4.0,0.04,18.530961,73.845155,Pune,,,,Safari Storme EX,4.97,26.16,690.6
2026-03-19 19:53:58,430,92.0,1874.0,28.0,0.61,21.96078431372549,0.0,14.187,0.98,0,0,8.0,5.0,0.0,Aggressive,33.2,Clear,haze,8.0,2.1,20.7,1007.3,10.0,84.3,Urban,69396.34,12,5.5,4.0,0.04,18.531065,73.845061,Pune,,,,Safari Storme EX,4.56,16.29,430.1
2026-03-19 19:54:01,432,92.0,918.5,15.0,0.61,11.764705882352942,0.0,14.046,0.98,0,0,8.0,5.0,0.0,Aggressive,33.4,Clear,haze,8.0,2.8,21.8,1006.3,10.0,74.7,Urban,69396.35,12,5.5,4.0,0.04,18.531121,73.845012,Pune,,,,Safari Storme EX,0.99,6.6,174.2
2026-03-19 19:54:04,434,92.0,1016.75,9.0,0.61,75.68627450980392,0.0,14.109,0.98,0,0,8.0,5.0,0.0,Aggressive,32.4,Clear,haze,8.0,3.7,24.0,1007.2,10.0,84.7,Urban,69396.35,12,5.5,4.0,0.04,18.531153,73.844979,Pune,,,,Safari Storme EX,5.96,,
2026-03-19 19:54:08,436,92.0,1656.75,26.0,0.61,57.64705882352941,0.0,14.132,0.98,0,0,8.0,5.0,0.0,Aggressive,32.9,Clear,haze,8.0,2.8,21.9,1007.0,10.0,81.2,Urban,69396.37,12,5.5,4.0,0.04,18.531248,73.844891,Pune,,,,Safari Storme EX,9.1,35.0,924.0
2026-03-19 19:54:11,438,92.0,1452.75,30.0,0.61,0.0,0.0,14.093,0.98,0,0,8.0,5.0,0.0,Aggressive,33.0,Clear,haze,8.0,2.9,22.9,1006.5,10.0,77.7,Urban,69396.38,12,5.5,4.0,0.04,18.531355,73.844785,Pune,,,,Safari Storme EX,0.04,0.13,3.4
2026-03-19 19:54:14,440,92.0,902.25,29.0,0.61,11.764705882352942,0.0,14.054,0.98,0,0,8.0,5.0,0.0,Aggressive,33.0,Clear,haze,8.0,3.0,23.4,1006.7,10.0,82.7,Urban,69396.4,12,5.5,4.0,0.04,18.531466,73.844692,Pune,,,,Safari Storme EX,0.97,3.34,88.2
2026-03-19 19:54:17,442,92.0,900.5,17.0,0.61,13.72549019607843,0.0,14.093,0.98,0,0,8.0,5.0,0.0,Aggressive,32.9,Clear,haze,8.0,3.1,26.8,1006.6,10.0,79.1,Urban,69396.41,12,5.5,4.0,0.04,18.531533,73.844639,Pune,,,,Safari Storme EX,1.12,6.59,174.0
2026-03-19 19:54:22,444,92.0,1324.25,19.0,0.61,37.64705882352941,0.0,14.179,0.98,0,0,8.0,5.0,0.0,Aggressive,32.9,Clear,haze,8.0,2.4,25.7,1006.5,10.0,83.6,Urban,69396.42,12,5.5,4.0,0.04,18.531605,73.844578,Pune,,,,Safari Storme EX,4.69,24.68,651.6
2026-03-19 19:54:26,446,92.0,1013.25,22.0,0.61,13.72549019607843,0.0,14.109,0.98,0,0,8.0,5.0,0.0,Aggressive,33.5,Clear,haze,8.0,2.2,19.3,1006.9,10.0,80.8,Urban,69396.43,12,5.5,4.0,0.04,18.531688,73.844505,Pune,,,,Safari Storme EX,1.3,5.91,156.0
2026-03-19 19:54:29,448,92.0,897.5,13.0,0.61,12.941176470588236,0.0,14.101,0.98,0,0,8.0,5.0,0.0,Aggressive,32.8,Clear,haze,8.0,3.0,20.4,1006.6,10.0,56.8,Urban,69396.44,12,5.5,4.0,0.04,18.531738,73.844463,Pune,,,,Safari Storme EX,1.06,8.15,215.2
2026-03-19 19:54:32,450,92.0,960.0,13.0,0.61,7.84313725490196,0.0,14.179,0.98,0,0,8.0,5.0,0.0,Aggressive,33.3,Clear,haze,8.0,4.1,24.4,1006.7,10.0,54.0,Urban,69396.45,12,5.5,4.0,0.04,18.531789,73.844422,Pune,,,,Safari Storme EX,0.71,5.46,144.1
2026-03-19 19:54:35,452,92.0,999.75,15.0,0.61,56.86274509803921,0.0,14.164,0.98,0,0,8.0,5.0,0.0,Aggressive,33.3,Clear,haze,8.0,2.0,22.8,1006.6,10.0,61.8,Urban,69396.45,12,5.5,4.0,0.04,18.531843,73.844371,Pune,,,,Safari Storme EX,4.66,31.07,820.2
2026-03-19 19:54:39,454,92.0,1264.5,18.0,0.61,6.666666666666667,0.0,14.101,0.98,0,0,8.0,5.0,0.0,Aggressive,32.9,Clear,haze,8.0,2.8,23.9,1006.5,10.0,59.2,Urban,69396.46,12,5.5,4.0,0.04,18.531906,73.844306,Pune,,,,Safari Storme EX,0.85,4.72,124.6
2026-03-19 19:54:42,456,92.0,1198.0,18.0,0.61,68.62745098039215,0.0,14.171,0.98,0,0,8.0,5.0,0.0,Aggressive,33.1,Clear,haze,8.0,2.8,24.2,1006.2,10.0,57.9,Urban,69396.47,12,5.5,4.0,0.04,18.531967,73.84424,Pune,,,,Safari Storme EX,6.81,37.83,998.7
2026-03-19 19:54:45,458,92.0,1945.5,28.0,0.61,16.862745098039216,0.0,14.171,0.98,0,0,8.0,5.0,0.0,Aggressive,32.0,Clear,haze,8.0,2.7,25.2,1007.0,10.0,56.2,Urban,69396.49,12,5.5,4.0,0.04,18.532063,73.844138,Pune,,,,Safari Storme EX,3.74,13.36,352.7
2026-03-19 19:54:48,460,92.0,1652.5,27.0,0.61,0.0,0.0,14.046,0.98,0,0,8.0,5.0,0.0,Aggressive,32.8,Clear,haze,8.0,3.1,18.5,1006.7,10.0,60.6,Urban,69396.5,12,5.5,4.0,0.04,18.532157,73.844041,Pune,,,,Safari Storme EX,0.04,0.15,4.0
2026-03-19 19:54:52,462,92.0,902.25,15.0,0.61,44.70588235294117,0.0,14.093,0.98,0,0,8.0,5.0,0.0,Aggressive,33.4,Clear,haze,8.0,2.6,20.9,1006.8,10.0,55.2,Urban,69396.51,12,5.5,4.0,0.04,18.532206,73.843984,Pune,,,,Safari Storme EX,3.35,22.33,589.5
2026-03-19 19:54:55,464,92.0,925.0,13.0,0.61,13.72549019607843,0.0,14.07,0.98,0,0,8.0,5.0,0.0,Aggressive,32.7,Clear,haze,8.0,3.5,18.4,1006.1,10.0,54.0,Urban,69396.52,12,5.5,4.0,0.04,18.532244,73.843931,Pune,,,,Safari Storme EX,1.16,8.92,235.5
2026-03-19 19:54:58,466,92.0,990.0,15.0,0.61,98.82352941176472,0.0,14.156,0.98,0,0,8.0,5.0,0.0,Aggressive,32.2,Clear,haze,8.0,2.5,25.8,1006.9,10.0,55.8,Urban,69396.53,12,5.5,4.0,0.04,18.532292,73.843873,Pune,,,,Safari Storme EX,6.95,46.33,1223.1
2026-03-19 19:55:01,468,92.0,2017.0,31.0,0.609,52.94117647058823,0.0,14.148,0.98,0,0,8.0,5.0,0.0,Aggressive,33.4,Clear,haze,8.0,2.1,23.0,1006.8,10.0,53.9,Urban,69396.55,12,5.5,4.0,0.04,18.532389,73.843753,Pune,,,,Safari Storme EX,11.08,35.74,943.5
2026-03-19 19:55:05,470,92.0,2039.5,37.0,0.609,0.0,0.0,14.226,0.98,0,0,8.0,5.0,0.0,Aggressive,32.5,Clear,haze,8.0,2.9,22.1,1007.4,10.0,63.4,Urban,69396.57,12,5.5,4.0,0.04,18.532496,73.843601,Pune,,,,Safari Storme EX,0.04,0.11,2.9
2026-03-19 19:55:08,472,92.0,907.75,34.0,0.609,13.72549019607843,0.0,14.031,0.98,0,0,8.0,5.0,0.0,Aggressive,33.5,Clear,haze,8.0,3.4,22.9,1006.7,10.0,59.6,Urban,69396.59,12,5.5,4.0,0.04,18.532593,73.843461,Pune,,,,Safari Storme EX,1.13,3.32,87.6
2026-03-19 19:55:11,474,93.0,898.75,25.0,0.609,13.72549019607843,0.0,14.023,0.98,0,0,8.0,5.0,0.0,Aggressive,33.0,Clear,haze,8.0,4.7,24.5,1006.1,10.0,57.8,Urban,69396.6,12,5.5,4.0,0.04,18.532655,73.843353,Pune,,,,Safari Storme EX,1.12,4.48,118.3
2026-03-19 19:55:14,476,93.0,900.75,17.0,0.609,13.72549019607843,0.0,14.007,0.98,0,0,8.0,5.0,0.0,Aggressive,32.5,Clear,haze,8.0,2.9,23.3,1006.8,10.0,59.1,Urban,69396.61,12,5.5,4.0,0.04,18.532696,73.843278,Pune,,,,Safari Storme EX,1.12,6.59,174.0
2026-03-19 19:55:18,478,93.0,900.5,7.0,0.609,13.72549019607843,0.0,14.125,0.98,0,0,8.0,5.0,0.0,Aggressive,32.7,Clear,haze,8.0,4.0,19.9,1005.9,10.0,58.8,Urban,69396.61,12,5.5,4.0,0.04,18.532715,73.843248,Pune,,,,Safari Storme EX,1.12,,
2026-03-19 19:55:22,480,93.0,913.75,7.0,0.609,77.6470588235294,0.0,13.953,0.98,0,0,8.0,5.0,0.0,Aggressive,33.6,Clear,haze,8.0,2.1,23.9,1006.7,10.0,64.0,Urban,69396.62,12,5.5,4.0,0.04,18.532732,73.843218,Pune,,,,Safari Storme EX,5.32,,
2026-03-19 19:55:26,482,93.0,927.0,13.0,0.609,12.941176470588236,0.0,14.023,0.98,0,0,8.0,5.0,0.0,Aggressive,33.1,Clear,haze,8.0,3.6,25.2,1007.2,10.0,62.5,Urban,69396.62,12,5.5,4.0,0.04,18.532766,73.843162,Pune,,,,Safari Storme EX,1.1,8.46,223.3
2026-03-19 19:55:29,484,93.0,1014.75,15.0,0.609,61.96078431372549,0.0,14.109,0.98,0,0,8.0,5.0,0.0,Aggressive,33.0,Clear,haze,8.0,3.9,22.1,1006.7,10.0,62.7,Urban,69396.63,12,5.5,4.0,0.04,18.532806,73.843099,Pune,,,,Safari Storme EX,5.09,33.93,895.8
2026-03-19 19:55:32,486,93.0,1474.5,23.0,0.609,67.84313725490196,0.0,14.156,0.98,0,0,8.0,5.0,0.0,Aggressive,33.1,Clear,haze,8.0,3.0,23.4,1006.1,10.0,65.5,Urban,69396.64,12,5.5,4.0,0.04,18.532872,73.843005,Pune,,,,Safari Storme EX,8.86,38.52,1016.9
2026-03-19 19:55:35,488,93.0,1480.75,27.0,0.609,1.96078431372549,0.0,14.109,0.98,0,0,8.0,5.0,0.0,Aggressive,32.9,Clear,haze,8.0,3.6,20.9,1006.8,10.0,57.5,Urban,69396.66,12,5.5,4.0,0.04,18.532946,73.842891,Pune,,,,Safari Storme EX,0.31,1.15,30.4
2026-03-19 19:55:39,490,93.0,902.25,26.0,0.609,12.941176470588236,0.0,14.078,0.98,0,0,8.0,5.0,0.0,Aggressive,32.7,Clear,haze,8.0,2.8,26.2,1006.2,10.0,54.9,Urban,69396.67,12,5.5,4.0,0.04,18.533018,73.842783,Pune,,,,Safari Storme EX,1.06,4.08,107.7
2026-03-19 19:55:42,492,93.0,1173.75,27.0,0.609,98.82352941176472,0.0,14.117,0.98,0,0,8.0,5.0,0.0,Aggressive,33.2,Clear,haze,8.0,2.7,20.6,1006.3,10.0,53.7,Urban,69396.69,12,5.5,4.0,0.04,18.533092,73.84267,Pune,,,,Safari Storme EX,8.62,31.93,843.0
2026-03-19 19:55:45,494,93.0,1444.0,34.0,0.609,65.88235294117646,0.0,14.054,0.98,0,0,8.0,5.0,0.0,Aggressive,33.6,Clear,haze,8.0,2.9,22.0,1005.9,10.0,54.9,Urban,69396.71,12,5.5,4.0,0.04,18.533195,73.842534,Pune,,,,Safari Storme EX,8.42,24.76,653.7
2026-03-19 19:55:48,496,93.0,911.25,30.0,0.609,13.72549019607843,0.0,14.062,0.98,0,0,8.0,5.0,0.0,Aggressive,33.0,Clear,haze,8.0,3.4,23.1,1006.4,10.0,55.6,Urban,69396.72,12,5.5,4.0,0.04,18.533291,73.842419,Pune,,,,Safari Storme EX,1.14,3.8,100.3
2026-03-19 19:55:52,498,93.0,896.5,26.0,0.609,12.941176470588236,0.0,14.023,0.98,0,0,8.0,5.0,0.0,Aggressive,33.6,Clear,haze,8.0,1.9,23.3,1006.6,10.0,60.9,Urban,69396.74,12,5.5,4.0,0.04,18.533371,73.842316,Pune,,,,Safari Storme EX,1.05,4.04,106.7
2026-03-19 19:55:55,500,93.0,1069.25,25.0,0.609,26.666666666666668,0.0,14.132,0.98,0,0,8.0,5.0,0.0,Aggressive,33.4,Clear,haze,8.0,3.9,23.8,1006.9,10.0,53.7,Urban,69396.75,12,5.5,4.0,0.04,18.533456,73.842225,Pune,,,,Safari Storme EX,2.6,10.4,274.6
2026-03-19 19:55:58,502,93.0,897.25,23.0,0.609,12.941176470588236,0.0,14.054,0.98,0,0,8.0,5.0,0.0,Aggressive,32.4,Clear,haze,8.0,2.9,20.4,1006.8,10.0,57.2,Urban,69396.77,12,5.5,4.0,0.04,18.533534,73.84214,Pune,,,,Safari Storme EX,1.06,4.61,121.7
2026-03-19 19:56:01,504,93.0,1577.25,23.0,0.609,72.94117647058823,0.0,14.14,0.98,0,0,8.0,5.0,0.0,Aggressive,33.3,Clear,haze,8.0,2.7,23.8,1006.5,10.0,54.5,Urban,69396.78,12,5.5,4.0,0.04,18.533607,73.842051,Pune,,,,Safari Storme EX,10.25,44.57,1176.6
2026-03-19 19:56:05,506,93.0,1750.0,25.0,0.608,18.823529411764707,0.0,14.164,0.98,0,0,8.0,5.0,0.0,Aggressive,33.5,Clear,haze,8.0,3.7,21.6,1006.7,10.0,52.0,Urban,69396.79,12,5.5,4.0,0.04,18.533686,73.841954,Pune,,,,Safari Storme EX,3.59,14.36,379.1
2026-03-19 19:56:08,508,93.0,1889.5,28.0,0.608,42.74509803921568,0.0,14.14,0.98,0,0,8.0,5.0,0.0,Aggressive,32.2,Clear,haze,8.0,3.1,22.8,1006.9,10.0,62.2,Urban,69396.81,12,5.5,4.0,0.04,18.533779,73.841849,Pune,,,,Safari Storme EX,8.46,30.21,797.5
2026-03-19 19:56:11,510,93.0,1944.5,32.0,0.608,0.0,0.0,14.187,0.98,0,0,8.0,5.0,0.0,Aggressive,32.8,Clear,haze,8.0,4.6,23.5,1006.5,10.0,62.0,Urban,69396.83,12,5.5,4.0,0.04,18.53388,73.841725,Pune,,,,Safari Storme EX,0.04,0.12,3.2
2026-03-19 19:56:14,512,93.0,905.5,32.0,0.608,13.72549019607843,0.0,14.031,0.98,0,0,8.0,5.0,0.0,Aggressive,33.2,Clear,haze,8.0,2.3,21.3,1006.4,10.0,69.6,Urban,69396.84,12,5.5,4.0,0.04,18.533982,73.841601,Pune,,,,Safari Storme EX,1.13,3.53,93.2
2026-03-19 19:56:18,514,93.0,902.5,26.0,0.608,13.72549019607843,0.0,14.007,0.98,0,0,8.0,5.0,0.0,Aggressive,32.6,Clear,haze,8.0,2.9,17.3,1006.5,10.0,74.9,Urban,69396.86,12,5.5,4.0,0.04,18.534072,73.841507,Pune,,,,Safari Storme EX,1.13,4.35,114.8
2026-03-19 19:56:21,516,93.0,901.75,23.0,0.608,13.72549019607843,0.0,14.0,0.98,0,0,8.0,5.0,0.0,Aggressive,33.0,Clear,haze,8.0,2.7,25.7,1006.0,10.0,80.8,Urban,69396.87,12,5.5,4.0,0.04,18.534151,73.841423,Pune,,,,Safari Storme EX,1.12,4.87,128.6
2026-03-19 19:56:25,518,93.0,901.0,16.0,0.608,12.941176470588236,0.0,14.062,0.98,0,0,8.0,5.0,0.0,Aggressive,32.9,Clear,haze,8.0,3.8,22.5,1006.8,10.0,74.7,Urban,69396.88,12,5.5,4.0,0.04,18.534206,73.841366,Pune,,,,Safari Storme EX,1.06,6.62,174.8
2026-03-19 19:56:28,520,94.0,900.5,10.0,0.608,12.941176470588236,0.0,14.0,0.98,0,0,8.0,5.0,0.0,Aggressive,32.6,Clear,haze,8.0,2.6,21.3,1007.3,10.0,79.8,Urban,69396.88,12,5.5,4.0,0.04,18.534241,73.84133,Pune,,,,Safari Storme EX,1.06,,
2026-03-19 19:56:32,522,94.0,860.75,11.0,0.608,53.72549019607843,0.0,14.046,0.98,0,0,8.0,5.0,0.0,Aggressive,32.9,Clear,haze,8.0,2.1,25.7,1006.2,10.0,73.1,Urban,69396.89,12,5.5,4.0,0.04,18.534281,73.841292,Pune,,,,Safari Storme EX,3.7,33.64,888.1
2026-03-19 19:56:35,524,94.0,912.5,13.0,0.608,16.862745098039216,0.0,14.062,0.98,0,0,8.0,5.0,0.0,Aggressive,32.8,Clear,haze,8.0,1.5,25.7,1006.6,10.0,84.5,Urban,69396.9,12,5.5,4.0,0.04,18.534329,73.841248,Pune,,,,Safari Storme EX,1.39,10.69,282.2
2026-03-19 19:56:38,526,94.0,1076.5,16.0,0.608,63.92156862745098,0.0,14.109,0.98,0,0,8.0,5.0,0.0,Aggressive,32.9,Clear,haze,8.0,2.1,23.2,1006.6,10.0,73.3,Urban,69396.91,12,5.5,4.0,0.04,18.534391,73.841197,Pune,,,,Safari Storme EX,5.62,35.12,927.2
2026-03-19 19:56:41,528,94.0,1230.25,18.0,0.608,40.78431372549019,0.0,14.164,0.98,0,0,8.0,5.0,0.0,Aggressive,32.9,Clear,haze,8.0,3.0,25.9,1006.0,10.0,77.6,Urban,69396.92,12,5.5,4.0,0.04,18.534461,73.841141,Pune,,,,Safari Storme EX,4.57,25.39,670.3
2026-03-19 19:56:45,530,94.0,1219.0,17.0,0.608,41.96078431372549,0.0,14.148,0.98,0,0,8.0,5.0,0.0,Aggressive,32.7,Clear,haze,8.0,2.5,23.8,1006.9,10.0,74.5,Urban,69396.93,12,5.5,4.0,0.04,18.534529,73.84109,Pune,,,,Safari Storme EX,4.63,27.24,719.1
2026-03-19 19:56:48,532,94.0,953.75,16.0,0.608,12.941176470588236,0.0,14.031,0.98,0,0,8.0,5.0,0.0,Aggressive,32.6,Clear,haze,8.0,3.7,22.0,1006.4,10.0,71.9,Urban,69396.94,12,5.5,4.0,0.04,18.534595,73.841044,Pune,,,,Safari Storme EX,1.14,7.12,188.0
2026-03-19 19:56:51,534,94.0,900.0,7.0,0.608,12.941176470588236,0.0,14.007,0.98,0,0,8.0,5.0,0.0,Aggressive,32.7,Clear,haze,8.0,2.0,22.1,1006.7,10.0,78.0,Urban,69396.94,12,5.5,4.0,0.04,18.534623,73.841023,Pune,,,,Safari Storme EX,1.06,,
2026-03-19 19:56:54,536,94.0,901.25,4.0,0.608,13.72549019607843,0.0,14.07,0.98,0,0,8.0,5.0,0.0,Stop-and-Go,33.1,Clear,haze,8.0,2.9,24.9,1006.4,10.0,80.1,Urban,69396.94,12,5.5,4.0,0.04,18.534639,73.841011,Pune,,,,Safari Storme EX,1.12,,
2026-03-19 19:56:58,538,94.0,933.75,7.0,0.608,30.980392156862745,0.0,14.062,0.98,0,0,8.0,5.0,0.0,Aggressive,32.5,Clear,haze,8.0,2.1,22.9,1006.4,10.0,75.0,Urban,69396.95,12,5.5,4.0,0.04,18.534663,73.840985,Pune,,,,Safari Storme EX,2.52,,
2026-03-19 19:57:01,540,94.0,914.5,7.0,0.608,18.823529411764707,0.0,14.07,0.98,0,0,8.0,5.0,0.0,Aggressive,33.5,Clear,haze,8.0,2.8,21.3,1006.3,10.0,71.9,Urban,69396.95,12,5.5,4.0,0.04,18.534687,73.84096,Pune,,,,Safari Storme EX,1.55,,
2026-03-19 19:57:04,542,94.0,785.75,12.0,0.608,52.94117647058823,0.0,14.117,0.98,0,0,8.0,5.0,0.0,Aggressive,32.6,Clear,haze,8.0,2.5,23.4,1007.1,10.0,75.4,Urban,69396.96,12,5.5,4.0,0.04,18.534727,73.840915,Pune,,,,Safari Storme EX,1.3,10.83,285.9
2026-03-19 19:57:07,544,94.0,908.25,9.0,0.608,23.92156862745098,0.0,13.992,0.98,0,0,8.0,5.0,0.0,Aggressive,33.7,Clear,haze,8.0,2.6,24.0,1006.5,10.0,77.6,Urban,69396.96,12,5.5,4.0,0.04,18.534756,73.840881,Pune,,,,Safari Storme EX,1.92,,
2026-03-19 19:57:11,546,94.0,1083.0,16.0,0.608,38.8235294117647,0.0,14.125,0.98,0,0,8.0,5.0,0.0,Aggressive,32.9,Clear,haze,8.0,1.8,22.4,1006.3,10.0,75.1,Urban,69396.97,12,5.5,4.0,0.04,18.534802,73.840815,Pune,,,,Safari Storme EX,3.72,23.25,613.8
2026-03-19 19:57:14,548,94.0,894.5,12.0,0.608,12.941176470588236,0.0,14.023,0.98,0,0,8.0,5.0,0.0,Aggressive,32.8,Clear,haze,8.0,3.5,23.8,1006.6,10.0,75.0,Urban,69396.98,12,5.5,4.0,0.04,18.534836,73.840766,Pune,,,,Safari Storme EX,1.05,8.75,231.0
2026-03-19 19:57:17,550,95.0,898.75,8.0,0.608,13.72549019607843,0.0,14.031,0.98,0,0,8.0,5.0,0.0,Aggressive,32.7,Clear,haze,8.0,2.5,25.6,1006.6,10.0,74.5,Urban,69396.98,12,5.5,4.0,0.04,18.534857,73.840732,Pune,,,,Safari Storme EX,1.12,,
2026-03-19 19:57:20,552,95.0,898.25,12.0,0.608,45.88235294117647,0.0,14.085,0.98,0,0,8.0,5.0,0.0,Aggressive,33.1,Clear,haze,8.0,2.6,23.1,1006.7,10.0,76.1,Urban,69396.99,12,5.5,4.0,0.04,18.534892,73.840683,Pune,,,,Safari Storme EX,3.41,28.42,750.3
2026-03-19 19:57:24,554,95.0,908.75,9.0,0.608,12.941176470588236,0.0,14.062,0.98,0,0,8.0,5.0,0.0,Aggressive,33.0,Clear,haze,8.0,2.6,25.4,1006.5,10.0,73.2,Urban,69396.99,12,5.5,4.0,0.04,18.53492,73.840647,Pune,,,,Safari Storme EX,1.07,,
2026-03-19 19:57:28,556,95.0,901.0,7.0,0.608,38.8235294117647,0.0,13.953,0.98,0,0,8.0,5.0,0.0,Aggressive,32.6,Clear,haze,8.0,2.6,23.3,1006.5,10.0,77.3,Urban,69397.0,12,5.5,4.0,0.04,18.53494,73.840619,Pune,,,,Safari Storme EX,2.96,,
2026-03-19 19:57:31,558,95.0,887.5,8.0,0.608,28.62745098039216,0.0,14.093,0.98,0,0,8.0,5.0,0.0,Aggressive,33.0,Clear,haze,8.0,3.7,24.5,1005.9,10.0,72.2,Urban,69397.0,12,5.5,4.0,0.04,18.534963,73.840586,Pune,,,,Safari Storme EX,2.2,,
2026-03-19 19:57:34,560,95.0,940.75,6.0,0.608,12.941176470588236,0.0,14.007,0.98,0,0,8.0,5.0,0.0,Aggressive,33.2,Clear,haze,8.0,3.6,22.8,1006.2,10.0,74.7,Urban,69397.0,12,5.5,4.0,0.04,18.534981,73.840562,Pune,,,,Safari Storme EX,1.12,,
2026-03-19 19:57:38,562,95.0,890.75,6.0,0.608,24.705882352941178,0.0,14.078,0.98,0,0,8.0,5.0,0.0,Aggressive,33.0,Clear,haze,8.0,3.0,23.0,1005.8,10.0,71.4,Urban,69397.01,12,5.5,4.0,0.04,18.534997,73.840536,Pune,,,,Safari Storme EX,1.93,,
2026-03-19 19:57:41,564,95.0,920.75,5.0,0.608,17.647058823529413,0.0,14.054,0.98,0,0,8.0,5.0,0.0,Aggressive,33.5,Clear,haze,8.0,2.3,20.3,1006.5,10.0,79.1,Urban,69397.01,12,5.5,4.0,0.04,18.53501,73.840515,Pune,,,,Safari Storme EX,1.47,,
2026-03-19 19:57:44,566,96.0,904.25,0.0,0.607,63.92156862745098,0.0,14.14,0.98,0,0,8.0,4.984,0.033,Stop-and-Go,32.0,Clear,haze,8.0,3.0,23.5,1006.8,10.0,79.7,Urban,69397.01,12,5.5,4.0,0.04,18.53501,73.840515,Pune,,,,Safari Storme EX,4.52,,
2026-03-19 19:57:47,568,96.0,1119.0,8.0,0.607,54.90196078431372,0.0,14.148,0.98,0,0,8.0,5.0,0.033,Aggressive,32.9,Clear,haze,8.0,2.6,15.3,1007.1,10.0,81.8,Urban,69397.02,12,5.5,4.0,0.04,18.535029,73.84048,Pune,,,,Safari Storme EX,5.22,,
2026-03-19 19:57:51,570,96.0,1086.25,8.0,0.607,27.84313725490196,0.0,14.117,0.98,0,0,8.0,5.0,0.033,Aggressive,32.7,Clear,haze,8.0,1.5,21.3,1006.0,10.0,74.5,Urban,69397.02,12,5.5,4.0,0.04,18.535052,73.840447,Pune,,,,Safari Storme EX,2.76,,
2026-03-19 19:57:54,572,96.0,1151.75,9.0,0.607,15.68627450980392,0.0,14.078,0.98,0,0,8.0,5.0,0.033,Aggressive,33.2,Clear,haze,8.0,2.5,21.4,1006.3,10.0,75.5,Urban,69397.02,12,5.5,4.0,0.04,18.535081,73.840413,Pune,,,,Safari Storme EX,1.74,,
2026-03-19 19:57:57,574,96.0,898.75,10.0,0.607,50.98039215686274,0.0,13.945,0.98,0,0,8.0,5.0,0.033,Aggressive,33.7,Clear,haze,8.0,3.0,21.4,1007.1,10.0,74.1,Urban,69397.03,12,5.5,4.0,0.04,18.535112,73.840373,Pune,,,,Safari Storme EX,3.73,,
2026-03-19 19:58:00,576,96.0,942.5,13.0,0.607,11.764705882352942,0.0,13.937,0.98,0,0,8.0,4.851,0.033,Aggressive,32.4,Clear,haze,8.0,2.5,25.1,1006.4,10.0,75.5,Urban,69397.04,12,5.5,4.0,0.04,18.535157,73.840326,Pune,,,,Safari Storme EX,1.02,7.85,207.2
2026-03-19 19:58:03,578,95.0,846.75,9.0,0.607,46.66666666666666,0.0,13.937,0.98,0,0,8.0,4.897,0.033,Aggressive,32.6,Clear,haze,8.0,2.7,20.5,1006.6,10.0,76.9,Urban,69397.04,12,5.5,4.0,0.04,18.535188,73.840293,Pune,,,,Safari Storme EX,3.22,,
2026-03-19 19:58:07,580,95.0,999.25,12.0,0.607,15.68627450980392,0.0,13.992,0.98,0,0,8.0,4.457,0.033,Aggressive,32.9,Clear,haze,8.0,3.5,22.9,1006.5,10.0,75.4,Urban,69397.05,12,5.5,4.0,0.04,18.535229,73.840249,Pune,,,,Safari Storme EX,1.45,12.08,318.9
