timestamp,elapsed_seconds,vehicle_name,engine_temp,rpm,speed,fuel_level,engine_load,throttle_pos,battery_voltage,battery_health,dtc_count,sensor_fault,hard_braking_freq,accel_variance,idle_ratio,driving_style,ambient_temp,weather_condition,weather_raw,monthly_precipitation,wind_speed,humidity,pressure_hpa,road_roughness,traffic_density,road_type,mileage,vehicle_age,brake_thickness,tire_tread,oil_degradation,latitude,longitude,city,maintenance_probability,severity,needs_maintenance,calc_fuel_rate_lph,calc_fuel_l100km,calc_co2_g_per_km
2026-03-19 19:44:59,2.9,Safari Storme EX,71.0,841.25,0.0,0.0,16.862745098039216,0.0,14.257,1.0,0,0,1.0,1.0,0.1,Smooth,25.0,Clear,Unknown (no API key),40.0,0.0,50.0,1013.0,3.0,50.0,Urban,69406,12,5.5,4.0,0.2,18.5211,73.8502,Pune,0.0088,OK,False,,,
2026-03-19 19:45:02,7.3,Safari Storme EX,71.0,841.75,0.0,0.0,17.647058823529413,0.0,14.265,1.0,0,0,0.0,0.0,1.0,Stop-and-Go,25.0,Clear,Unknown (no API key),40.0,0.0,50.0,1013.0,3.0,50.0,Urban,69406,12,5.5,4.0,0.2,18.5211,73.8502,Pune,0.0141,OK,False,,,
2026-03-19 19:45:05,10.6,Safari Storme EX,71.0,840.75,0.0,0.0,16.862745098039216,0.0,14.265,1.0,0,0,0.0,0.0,1.0,Stop-and-Go,25.0,Clear,Unknown (no API key),40.0,0.0,50.0,1013.0,0.0,50.0,Urban,69406,12,5.5,4.0,0.2,18.5211,73.8502,Pune,0.0141,OK,False,,,
2026-03-19 19:45:09,13.8,Safari Storme EX,71.0,840.25,0.0,0.0,16.862745098039216,0.0,14.265,1.0,0,0,0.0,0.0,1.0,Stop-and-Go,25.0,Clear,Unknown (no API key),40.0,0.0,50.0,1013.0,0.0,50.0,Urban,69406,12,5.5,4.0,0.2,18.5211,73.8502,Pune,0.0141,OK,False,,,
2026-03-19 19:45:12,17.0,Safari Storme EX,72.0,839.25,0.0,0.0,16.862745098039216,0.0,14.273,1.0,0,0,0.0,0.0,1.0,Stop-and-Go,25.0,Clear,Unknown (no API key),40.0,0.0,50.0,1013.0,0.0,50.0,Urban,69406,12,5.5,4.0,0.2,18.5211,73.8502,Pune,0.0141,OK,False,,,
2026-03-19 19:45:15,20.3,Safari Storme EX,72.0,840.5,0.0,0.0,16.862745098039216,0.0,14.281,1.0,0,0,0.0,0.0,1.0,Stop-and-Go,25.0,Clear,Unknown (no API key),40.0,0.0,50.0,1013.0,0.0,50.0,Urban,69406,12,5.5,4.0,0.2,18.5211,73.8502,Pune,0.0141,OK,False,,,
2026-03-19 19:45:18,23.5,Safari Storme EX,72.0,842.5,0.0,0.0,12.941176470588236,0.0,14.281,1.0,0,0,0.0,0.0,1.0,Stop-and-Go,25.0,Clear,Unknown (no API key),40.0,0.0,50.0,1013.0,0.0,50.0,Urban,69406,12,5.5,4.0,0.2,18.5211,73.8502,Pune,0.0141,OK,False,,,
2026-03-19 19:45:22,26.8,Safari Storme EX,72.0,900.75,0.0,0.0,14.901960784313726,0.0,14.265,1.0,0,0,0.0,0.0,1.0,Stop-and-Go,25.0,Clear,Unknown (no API key),40.0,0.0,50.0,1013.0,0.0,50.0,Urban,69406,12,5.5,4.0,0.2,18.5211,73.8502,Pune,0.0141,OK,False,,,
2026-03-19 19:45:25,30.0,Safari Storme EX,72.0,910.75,0.0,0.0,10.980392156862743,0.0,13.312,1.0,0,0,0.0,0.0,1.0,Stop-and-Go,25.0,Clear,Unknown (no API key),40.0,0.0,50.0,1013.0,0.0,50.0,Urban,69406,12,5.5,4.0,0.2,18.5211,73.8502,Pune,0.0141,OK,False,,,
2026-03-19 19:45:28,33.2,Safari Storme EX,72.0,915.0,0.0,0.0,14.901960784313726,0.0,14.046,1.0,0,0,0.0,0.0,1.0,Stop-and-Go,25.0,Clear,Unknown (no API key),40.0,0.0,50.0,1013.0,0.0,50.0,Urban,69406,12,5.5,4.0,0.2,18.5211,73.8502,Pune,0.0141,OK,False,,,
2026-03-19 19:45:31,36.5,Safari Storme EX,72.0,879.5,0.0,0.0,17.647058823529413,0.0,14.07,1.0,0,0,0.0,0.0,1.0,Stop-and-Go,25.0,Clear,Unknown (no API key),40.0,0.0,50.0,1013.0,0.0,50.0,Urban,69406,12,5.5,4.0,0.2,18.5211,73.8502,Pune,0.0141,OK,False,,,
2026-03-19 19:45:35,39.7,Safari Storme EX,72.0,900.25,0.0,0.0,29.80392156862745,0.0,14.0,1.0,0,0,0.0,0.0,1.0,Stop-and-Go,25.0,Clear,Unknown (no API key),40.0,0.0,50.0,1013.0,0.0,50.0,Urban,69406,12,5.5,4.0,0.2,18.5211,73.8502,Pune,0.0141,OK,False,,,
2026-03-19 19:45:38,42.9,Safari Storme EX,72.0,850.5,0.0,0.0,28.62745098039216,0.0,14.046,1.0,0,0,0.0,0.0,1.0,Stop-and-Go,25.0,Clear,Unknown (no API key),40.0,0.0,50.0,1013.0,0.0,50.0,Urban,69406,12,5.5,4.0,0.2,18.5211,73.8502,Pune,0.0141,OK,False,,,
2026-03-19 19:45:41,46.2,Safari Storme EX,73.0,890.75,0.0,0.0,15.68627450980392,0.0,14.117,1.0,0,0,0.0,0.0,1.0,Stop-and-Go,25.0,Clear,Unknown (no API key),40.0,0.0,50.0,1013.0,0.0,50.0,Urban,69406,12,5.5,4.0,0.2,18.5211,73.8502,Pune,0.0142,OK,False,,,
2026-03-19 19:45:44,49.4,Safari Storme EX,73.0,882.0,0.0,0.0,52.94117647058823,0.0,14.101,1.0,0,0,0.0,0.0,1.0,Stop-and-Go,25.0,Clear,Unknown (no API key),40.0,0.0,50.0,1013.0,0.0,50.0,Urban,69406,12,5.5,4.0,0.2,18.5211,73.8502,Pune,0.0142,OK,False,,,
2026-03-19 19:45:48,52.7,Safari Storme EX,73.0,1382.0,11.0,0.0,43.92156862745098,0.0,14.203,1.0,0,0,0.0,7.52888888888889,0.9375,Aggressive,25.0,Clear,Unknown (no API key),40.0,0.0,50.0,1013.0,3.76,50.0,Urban,69406,12,5.5,4.0,0.2,18.5211,73.8502,Pune,0.2565,OK,False,,,
2026-03-19 19:45:51,55.9,Safari Storme EX,73.0,962.75,13.0,0.0,11.764705882352942,0.0,14.156,1.0,0,0,0.0,7.15234375,0.8823529411764706,Aggressive,25.0,Clear,Unknown (no API key),40.0,0.0,50.0,1013.0,3.58,50.0,Urban,69406,12,5.5,4.0,0.2,18.5211,73.8502,Pune,0.2565,OK,False,,,
2026-03-19 19:45:54,59.2,Safari Storme EX,73.0,896.25,12.0,0.0,13.72549019607843,0.0,14.125,1.0,0,0,0.0,6.913494809688583,0.8333333333333334,Aggressive,25.0,Clear,Unknown (no API key),40.0,0.0,50.0,1013.0,3.46,50.0,Urban,69406,12,5.5,4.0,0.2,18.5211,73.8502,Pune,0.2565,OK,False,,,
2026-03-19 19:45:57,62.4,Safari Storme EX,73.0,918.0,11.0,0.0,13.72549019607843,0.0,14.062,1.0,0,0,0.0,6.6820987654321,0.7894736842105263,Aggressive,25.0,Clear,Unknown (no API key),40.0,0.0,50.0,1013.0,3.34,50.0,Urban,69406,12,5.5,4.0,0.2,18.5211,73.8502,Pune,0.2565,OK,False,,,
2026-03-19 19:46:02,65.7,Safari Storme EX,74.0,899.0,7.0,0.0,13.72549019607843,0.0,14.062,1.0,0,0,0.0,7.390581717451524,0.75,Aggressive,25.0,Clear,Unknown (no API key),40.0,0.0,50.0,1013.0,3.7,50.0,Urban,69406,12,5.5,4.0,0.2,18.5211,73.8502,Pune,0.2565,OK,False,,,
2026-03-19 19:46:05,70.0,Safari Storme EX,74.0,902.0,4.0,0.0,13.72549019607843,0.0,14.07,1.0,0,0,0.0,7.56,0.7142857142857143,Aggressive,25.0,Clear,Unknown (no API key),40.0,0.0,50.0,1013.0,3.78,50.0,Urban,69406,12,5.5,4.0,0.2,18.5211,73.8502,Pune,0.2565,OK,False,,,
2026-03-19 19:46:08,73.2,Safari Storme EX,74.0,894.0,3.0,0.0,13.72549019607843,0.0,13.914,1.0,0,0,0.0,7.265306122448979,0.6818181818181818,Aggressive,25.0,Clear,Unknown (no API key),40.0,0.0,50.0,1013.0,3.63,50.0,Urban,69406,12,5.5,4.0,0.2,18.5211,73.8502,Pune,0.2565,OK,False,,,
2026-03-19 19:46:11,76.4,Safari Storme EX,74.0,900.5,0.0,0.0,12.941176470588236,0.0,14.109,1.0,0,0,0.0,7.363636363636363,0.6956521739130435,Aggressive,25.0,Clear,Unknown (no API key),40.0,0.0,50.0,1013.0,3.68,50.0,Urban,69406,12,5.5,4.0,0.2,18.5211,73.8502,Pune,0.2565,OK,False,,,
2026-03-19 19:46:15,79.7,Safari Storme EX,74.0,906.25,0.0,0.0,14.901960784313726,0.0,14.117,1.0,0,0,0.0,7.043478260869565,0.7083333333333334,Aggressive,25.0,Clear,Unknown (no API key),40.0,0.0,50.0,1013.0,3.52,50.0,Urban,69406,12,5.5,4.0,0.2,18.5211,73.8502,Pune,0.2565,OK,False,,,
2026-03-19 19:46:18,82.9,Safari Storme EX,74.0,902.25,0.0,0.0,14.901960784313726,0.0,14.117,1.0,0,0,0.0,6.75,0.72,Aggressive,25.0,Clear,Unknown (no API key),40.0,0.0,50.0,1013.0,3.38,50.0,Urban,69406,12,5.5,4.0,0.2,18.5211,73.8502,Pune,0.2565,OK,False,,,
2026-03-19 19:46:21,86.1,Safari Storme EX,75.0,851.0,0.0,0.0,31.764705882352946,0.0,14.101,1.0,0,0,0.0,6.48,0.7307692307692307,Aggressive,25.0,Clear,Unknown (no API key),40.0,0.0,50.0,1013.0,3.24,50.0,Urban,69406,12,5.5,4.0,0.2,18.5211,73.8502,Pune,0.2477,OK,False,,,
2026-03-19 19:46:24,89.4,Safari Storme EX,75.0,939.75,7.0,0.0,55.68627450980392,0.0,14.179,1.0,0,0,0.0,8.042899408284022,0.7037037037037037,Aggressive,25.0,Clear,Unknown (no API key),40.0,0.0,50.0,1013.0,4.02,50.0,Urban,69406,12,5.5,4.0,0.2,18.5211,73.8502,Pune,0.2477,OK,False,,,
2026-03-19 19:46:28,92.7,Safari Storme EX,75.0,929.0,9.0,0.0,31.764705882352946,0.0,14.062,1.0,0,0,0.0,7.851851851851853,0.6785714285714286,Aggressive,25.0,Clear,Unknown (no API key),40.0,0.0,50.0,1013.0,3.93,50.0,Urban,69406,12,5.5,4.0,0.2,18.5211,73.8502,Pune,0.2477,OK,False,,,
2026-03-19 19:46:31,96.0,Safari Storme EX,75.0,951.75,8.0,0.0,13.72549019607843,0.0,14.085,1.0,0,0,0.0,7.63265306122449,0.6551724137931034,Aggressive,25.0,Clear,Unknown (no API key),40.0,0.0,50.0,1013.0,3.82,50.0,Urban,69406,12,5.5,4.0,0.2,18.5211,73.8502,Pune,0.2477,OK,False,,,
2026-03-19 19:46:34,99.2,Safari Storme EX,75.0,901.0,5.0,0.0,12.941176470588236,0.0,14.085,1.0,0,0,0.0,7.728894173602854,0.6333333333333333,Aggressive,25.0,Clear,Unknown (no API key),40.0,0.0,50.0,1013.0,3.86,50.0,Urban,69406,12,5.5,4.0,0.2,18.5211,73.8502,Pune,0.2477,OK,False,,,
2026-03-19 19:46:37,102.4,Safari Storme EX,75.0,898.75,7.0,0.0,12.941176470588236,0.0,14.062,1.0,0,0,0.0,7.578888888888889,0.6129032258064516,Aggressive,25.0,Clear,Unknown (no API key),40.0,0.0,50.0,1013.0,3.79,50.0,Urban,69406,12,5.5,4.0,0.2,18.5211,73.8502,Pune,0.2477,OK,False,,,
2026-03-19 19:46:40,105.6,Safari Storme EX,75.0,899.5,4.0,0.0,12.941176470588236,0.0,14.062,1.0,0,0,0.0,7.660770031217481,0.59375,Aggressive,25.0,Clear,Unknown (no API key),40.0,0.0,50.0,1013.0,3.83,50.0,Urban,69406,12,5.5,4.0,0.2,18.5211,73.8502,Pune,0.2477,OK,False,,,
2026-03-19 19:46:44,108.8,Safari Storme EX,75.0,899.5,0.0,0.0,13.72549019607843,0.0,14.085,1.0,0,0,0.0,7.9375,0.6060606060606061,Aggressive,25.0,Clear,Unknown (no API key),40.0,0.0,50.0,1013.0,3.97,50.0,Urban,69406,12,5.5,4.0,0.2,18.5211,73.8502,Pune,0.2477,OK,False,,,
2026-03-19 19:46:47,112.1,Safari Storme EX,76.0,938.25,3.0,0.0,12.941176470588236,0.0,14.062,1.0,0,0,0.0,7.961432506887051,0.5882352941176471,Aggressive,25.0,Clear,Unknown (no API key),40.0,0.0,50.0,1013.0,3.98,50.0,Urban,69406,12,5.5,4.0,0.2,18.5211,73.8502,Pune,0.2152,OK,False,,,
2026-03-19 19:46:50,115.3,Safari Storme EX,76.0,899.25,0.0,0.0,80.7843137254902,0.0,14.179,1.0,0,0,0.0,8.0,0.6,Aggressive,25.0,Clear,Unknown (no API key),40.0,0.0,50.0,1013.0,4.0,50.0,Urban,69406,12,5.5,4.0,0.2,18.5211,73.8502,Pune,0.2152,OK,False,,,
2026-03-19 19:46:53,118.6,Safari Storme EX,76.0,980.25,6.0,0.0,53.72549019607843,0.0,14.187,1.0,0,0,0.0,8.770612244897958,0.5833333333333334,Aggressive,25.0,Clear,Unknown (no API key),40.0,0.0,50.0,1013.0,4.39,50.0,Urban,69406,12,5.5,4.0,0.2,18.5211,73.8502,Pune,0.2152,OK,False,,,
2026-03-19 19:46:57,121.8,Safari Storme EX,76.0,1357.75,10.0,0.0,34.90196078431372,0.0,14.156,1.0,0,0,0.0,8.922839506172842,0.5675675675675675,Aggressive,25.0,Clear,Unknown (no API key),40.0,0.0,50.0,1013.0,4.46,50.0,Urban,69406,12,5.5,4.0,0.2,18.5211,73.8502,Pune,0.2152,OK,False,,,
2026-03-19 19:47:00,125.1,Safari Storme EX,76.0,907.25,6.0,0.0,14.901960784313726,0.0,14.054,1.0,0,0,0.0,9.162892622352084,0.5526315789473685,Aggressive,25.0,Clear,Unknown (no API key),40.0,0.0,50.0,1013.0,4.58,50.0,Urban,69406,12,5.5,4.0,0.2,18.5211,73.8502,Pune,0.2152,OK,False,,,
2026-03-19 19:47:04,128.3,Safari Storme EX,76.0,872.75,3.0,0.0,22.745098039215687,0.0,14.125,1.0,0,0,0.0,9.17797783933518,0.5384615384615384,Aggressive,25.0,Clear,Unknown (no API key),40.0,0.0,50.0,1013.0,4.59,50.0,Urban,69406,12,5.5,4.0,0.2,18.5211,73.8502,Pune,0.2152,OK,False,,,
2026-03-19 19:47:08,132.8,Safari Storme EX,76.0,910.0,0.0,0.0,25.88235294117647,0.0,14.117,1.0,0,0,0.0,9.17948717948718,0.55,Aggressive,25.0,Clear,Unknown (no API key),40.0,0.0,50.0,1013.0,4.59,50.0,Urban,69406,12,5.5,4.0,0.2,18.5211,73.8502,Pune,0.2152,OK,False,,,
2026-03-19 19:47:11,136.0,Safari Storme EX,77.0,967.25,2.0,0.0,15.68627450980392,0.0,14.109,1.0,0,0,0.0,9.0475,0.5365853658536586,Aggressive,25.0,Clear,Unknown (no API key),40.0,0.0,50.0,1013.0,4.52,50.0,Urban,69406,12,5.5,4.0,0.2,18.5211,73.8502,Pune,0.2319,OK,False,,,
2026-03-19 19:47:14,139.3,Safari Storme EX,77.0,1141.75,10.0,0.0,96.8627450980392,0.0,14.187,1.0,0,0,0.0,10.330755502676976,0.5238095238095238,Aggressive,25.0,Clear,Unknown (no API key),40.0,0.0,50.0,1013.0,5.17,50.0,Urban,69406,12,5.5,4.0,0.2,18.5211,73.8502,Pune,0.2319,OK,False,,,
2026-03-19 19:47:17,142.5,Safari Storme EX,77.0,1589.25,20.0,0.0,0.0,0.0,14.164,1.0,0,0,0.0,12.297052154195011,0.5116279069767442,Aggressive,25.0,Clear,Unknown (no API key),40.0,0.0,50.0,1013.0,6.15,50.0,Urban,69406,12,5.5,4.0,0.2,18.5211,73.8502,Pune,0.2319,OK,False,,,
2026-03-19 19:47:21,145.7,Safari Storme EX,77.0,1841.25,24.0,0.0,48.62745098039216,0.0,14.171,1.0,0,0,0.0,12.29313142239048,0.5,Aggressive,25.0,Clear,Unknown (no API key),40.0,0.0,50.0,1013.0,6.15,50.0,Urban,69406,12,5.5,4.0,0.2,18.5211,73.8502,Pune,0.2319,OK,False,,,
2026-03-19 19:47:24,149.0,Safari Storme EX,77.0,951.0,17.0,0.0,11.764705882352942,0.0,14.101,1.0,0,0,0.0,13.282541322314051,0.4888888888888889,Aggressive,25.0,Clear,Unknown (no API key),40.0,0.0,50.0,1013.0,6.64,50.0,Urban,69406,12,5.5,4.0,0.2,18.5211,73.8502,Pune,0.2319,OK,False,,,
2026-03-19 19:47:27,152.2,Safari Storme EX,78.0,1101.5,13.0,0.0,58.8235294117647,0.0,14.187,1.0,0,0,0.0,13.40543209876543,0.4782608695652174,Aggressive,25.0,Clear,Unknown (no API key),40.0,0.0,50.0,1013.0,6.7,50.0,Urban,69406,12,5.5,4.0,0.2,18.5211,73.8502,Pune,0.2319,OK,False,,,
2026-03-19 19:47:30,155.4,Safari Storme EX,78.0,1444.75,21.0,0.0,32.94117647058823,0.0,14.218,1.0,0,0,0.0,14.378544423440454,0.4680851063829787,Aggressive,25.0,Clear,Unknown (no API key),40.0,0.0,50.0,1013.0,7.19,50.0,Urban,69406,12,5.5,4.0,0.2,18.5211,73.8502,Pune,0.2319,OK,False,,,
2026-03-19 19:47:34,158.7,Safari Storme EX,78.0,1444.5,20.0,0.0,41.96078431372549,0.0,14.21,1.0,0,0,0.0,14.116794929832505,0.4583333333333333,Aggressive,25.0,Clear,Unknown (no API key),40.0,0.0,50.0,1013.0,7.06,50.0,Urban,69406,12,5.5,4.0,0.2,18.5211,73.8502,Pune,0.2291,OK,False,,,
2026-03-19 19:47:37,161.9,Safari Storme EX,78.0,1512.5,23.0,0.0,50.98039215686274,0.0,14.195,1.0,0,0,0.0,13.957899305555555,0.4489795918367347,Aggressive,25.0,Clear,Unknown (no API key),40.0,0.0,50.0,1013.0,6.98,50.0,Urban,69406,12,5.5,4.0,0.2,18.5211,73.8502,Pune,0.2291,OK,False,,,
2026-03-19 19:47:40,165.1,Safari Storme EX,79.0,2142.5,32.0,0.0,0.0,0.0,14.234,1.0,0,0,0.0,15.124531445231153,0.44,Aggressive,25.0,Clear,Unknown (no API key),40.0,0.0,50.0,1013.0,7.56,50.0,Urban,69406,12,5.5,4.0,0.2,18.5211,73.8502,Pune,0.2291,OK,False,,,
2026-03-19 19:47:43,168.4,Safari Storme EX,79.0,909.0,17.0,0.0,11.764705882352942,0.0,14.132,1.0,0,0,0.0,19.6244,0.4313725490196078,Aggressive,25.0,Clear,Unknown (no API key),40.0,0.0,50.0,1013.0,9.81,50.0,Urban,69406,12,5.5,4.0,0.2,18.5211,73.8502,Pune,0.2332,OK,False,,,
2026-03-19 19:47:46,171.6,Safari Storme EX,79.0,1698.25,26.0,0.0,54.90196078431372,0.0,14.203,1.0,0,0,0.0,20.681276432141487,0.4230769230769231,Aggressive,25.0,Clear,Unknown (no API key),40.0,0.0,50.0,1013.0,10.0,50.0,Urban,69406,12,5.5,4.0,0.2,18.5211,73.8502,Pune,0.2368,OK,False,,,
2026-03-19 19:47:50,174.8,Safari Storme EX,79.0,1234.25,30.0,0.0,11.764705882352942,0.0,14.117,1.0,0,0,0.0,20.513313609467453,0.4150943396226415,Aggressive,25.0,Clear,Unknown (no API key),40.0,0.0,50.0,1013.0,10.0,50.0,Urban,69406,12,5.5,4.0,0.2,18.5211,73.8502,Pune,0.2368,OK,False,,,
2026-03-19 19:47:53,178.0,Safari Storme EX,80.0,900.5,14.0,0.0,12.941176470588236,0.0,14.132,1.0,0,0,0.0,25.21324314702741,0.4074074074074074,Aggressive,25.0,Clear,Unknown (no API key),40.0,0.0,50.0,1013.0,10.0,50.0,Urban,69406,12,5.5,4.0,0.2,18.5211,73.8502,Pune,0.2368,OK,False,,,
2026-03-19 19:47:56,181.3,Safari Storme EX,80.0,1282.5,20.0,0.0,80.0,0.0,14.195,1.0,0,0,0.0,25.3443072702332,0.4,Aggressive,25.0,Clear,Unknown (no API key),40.0,0.0,50.0,1013.0,10.0,50.0,Urban,69406,12,5.5,4.0,0.2,18.5211,73.8502,Pune,0.2368,OK,False,,,
2026-03-19 19:47:59,184.5,Safari Storme EX,80.0,940.5,11.0,0.0,11.764705882352942,0.0,14.085,1.0,0,0,0.0,26.450909090909093,0.3928571428571428,Aggressive,25.0,Clear,Unknown (no API key),40.0,0.0,50.0,1013.0,10.0,50.0,Urban,69406,12,5.5,4.0,0.2,18.5211,73.8502,Pune,0.2368,OK,False,,,
2026-03-19 19:48:03,187.8,Safari Storme EX,81.0,985.5,10.0,0.0,48.62745098039216,0.0,14.093,1.0,0,0,0.0,26.003826530612248,0.3859649122807017,Aggressive,25.0,Clear,Unknown (no API key),40.0,0.0,50.0,1013.0,10.0,50.0,Urban,69406,12,5.5,4.0,0.2,18.5211,73.8502,Pune,0.1678,OK,False,,,
2026-03-19 19:48:07,191.0,Safari Storme EX,81.0,921.0,6.0,0.0,12.941176470588236,0.0,14.101,1.0,0,0,0.0,25.84856879039704,0.3793103448275862,Aggressive,25.0,Clear,Unknown (no API key),40.0,0.0,50.0,1013.0,10.0,50.0,Urban,69406,12,5.5,4.0,0.2,18.5211,73.8502,Pune,0.1874,OK,False,,,
2026-03-19 19:48:10,195.3,Safari Storme EX,81.0,1475.75,7.0,0.0,82.74509803921569,0.0,14.21,1.0,0,0,0.0,25.41646848989299,0.3728813559322034,Aggressive,25.0,Clear,Unknown (no API key),40.0,0.0,50.0,1013.0,10.0,50.0,Urban,69406,12,5.5,4.0,0.2,18.5211,73.8502,Pune,0.1874,OK,False,,,
2026-03-19 19:48:13,198.5,Safari Storme EX,82.0,1446.25,21.0,0.0,21.96078431372549,0.0,14.203,1.0,0,0,0.0,28.195346164895145,0.3666666666666666,Aggressive,25.0,Clear,Unknown (no API key),40.0,0.0,50.0,1013.0,10.0,50.0,Urban,69406,12,5.5,4.0,0.2,18.5211,73.8502,Pune,0.1769,OK,False,,,
2026-03-19 19:48:17,201.7,Safari Storme EX,82.0,1582.75,23.0,0.0,40.78431372549019,0.0,14.21,1.0,0,0,0.0,28.23786268313703,0.35,Aggressive,25.0,Clear,Unknown (no API key),40.0,0.0,50.0,1013.0,10.0,50.0,Urban,69406,12,5.5,4.0,0.2,18.5211,73.8502,Pune,0.1769,OK,False,,,
2026-03-19 19:48:20,205.0,Safari Storme EX,82.0,941.0,21.0,0.0,11.764705882352942,0.0,14.054,1.0,0,0,0.0,28.330939385234128,0.3333333333333333,Aggressive,25.0,Clear,Unknown (no API key),40.0,0.0,50.0,1013.0,10.0,50.0,Urban,69406,12,5.5,4.0,0.2,18.5211,73.8502,Pune,0.1658,OK,False,,,
2026-03-19 19:48:23,208.2,Safari Storme EX,83.0,898.25,17.0,0.0,12.941176470588236,0.0,14.015,1.0,0,0,0.0,28.6457914392416,0.3166666666666666,Aggressive,25.0,Clear,Unknown (no API key),40.0,0.0,50.0,1013.0,10.0,50.0,Urban,69406,12,5.5,4.0,0.2,18.5211,73.8502,Pune,0.1702,OK,False,,,
2026-03-19 19:48:26,211.5,Safari Storme EX,83.0,1390.25,10.0,0.0,27.84313725490196,0.0,14.039,1.0,0,0,0.0,29.530594656707848,0.3,Aggressive,25.0,Clear,Unknown (no API key),40.0,0.0,50.0,1013.0,10.0,50.0,Urban,69406,12,5.5,4.0,0.2,18.5211,73.8502,Pune,0.1682,OK,False,,,
2026-03-19 19:48:30,214.7,Safari Storme EX,83.0,910.25,7.0,0.0,14.901960784313726,0.0,14.015,1.0,0,0,0.0,29.69778799195633,0.2833333333333333,Aggressive,25.0,Clear,Unknown (no API key),40.0,0.0,50.0,1013.0,10.0,50.0,Urban,69406,12,5.5,4.0,0.2,18.5211,73.8502,Pune,0.1723,OK,False,,,
2026-03-19 19:48:33,218.0,Safari Storme EX,83.0,893.75,3.0,0.0,98.82352941176472,0.0,14.179,1.0,0,0,0.0,29.980465383510484,0.2666666666666666,Aggressive,25.0,Clear,Unknown (no API key),40.0,0.0,50.0,1013.0,10.0,50.0,Urban,69406,12,5.5,4.0,0.2,18.5211,73.8502,Pune,0.1723,OK,False,,,
2026-03-19 19:48:36,221.2,Safari Storme EX,84.0,1223.75,11.0,0.0,70.98039215686275,0.0,14.187,1.0,0,0,0.0,31.03303648376903,0.25,Aggressive,25.0,Clear,Unknown (no API key),40.0,0.0,50.0,1013.0,10.0,50.0,Urban,69406,12,5.5,4.0,0.2,18.5211,73.8502,Pune,0.144,OK,False,,,
2026-03-19 19:48:39,224.4,Safari Storme EX,84.0,1605.25,19.0,0.0,97.6470588235294,0.0,14.203,1.0,0,0,0.0,32.048836541223785,0.2333333333333333,Aggressive,25.0,Clear,Unknown (no API key),40.0,0.0,50.0,1013.0,10.0,50.0,Urban,69406,12,5.5,4.0,0.2,18.5211,73.8502,Pune,0.144,OK,False,,,
2026-03-19 19:48:43,227.6,Safari Storme EX,84.0,2020.75,30.0,0.0,24.705882352941178,0.0,14.203,1.0,0,0,0.0,33.94484343579431,0.2166666666666666,Aggressive,25.0,Clear,Unknown (no API key),40.0,0.0,50.0,1013.0,10.0,50.0,Urban,69406,12,5.5,4.0,0.2,18.5211,73.8502,Pune,0.1384,OK,False,,,
2026-03-19 19:48:46,230.9,Safari Storme EX,84.0,1971.0,28.0,0.0,11.764705882352942,0.0,14.21,1.0,0,0,0.0,34.04596380350473,0.2,Aggressive,25.0,Clear,Unknown (no API key),40.0,0.0,50.0,1013.0,10.0,50.0,Urban,69406,12,5.5,4.0,0.2,18.5211,73.8502,Pune,0.1481,OK,False,,,
2026-03-19 19:48:49,234.1,Safari Storme EX,84.0,1855.0,26.0,0.0,18.823529411764707,0.0,14.21,1.0,0,0,0.0,34.14478598103993,0.1833333333333333,Aggressive,25.0,Clear,Unknown (no API key),40.0,0.0,50.0,1013.0,10.0,50.0,Urban,69406,12,5.5,4.0,0.2,18.5211,73.8502,Pune,0.1487,OK,False,,,
2026-03-19 19:48:52,237.4,Safari Storme EX,85.0,2050.75,30.0,0.0,0.0,0.0,14.242,1.0,0,0,0.0,34.35162309681126,0.1666666666666666,Aggressive,25.0,Clear,Unknown (no API key),40.0,0.0,50.0,1013.0,10.0,50.0,Urban,69406,12,5.5,4.0,0.2,18.5211,73.8502,Pune,0.1358,OK,False,,,
2026-03-19 19:48:56,240.6,Safari Storme EX,85.0,913.5,13.0,0.0,11.764705882352942,0.0,14.132,1.0,0,0,0.0,39.45992530881931,0.15,Aggressive,25.0,Clear,Unknown (no API key),40.0,0.0,50.0,1013.0,10.0,50.0,Urban,69406,12,5.5,4.0,0.2,18.5211,73.8502,Pune,0.127,OK,False,,,
2026-03-19 19:48:59,243.8,Safari Storme EX,85.0,1277.75,20.0,0.0,81.96078431372548,0.0,14.179,1.0,0,0,0.0,40.22407354208561,0.1333333333333333,Aggressive,25.0,Clear,Unknown (no API key),40.0,0.0,50.0,1013.0,10.0,50.0,Urban,69406,12,5.5,4.0,0.2,18.5211,73.8502,Pune,0.1342,OK,False,,,
2026-03-19 19:49:02,247.1,Safari Storme EX,85.0,2129.5,32.0,0.0,58.8235294117647,0.0,14.187,1.0,0,0,0.0,40.60212582591209,0.1166666666666666,Aggressive,25.0,Clear,Unknown (no API key),40.0,0.0,50.0,1013.0,10.0,50.0,Urban,69406,12,5.5,4.0,0.2,18.5211,73.8502,Pune,0.1335,OK,False,,,
2026-03-19 19:49:05,250.3,Safari Storme EX,86.0,954.75,29.0,0.0,11.764705882352942,0.0,14.148,1.0,0,0,0.0,40.74001723642632,0.1166666666666666,Aggressive,25.0,Clear,Unknown (no API key),40.0,0.0,50.0,1013.0,10.0,50.0,Urban,69406,12,5.5,4.0,0.2,18.5211,73.8502,Pune,0.1348,OK,False,,,
2026-03-19 19:49:10,253.5,Safari Storme EX,86.0,2076.0,31.0,0.0,31.764705882352946,0.0,14.21,1.0,0,0,0.0,40.760700948003446,0.1166666666666666,Aggressive,25.0,Clear,Unknown (no API key),40.0,0.0,50.0,1013.0,10.0,50.0,Urban,69406,12,5.5,4.0,0.2,18.5211,73.8502,Pune,0.1348,OK,False,,,
2026-03-19 19:49:13,258.2,Safari Storme EX,86.0,923.5,27.0,0.0,11.764705882352942,0.0,14.078,1.0,0,0,0.0,41.04510198218903,0.1166666666666666,Aggressive,25.0,Clear,Unknown (no API key),40.0,0.0,50.0,1013.0,10.0,50.0,Urban,69406,12,5.5,4.0,0.2,18.5211,73.8502,Pune,0.1348,OK,False,,,
2026-03-19 19:49:16,261.5,Safari Storme EX,87.0,898.5,10.0,0.0,12.941176470588236,0.0,14.132,1.0,0,0,0.0,45.74317724791726,0.1166666666666666,Aggressive,25.0,Clear,Unknown (no API key),40.0,0.0,50.0,1013.0,10.0,50.0,Urban,69406,12,5.5,4.0,0.2,18.5211,73.8502,Pune,0.1348,OK,False,,,
2026-03-19 19:49:20,264.8,Safari Storme EX,87.0,1311.25,21.0,0.0,100.0,0.0,14.187,1.0,0,0,0.0,47.56104567652974,0.1166666666666666,Aggressive,25.0,Clear,Unknown (no API key),40.0,0.0,50.0,1013.0,10.0,50.0,Urban,69406,12,5.5,4.0,0.2,18.5211,73.8502,Pune,0.1348,OK,False,,,
2026-03-19 19:49:23,268.0,Safari Storme EX,87.0,2393.25,36.0,0.0,61.96078431372549,0.0,14.187,1.0,0,0,0.0,51.12783682849756,0.1166666666666666,Aggressive,25.0,Clear,Unknown (no API key),40.0,0.0,50.0,1013.0,10.0,50.0,Urban,69406,12,5.5,4.0,0.2,18.5211,73.8502,Pune,0.1348,OK,False,,,
2026-03-19 19:49:26,271.3,Safari Storme EX,87.0,1579.75,37.0,0.0,42.74509803921568,0.0,14.218,1.0,0,0,0.0,50.91180695202528,0.1166666666666666,Aggressive,25.0,Clear,Unknown (no API key),40.0,0.0,50.0,1013.0,10.0,50.0,Urban,69406,12,5.5,4.0,0.2,18.5211,73.8502,Pune,0.1348,OK,False,,,
2026-03-19 19:49:29,274.6,Safari Storme EX,88.0,1737.5,40.0,0.0,14.901960784313726,0.0,14.226,1.0,0,0,0.0,50.99798908359666,0.1,Aggressive,25.0,Clear,Unknown (no API key),40.0,0.0,50.0,1013.0,10.0,50.0,Urban,69406,12,5.5,4.0,0.2,18.5211,73.8502,Pune,0.1328,OK,False,,,
2026-03-19 19:49:33,277.8,Safari Storme EX,88.0,1683.75,39.0,0.0,9.803921568627452,0.0,14.226,1.0,0,0,0.0,51.0376328641195,0.0833333333333333,Aggressive,25.0,Clear,Unknown (no API key),40.0,0.0,50.0,1013.0,10.0,50.0,Urban,69406,12,5.5,4.0,0.2,18.5211,73.8502,Pune,0.1377,OK,False,,,
2026-03-19 19:49:36,281.1,Safari Storme EX,88.0,908.25,31.0,0.0,11.764705882352942,0.0,14.085,1.0,0,0,0.0,52.283251939097966,0.0666666666666666,Aggressive,25.0,Clear,Unknown (no API key),40.0,0.0,50.0,1013.0,10.0,50.0,Urban,69406,12,5.5,4.0,0.2,18.5211,73.8502,Pune,0.1373,OK,False,,,
2026-03-19 19:49:39,284.3,Safari Storme EX,89.0,898.5,13.0,0.0,95.68627450980392,0.0,14.171,1.0,0,0,0.0,57.20999712726229,0.05,Aggressive,25.0,Clear,Unknown (no API key),40.0,0.0,50.0,1013.0,10.0,50.0,Urban,69406,12,5.5,4.0,0.2,18.5211,73.8502,Pune,0.1302,OK,False,,,
2026-03-19 19:49:42,287.6,Safari Storme EX,89.0,1879.25,29.0,0.0,73.72549019607843,0.0,14.203,1.0,0,0,0.0,61.37661591496697,0.05,Aggressive,25.0,Clear,Unknown (no API key),40.0,0.0,50.0,1013.0,10.0,50.0,Urban,69406,12,5.5,4.0,0.2,18.5211,73.8502,Pune,0.1302,OK,False,,,
2026-03-19 19:49:46,290.8,Safari Storme EX,89.0,1524.25,34.0,0.0,96.8627450980392,0.0,14.195,1.0,0,0,0.0,61.70410801493824,0.05,Aggressive,25.0,Clear,Unknown (no API key),40.0,0.0,50.0,1013.0,10.0,50.0,Urban,69406,12,5.5,4.0,0.2,18.5211,73.8502,Pune,0.1302,OK,False,,,
2026-03-19 19:49:49,294.0,Safari Storme EX,90.0,1588.25,37.0,0.0,54.90196078431372,0.0,14.226,1.0,0,0,0.0,61.60413674231542,0.05,Aggressive,25.0,Clear,Unknown (no API key),40.0,0.0,50.0,1013.0,10.0,50.0,Urban,69406,12,5.5,4.0,0.2,18.5211,73.8502,Pune,0.1302,OK,False,,,
2026-03-19 19:49:52,297.3,Safari Storme EX,90.0,1690.0,39.0,0.0,5.882352941176471,0.0,14.242,1.0,0,0,0.0,61.60413674231542,0.05,Aggressive,25.0,Clear,Unknown (no API key),40.0,0.0,50.0,1013.0,10.0,50.0,Urban,69406,12,5.5,4.0,0.2,18.5211,73.8502,Pune,0.1302,OK,False,,,
2026-03-19 19:49:55,300.5,Safari Storme EX,90.0,907.5,35.0,0.0,11.764705882352942,0.0,14.109,1.0,0,0,0.0,61.74087905774204,0.05,Aggressive,25.0,Clear,Unknown (no API key),40.0,0.0,50.0,1013.0,10.0,50.0,Urban,69406,12,5.5,4.0,0.2,18.5211,73.8502,Pune,0.1302,OK,False,,,
2026-03-19 19:49:59,303.8,Safari Storme EX,90.0,900.75,22.0,0.0,12.941176470588236,0.0,14.078,1.0,0,0,0.0,64.47112898592358,0.05,Aggressive,25.0,Clear,Unknown (no API key),40.0,0.0,50.0,1013.0,10.0,50.0,Urban,69406,12,5.5,4.0,0.2,18.5211,73.8502,Pune,0.1302,OK,False,,,
2026-03-19 19:50:02,307.1,Safari Storme EX,91.0,949.75,9.0,0.0,100.0,0.0,14.109,1.0,0,0,0.0,67.31169204251651,0.0333333333333333,Aggressive,25.0,Clear,Unknown (no API key),40.0,0.0,50.0,1013.0,10.0,50.0,Urban,69406,12,5.5,4.0,0.2,18.5211,73.8502,Pune,0.1312,OK,False,,,
2026-03-19 19:50:05,310.4,Safari Storme EX,91.0,1556.5,23.0,0.0,54.90196078431372,0.0,14.148,1.0,0,0,0.0,70.3395575983913,0.0333333333333333,Aggressive,25.0,Clear,Unknown (no API key),40.0,0.0,50.0,1013.0,10.0,50.0,Urban,69406,12,5.5,4.0,0.2,18.5211,73.8502,Pune,0.1312,OK,False,,,
2026-03-19 19:50:10,313.6,Safari Storme EX,91.0,2000.5,32.0,0.0,0.0,0.0,14.234,1.0,0,0,0.0,71.06004021832808,0.0166666666666666,Aggressive,25.0,Clear,Unknown (no API key),40.0,0.0,50.0,1013.0,10.0,50.0,Urban,69406,12,5.5,4.0,0.2,18.5211,73.8502,Pune,0.105,OK,False,,,
2026-03-19 19:50:13,318.2,Safari Storme EX,91.0,898.25,21.0,0.0,12.941176470588236,0.0,14.093,1.0,0,0,0.0,72.99913817868426,0.0166666666666666,Aggressive,25.0,Clear,Unknown (no API key),40.0,0.0,50.0,1013.0,10.0,50.0,Urban,69406,12,5.5,4.0,0.2,18.5211,73.8502,Pune,0.105,OK,False,,,
2026-03-19 19:50:16,321.4,Safari Storme EX,91.0,893.0,10.0,0.0,40.0,0.0,14.085,1.0,0,0,0.0,74.8089629416834,0.0166666666666666,Aggressive,25.0,Clear,Unknown (no API key),40.0,0.0,50.0,1013.0,10.0,50.0,Urban,69406,12,5.5,4.0,0.2,18.5211,73.8502,Pune,0.105,OK,False,,,
2026-03-19 19:50:20,324.6,Safari Storme EX,91.0,1290.5,21.0,0.0,98.82352941176472,0.0,14.179,1.0,0,0,0.0,76.61878770468257,0.0166666666666666,Aggressive,25.0,Clear,Unknown (no API key),40.0,0.0,50.0,1013.0,10.0,50.0,Urban,69406,12,5.5,4.0,0.2,18.5211,73.8502,Pune,0.105,OK,False,,,
2026-03-19 19:50:23,327.9,Safari Storme EX,91.0,1921.75,31.0,0.0,0.0,0.0,14.132,1.0,0,0,0.0,77.97816719333528,0.0166666666666666,Aggressive,25.0,Clear,Unknown (no API key),40.0,0.0,50.0,1013.0,10.0,50.0,Urban,69406,12,5.5,4.0,0.2,18.5211,73.8502,Pune,0.105,OK,False,,,
2026-03-19 19:50:26,331.2,Safari Storme EX,91.0,901.0,27.0,0.0,12.941176470588236,0.0,14.046,1.0,0,0,0.0,78.27808101120368,0.0,Aggressive,25.0,Clear,Unknown (no API key),40.0,0.0,50.0,1013.0,10.0,50.0,Urban,69406,12,5.5,4.0,0.2,18.5211,73.8502,Pune,0.1032,OK,False,,,
2026-03-19 19:50:29,334.4,Safari Storme EX,91.0,900.5,22.0,0.0,13.72549019607843,0.0,14.085,1.0,0,0,0.0,77.75524274633727,0.0,Aggressive,25.0,Clear,Unknown (no API key),40.0,0.0,50.0,1013.0,10.0,50.0,Urban,69406,12,5.5,4.0,0.2,18.5211,73.8502,Pune,0.1032,OK,False,,,
2026-03-19 19:50:33,337.7,Safari Storme EX,91.0,908.75,14.0,0.0,10.980392156862743,0.0,14.242,1.0,0,0,0.0,77.17609882217752,0.0,Aggressive,25.0,Clear,Unknown (no API key),40.0,0.0,50.0,1013.0,10.0,50.0,Urban,69406,12,5.5,4.0,0.2,18.5211,73.8502,Pune,0.1032,OK,False,,,
2026-03-19 19:50:36,341.0,Safari Storme EX,91.0,899.5,6.0,0.0,11.764705882352942,0.0,14.242,1.0,0,0,0.0,77.9069232979029,0.0,Aggressive,25.0,Clear,Unknown (no API key),40.0,0.0,50.0,1013.0,10.0,50.0,Urban,69406,12,5.5,4.0,0.2,18.5211,73.8502,Pune,0.1032,OK,False,,,
2026-03-19 19:50:39,344.2,Safari Storme EX,91.0,898.5,3.0,0.0,10.980392156862743,0.0,14.179,1.0,0,0,0.0,77.26572823901176,0.0,Aggressive,25.0,Clear,Unknown (no API key),40.0,0.0,50.0,1013.0,10.0,50.0,Urban,69406,12,5.5,4.0,0.2,18.5211,73.8502,Pune,0.1032,OK,False,,,
2026-03-19 19:50:42,347.5,Safari Storme EX,91.0,898.25,2.0,0.0,11.764705882352942,0.0,14.265,1.0,0,0,0.0,77.03303648376904,0.0,Aggressive,25.0,Clear,Unknown (no API key),40.0,0.0,50.0,1013.0,10.0,50.0,Urban,69406,12,5.5,4.0,0.2,18.5211,73.8502,Pune,0.1032,OK,False,,,
2026-03-19 19:50:46,350.7,Safari Storme EX,91.0,889.5,0.0,0.0,14.901960784313726,0.0,14.25,1.0,0,0,0.0,75.9241597242172,0.0166666666666666,Aggressive,25.0,Clear,Unknown (no API key),40.0,0.0,50.0,1013.0,10.0,50.0,Urban,69406,12,5.5,4.0,0.2,18.5211,73.8502,Pune,0.105,OK,False,,,
2026-03-19 19:50:49,353.9,Safari Storme EX,91.0,840.0,0.0,0.0,100.0,0.0,14.218,1.0,0,0,0.0,75.91898879632289,0.0333333333333333,Aggressive,25.0,Clear,Unknown (no API key),40.0,0.0,50.0,1013.0,10.0,50.0,Urban,69406,12,5.5,4.0,0.2,18.5211,73.8502,Pune,0.1312,OK,False,,,
2026-03-19 19:50:52,357.2,Safari Storme EX,91.0,2422.5,0.0,0.0,86.66666666666667,0.0,14.078,1.0,0,0,0.0,75.72938810686581,0.05,Aggressive,25.0,Clear,Unknown (no API key),40.0,0.0,50.0,1013.0,10.0,50.0,Urban,69406,12,5.5,4.0,0.2,18.5211,73.8502,Pune,0.1221,OK,False,,,
2026-03-19 19:50:55,360.4,Safari Storme EX,91.0,1758.0,0.0,0.0,30.980392156862745,0.0,14.242,1.0,0,0,0.0,74.21430623384087,0.0666666666666666,Aggressive,25.0,Clear,Unknown (no API key),40.0,0.0,50.0,1013.0,10.0,50.0,Urban,69406,12,5.5,4.0,0.2,18.5211,73.8502,Pune,0.1288,OK,False,,,
2026-03-19 19:50:59,363.7,Safari Storme EX,91.0,2043.75,0.0,0.0,35.68627450980392,0.0,14.242,1.0,0,0,0.0,70.61189313415684,0.0833333333333333,Aggressive,25.0,Clear,Unknown (no API key),40.0,0.0,50.0,1013.0,10.0,50.0,Urban,69406,12,5.5,4.0,0.2,18.5211,73.8502,Pune,0.1292,OK,False,,,
2026-03-19 19:51:02,366.8,Safari Storme EX,91.0,2450.75,0.0,0.0,42.74509803921568,0.0,14.226,1.0,0,0,0.0,69.12783682849756,0.1,Aggressive,25.0,Clear,Unknown (no API key),40.0,0.0,50.0,1013.0,10.0,50.0,Urban,69406,12,5.5,4.0,0.2,18.5211,73.8502,Pune,0.1245,OK,False,,,
2026-03-19 19:51:05,370.1,Safari Storme EX,90.0,3189.25,0.0,0.0,45.88235294117647,0.0,14.226,1.0,0,0,0.0,68.79230106291298,0.1166666666666666,Aggressive,25.0,Clear,Unknown (no API key),40.0,0.0,50.0,1013.0,10.0,50.0,Urban,69406,12,5.5,4.0,0.2,18.5211,73.8502,Pune,0.1324,OK,False,,,
2026-03-19 19:51:08,373.4,Safari Storme EX,90.0,3049.5,0.0,0.0,0.0,0.0,14.289,1.0,0,0,0.0,64.65555874748635,0.1333333333333333,Aggressive,25.0,Clear,Unknown (no API key),40.0,0.0,50.0,1013.0,10.0,50.0,Urban,69406,12,5.5,4.0,0.2,18.5211,73.8502,Pune,0.133,OK,False,,,
2026-03-19 19:51:13,376.6,Safari Storme EX,90.0,951.25,0.0,0.0,10.980392156862743,0.0,14.289,1.0,0,0,0.0,63.98678540649237,0.15,Aggressive,25.0,Clear,Unknown (no API key),40.0,0.0,50.0,1013.0,10.0,50.0,Urban,69406,12,5.5,4.0,0.2,18.5211,73.8502,Pune,0.1259,OK,False,,,
2026-03-19 19:51:16,381.2,Safari Storme EX,89.0,846.5,0.0,0.0,29.80392156862745,0.0,14.125,1.0,0,0,0.0,62.69405343292158,0.1666666666666666,Aggressive,25.0,Clear,Unknown (no API key),40.0,0.0,50.0,1013.0,10.0,50.0,Urban,69406,12,5.5,4.0,0.2,18.5211,73.8502,Pune,0.1346,OK,False,,,
2026-03-19 19:51:19,384.5,Safari Storme EX,89.0,919.75,0.0,0.0,18.823529411764707,0.0,14.085,1.0,0,0,0.0,62.6831370295892,0.1833333333333333,Aggressive,25.0,Clear,Unknown (no API key),40.0,0.0,50.0,1013.0,10.0,50.0,Urban,69406,12,5.5,4.0,0.2,18.5211,73.8502,Pune,0.1415,OK,False,,,
2026-03-19 19:51:23,387.7,Safari Storme EX,89.0,1105.0,6.0,0.0,62.74509803921568,0.0,14.21,1.0,0,0,0.0,63.05084745762712,0.1833333333333333,Aggressive,25.0,Clear,Unknown (no API key),40.0,0.0,50.0,1013.0,10.0,50.0,Urban,69406,12,5.5,4.0,0.2,18.5211,73.8502,Pune,0.1415,OK,False,,,
2026-03-19 19:51:26,391.0,Safari Storme EX,89.0,2379.75,21.0,0.0,0.0,0.0,14.234,1.0,0,0,0.0,66.79115196782534,0.1833333333333333,Aggressive,25.0,Clear,Unknown (no API key),40.0,0.0,50.0,1013.0,10.0,50.0,Urban,69406,12,5.5,4.0,0.2,18.5211,73.8502,Pune,0.1415,OK,False,,,
2026-03-19 19:51:29,394.2,Safari Storme EX,89.0,913.5,15.0,0.0,12.941176470588236,0.0,14.085,1.0,0,0,0.0,64.1252513645504,0.1833333333333333,Aggressive,25.0,Clear,Unknown (no API key),40.0,0.0,50.0,1013.0,10.0,50.0,Urban,69406,12,5.5,4.0,0.2,18.5211,73.8502,Pune,0.1415,OK,False,,,
2026-03-19 19:51:32,397.4,Safari Storme EX,89.0,1143.25,12.0,0.0,32.94117647058823,0.0,13.984,1.0,0,0,0.0,64.18557885665038,0.1833333333333333,Aggressive,25.0,Clear,Unknown (no API key),40.0,0.0,50.0,1013.0,10.0,50.0,Urban,69406,12,5.5,4.0,0.2,18.5211,73.8502,Pune,0.1415,OK,False,,,
2026-03-19 19:51:36,400.7,Safari Storme EX,89.0,908.0,11.0,0.0,12.941176470588236,0.0,14.039,1.0,0,0,0.0,64.14076414823326,0.1833333333333333,Aggressive,25.0,Clear,Unknown (no API key),40.0,0.0,50.0,1013.0,10.0,50.0,Urban,69406,12,5.5,4.0,0.2,18.5211,73.8502,Pune,0.1415,OK,False,,,
2026-03-19 19:51:39,403.9,Safari Storme EX,89.0,1048.75,8.0,0.0,56.86274509803921,0.0,14.117,1.0,0,0,0.0,64.02757828210284,0.1833333333333333,Aggressive,25.0,Clear,Unknown (no API key),40.0,0.0,50.0,1013.0,10.0,50.0,Urban,69406,12,5.5,4.0,0.2,18.5211,73.8502,Pune,0.1415,OK,False,,,
2026-03-19 19:51:42,407.1,Safari Storme EX,90.0,962.0,14.0,0.0,27.84313725490196,0.0,14.21,1.0,0,0,0.0,63.8259120942258,0.1833333333333333,Aggressive,25.0,Clear,Unknown (no API key),40.0,0.0,50.0,1013.0,10.0,50.0,Urban,69406,12,5.5,4.0,0.2,18.5211,73.8502,Pune,0.1415,OK,False,,,
2026-03-19 19:51:45,410.4,Safari Storme EX,90.0,966.0,13.0,0.0,18.823529411764707,0.0,14.218,1.0,0,0,0.0,63.68457339844873,0.1833333333333333,Aggressive,25.0,Clear,Unknown (no API key),40.0,0.0,50.0,1013.0,10.0,50.0,Urban,69406,12,5.5,4.0,0.2,18.5211,73.8502,Pune,0.1415,OK,False,,,
2026-03-19 19:51:48,413.6,Safari Storme EX,90.0,910.0,13.0,0.0,9.803921568627452,0.0,14.14,1.0,0,0,0.0,63.39500143636887,0.1833333333333333,Aggressive,25.0,Clear,Unknown (no API key),40.0,0.0,50.0,1013.0,10.0,50.0,Urban,69406,12,5.5,4.0,0.2,18.5211,73.8502,Pune,0.1415,OK,False,,,
2026-03-19 19:51:52,416.9,Safari Storme EX,90.0,1051.75,17.0,0.0,80.0,0.0,14.132,1.0,0,0,0.0,62.59982763573687,0.1833333333333333,Aggressive,25.0,Clear,Unknown (no API key),40.0,0.0,50.0,1013.0,10.0,50.0,Urban,69406,12,5.5,4.0,0.2,18.5211,73.8502,Pune,0.1415,OK,False,,,
2026-03-19 19:51:55,420.1,Safari Storme EX,90.0,1879.5,28.0,0.0,33.72549019607843,0.0,14.203,1.0,0,0,0.0,63.5530020109164,0.1833333333333333,Aggressive,25.0,Clear,Unknown (no API key),40.0,0.0,50.0,1013.0,10.0,50.0,Urban,69406,12,5.5,4.0,0.2,18.5211,73.8502,Pune,0.1415,OK,False,,,
2026-03-19 19:51:58,423.3,Safari Storme EX,90.0,1387.0,30.0,0.0,2.7450980392156863,0.0,14.125,1.0,0,0,0.0,61.59322033898305,0.1833333333333333,Aggressive,25.0,Clear,Unknown (no API key),40.0,0.0,50.0,1013.0,10.0,50.0,Urban,69406,12,5.5,4.0,0.2,18.5211,73.8502,Pune,0.1415,OK,False,,,
2026-03-19 19:52:01,426.5,Safari Storme EX,91.0,901.5,22.0,0.0,12.941176470588236,0.0,14.085,1.0,0,0,0.0,62.59982763573685,0.1833333333333333,Aggressive,25.0,Clear,Unknown (no API key),40.0,0.0,50.0,1013.0,10.0,50.0,Urban,69406,12,5.5,4.0,0.2,18.5211,73.8502,Pune,0.137,OK,False,,,
2026-03-19 19:52:05,429.7,Safari Storme EX,91.0,851.5,12.0,0.0,82.74509803921569,0.0,14.171,1.0,0,0,0.0,64.1809824762999,0.1833333333333333,Aggressive,25.0,Clear,Unknown (no API key),40.0,0.0,50.0,1013.0,10.0,50.0,Urban,69406,12,5.5,4.0,0.2,18.5211,73.8502,Pune,0.137,OK,False,,,
2026-03-19 19:52:08,433.0,Safari Storme EX,91.0,1676.0,26.0,0.0,52.94117647058823,0.0,14.179,1.0,0,0,0.0,67.28353921286987,0.1833333333333333,Aggressive,25.0,Clear,Unknown (no API key),40.0,0.0,50.0,1013.0,10.0,50.0,Urban,69406,12,5.5,4.0,0.2,18.5211,73.8502,Pune,0.137,OK,False,,,
2026-03-19 19:52:11,436.2,Safari Storme EX,91.0,1750.0,31.0,0.0,0.0,0.0,14.218,1.0,0,0,0.0,62.7204826199368,0.1833333333333333,Aggressive,25.0,Clear,Unknown (no API key),40.0,0.0,50.0,1013.0,10.0,50.0,Urban,69406,12,5.5,4.0,0.2,18.5211,73.8502,Pune,0.137,OK,False,,,
2026-03-19 19:52:16,439.5,Safari Storme EX,91.0,902.25,22.0,0.0,12.941176470588236,0.0,14.093,1.0,0,0,0.0,63.354783108302215,0.1833333333333333,Aggressive,25.0,Clear,Unknown (no API key),40.0,0.0,50.0,1013.0,10.0,50.0,Urban,69406,12,5.5,4.0,0.2,18.5211,73.8502,Pune,0.137,OK,False,,,
2026-03-19 19:52:19,444.1,Safari Storme EX,91.0,1357.0,21.0,0.0,70.98039215686275,0.0,14.195,1.0,0,0,0.0,60.89744326343005,0.1833333333333333,Aggressive,25.0,Clear,Unknown (no API key),40.0,0.0,50.0,1013.0,10.0,50.0,Urban,69406,12,5.5,4.0,0.2,18.5211,73.8502,Pune,0.137,OK,False,,,
2026-03-19 19:52:22,447.3,Safari Storme EX,92.0,2119.75,30.0,0.0,0.0,0.0,14.234,1.0,0,0,0.0,62.15225509910945,0.1833333333333333,Aggressive,25.0,Clear,Unknown (no API key),40.0,0.0,50.0,1013.0,10.0,50.0,Urban,69406,12,5.5,4.0,0.2,18.5211,73.8502,Pune,0.137,OK,False,,,
2026-03-19 19:52:25,450.6,Safari Storme EX,92.0,915.5,17.0,0.0,12.941176470588236,0.0,14.093,1.0,0,0,0.0,64.89284688307957,0.1833333333333333,Aggressive,25.0,Clear,Unknown (no API key),40.0,0.0,50.0,1013.0,10.0,50.0,Urban,69406,12,5.5,4.0,0.2,18.5211,73.8502,Pune,0.137,OK,False,,,
2026-03-19 19:52:29,453.8,Safari Storme EX,92.0,1061.0,15.0,0.0,84.70588235294117,0.0,14.164,1.0,0,0,0.0,64.70439528871015,0.1833333333333333,Aggressive,25.0,Clear,Unknown (no API key),40.0,0.0,50.0,1013.0,10.0,50.0,Urban,69406,12,5.5,4.0,0.2,18.5211,73.8502,Pune,0.137,OK,False,,,
2026-03-19 19:52:32,457.1,Safari Storme EX,92.0,1984.25,30.0,0.0,30.980392156862745,0.0,14.203,1.0,0,0,0.0,63.5461074403907,0.1833333333333333,Aggressive,25.0,Clear,Unknown (no API key),40.0,0.0,50.0,1013.0,10.0,50.0,Urban,69406,12,5.5,4.0,0.2,18.5211,73.8502,Pune,0.137,OK,False,,,
2026-03-19 19:52:35,460.3,Safari Storme EX,92.0,2046.75,34.0,0.0,0.0,0.0,14.195,1.0,0,0,0.0,61.8328066647515,0.1833333333333333,Aggressive,25.0,Clear,Unknown (no API key),40.0,0.0,50.0,1013.0,10.0,50.0,Urban,69406,12,5.5,4.0,0.2,18.5211,73.8502,Pune,0.137,OK,False,,,
2026-03-19 19:52:39,463.6,Safari Storme EX,92.0,906.0,27.0,0.0,12.941176470588236,0.0,14.101,1.0,0,0,0.0,58.87503590922149,0.1833333333333333,Aggressive,25.0,Clear,Unknown (no API key),40.0,0.0,50.0,1013.0,10.0,50.0,Urban,69406,12,5.5,4.0,0.2,18.5211,73.8502,Pune,0.137,OK,False,,,
2026-03-19 19:52:42,466.9,Safari Storme EX,92.0,900.25,20.0,0.0,12.941176470588236,0.0,14.093,1.0,0,0,0.0,59.62884228669922,0.1833333333333333,Aggressive,25.0,Clear,Unknown (no API key),40.0,0.0,50.0,1013.0,10.0,50.0,Urban,69406,12,5.5,4.0,0.2,18.5211,73.8502,Pune,0.137,OK,False,,,
2026-03-19 19:52:45,470.0,Safari Storme EX,92.0,900.0,11.0,0.0,17.647058823529413,0.0,13.945,1.0,0,0,0.0,60.69060614765871,0.1833333333333333,Aggressive,25.0,Clear,Unknown (no API key),40.0,0.0,50.0,1013.0,10.0,50.0,Urban,69406,12,5.5,4.0,0.2,18.5211,73.8502,Pune,0.137,OK,False,,,
2026-03-19 19:52:48,473.3,Safari Storme EX,92.0,1447.25,22.0,0.0,52.94117647058823,0.0,14.195,1.0,0,0,0.0,62.88307957483482,0.1833333333333333,Aggressive,25.0,Clear,Unknown (no API key),40.0,0.0,50.0,1013.0,10.0,50.0,Urban,69406,12,5.5,4.0,0.2,18.5211,73.8502,Pune,0.137,OK,False,,,
2026-03-19 19:52:51,476.6,Safari Storme EX,92.0,1020.25,24.0,0.0,12.941176470588236,0.0,14.125,1.0,0,0,0.0,61.93507612754956,0.1833333333333333,Aggressive,25.0,Clear,Unknown (no API key),40.0,0.0,50.0,1013.0,10.0,50.0,Urban,69406,12,5.5,4.0,0.2,18.5211,73.8502,Pune,0.137,OK,False,,,
2026-03-19 19:52:55,479.8,Safari Storme EX,92.0,900.25,13.0,0.0,11.764705882352942,0.0,14.007,1.0,0,0,0.0,58.50847457627118,0.1833333333333333,Aggressive,25.0,Clear,Unknown (no API key),40.0,0.0,50.0,1013.0,10.0,50.0,Urban,69406,12,5.5,4.0,0.2,18.5211,73.8502,Pune,0.137,OK,False,,,
2026-03-19 19:52:58,483.1,Safari Storme EX,92.0,888.25,9.0,0.0,28.62745098039216,0.0,14.062,1.0,0,0,0.0,54.32576845733984,0.1833333333333333,Aggressive,25.0,Clear,Unknown (no API key),40.0,0.0,50.0,1013.0,10.0,50.0,Urban,69406,12,5.5,4.0,0.2,18.5211,73.8502,Pune,0.137,OK,False,,,
2026-03-19 19:53:01,486.3,Safari Storme EX,92.0,909.0,10.0,0.0,13.72549019607843,0.0,14.078,1.0,0,0,0.0,53.86842861246769,0.1833333333333333,Aggressive,25.0,Clear,Unknown (no API key),40.0,0.0,50.0,1013.0,10.0,50.0,Urban,69406,12,5.5,4.0,0.2,18.5211,73.8502,Pune,0.137,OK,False,,,
2026-03-19 19:53:04,489.5,Safari Storme EX,92.0,1141.75,6.0,0.0,29.80392156862745,0.0,14.125,1.0,0,0,0.0,53.876472278081,0.1833333333333333,Aggressive,25.0,Clear,Unknown (no API key),40.0,0.0,50.0,1013.0,10.0,50.0,Urban,69406,12,5.5,4.0,0.2,18.5211,73.8502,Pune,0.137,OK,False,,,
2026-03-19 19:53:08,492.8,Safari Storme EX,92.0,1141.75,15.0,0.0,71.76470588235294,0.0,14.187,1.0,0,0,0.0,55.292157426027,0.1833333333333333,Aggressive,25.0,Clear,Unknown (no API key),40.0,0.0,50.0,1013.0,10.0,50.0,Urban,69406,12,5.5,4.0,0.2,18.5211,73.8502,Pune,0.137,OK,False,,,
2026-03-19 19:53:11,496.0,Safari Storme EX,92.0,1657.75,24.0,0.0,44.70588235294117,0.0,14.203,1.0,0,0,0.0,56.52456190749786,0.1833333333333333,Aggressive,25.0,Clear,Unknown (no API key),40.0,0.0,50.0,1013.0,10.0,50.0,Urban,69406,12,5.5,4.0,0.2,18.5211,73.8502,Pune,0.137,OK,False,,,
2026-03-19 19:53:14,499.3,Safari Storme EX,92.0,1847.5,27.0,0.0,25.88235294117647,0.0,14.171,1.0,0,0,0.0,53.840275782821024,0.1833333333333333,Aggressive,25.0,Clear,Unknown (no API key),40.0,0.0,50.0,1013.0,10.0,50.0,Urban,69406,12,5.5,4.0,0.2,18.5211,73.8502,Pune,0.137,OK,False,,,
2026-03-19 19:53:19,502.6,Safari Storme EX,92.0,1881.25,28.0,0.0,52.94117647058823,0.0,14.203,1.0,0,0,0.0,50.89629416834242,0.1833333333333333,Aggressive,25.0,Clear,Unknown (no API key),40.0,0.0,50.0,1013.0,10.0,50.0,Urban,69406,12,5.5,4.0,0.2,18.5211,73.8502,Pune,0.137,OK,False,,,
2026-03-19 19:53:22,507.2,Safari Storme EX,92.0,930.75,28.0,0.0,11.764705882352942,0.0,14.07,1.0,0,0,0.0,47.670784257397294,0.1833333333333333,Aggressive,25.0,Clear,Unknown (no API key),40.0,0.0,50.0,1013.0,10.0,50.0,Urban,69406,12,5.5,4.0,0.2,18.5211,73.8502,Pune,0.137,OK,False,,,
2026-03-19 19:53:25,510.5,Safari Storme EX,92.0,899.25,24.0,0.0,12.941176470588236,0.0,14.07,1.0,0,0,0.0,46.557885665038775,0.1833333333333333,Aggressive,25.0,Clear,Unknown (no API key),40.0,0.0,50.0,1013.0,10.0,50.0,Urban,69406,12,5.5,4.0,0.2,18.5211,73.8502,Pune,0.137,OK,False,,,
2026-03-19 19:53:29,513.7,Safari Storme EX,92.0,900.0,19.0,0.0,12.941176470588236,0.0,14.062,1.0,0,0,0.0,44.94800344728527,0.1833333333333333,Aggressive,25.0,Clear,Unknown (no API key),40.0,0.0,50.0,1013.0,10.0,50.0,Urban,69406,12,5.5,4.0,0.2,18.5211,73.8502,Pune,0.137,OK,False,,,
2026-03-19 19:53:32,517.0,Safari Storme EX,92.0,898.75,13.0,0.0,12.941176470588236,0.0,14.054,1.0,0,0,0.0,43.50588911232404,0.1833333333333333,Aggressive,25.0,Clear,Unknown (no API key),40.0,0.0,50.0,1013.0,10.0,50.0,Urban,69406,12,5.5,4.0,0.2,18.5211,73.8502,Pune,0.137,OK,False,,,
2026-03-19 19:53:35,520.3,Safari Storme EX,92.0,900.25,7.0,0.0,40.78431372549019,0.0,14.046,1.0,0,0,0.0,42.01149095087618,0.1833333333333333,Aggressive,25.0,Clear,Unknown (no API key),40.0,0.0,50.0,1013.0,10.0,50.0,Urban,69406,12,5.5,4.0,0.2,18.5211,73.8502,Pune,0.137,OK,False,,,
2026-03-19 19:53:38,523.5,Safari Storme EX,92.0,834.75,11.0,0.0,53.72549019607843,0.0,14.093,1.0,0,0,0.0,40.529158287848325,0.1833333333333333,Aggressive,25.0,Clear,Unknown (no API key),40.0,0.0,50.0,1013.0,10.0,50.0,Urban,69406,12,5.5,4.0,0.2,18.5211,73.8502,Pune,0.137,OK,False,,,
2026-03-19 19:53:42,526.7,Safari Storme EX,92.0,1410.5,21.0,0.0,43.92156862745098,0.0,14.187,1.0,0,0,0.0,42.05745475438092,0.1833333333333333,Aggressive,25.0,Clear,Unknown (no API key),40.0,0.0,50.0,1013.0,10.0,50.0,Urban,69406,12,5.5,4.0,0.2,18.5211,73.8502,Pune,0.137,OK,False,,,
2026-03-19 19:53:45,530.0,Safari Storme EX,92.0,951.0,23.0,0.0,10.980392156862743,0.0,14.093,1.0,0,0,0.0,41.71157713300776,0.1833333333333333,Aggressive,25.0,Clear,Unknown (no API key),40.0,0.0,50.0,1013.0,10.0,50.0,Urban,69406,12,5.5,4.0,0.2,18.5211,73.8502,Pune,0.137,OK,False,,,
2026-03-19 19:53:48,533.2,Safari Storme EX,92.0,898.75,22.0,0.0,12.941176470588236,0.0,14.054,1.0,0,0,0.0,40.62568227520827,0.1833333333333333,Aggressive,25.0,Clear,Unknown (no API key),40.0,0.0,50.0,1013.0,10.0,50.0,Urban,69406,12,5.5,4.0,0.2,18.5211,73.8502,Pune,0.137,OK,False,,,
2026-03-19 19:53:51,536.5,Safari Storme EX,92.0,899.5,16.0,0.0,12.941176470588236,0.0,14.109,1.0,0,0,0.0,40.14076414823327,0.1833333333333333,Aggressive,25.0,Clear,Unknown (no API key),40.0,0.0,50.0,1013.0,10.0,50.0,Urban,69406,12,5.5,4.0,0.2,18.5211,73.8502,Pune,0.137,OK,False,,,
2026-03-19 19:53:55,539.7,Safari Storme EX,92.0,1270.75,19.0,0.0,42.74509803921568,0.0,14.179,1.0,0,0,0.0,40.09594943981615,0.1833333333333333,Aggressive,25.0,Clear,Unknown (no API key),40.0,0.0,50.0,1013.0,10.0,50.0,Urban,69406,12,5.5,4.0,0.2,18.5211,73.8502,Pune,0.137,OK,False,,,
2026-03-19 19:53:58,543.0,Safari Storme EX,92.0,1874.0,28.0,0.0,21.96078431372549,0.0,14.187,1.0,0,0,0.0,41.33122665900603,0.1833333333333333,Aggressive,25.0,Clear,Unknown (no API key),40.0,0.0,50.0,1013.0,10.0,50.0,Urban,69406,12,5.5,4.0,0.2,18.5211,73.8502,Pune,0.137,OK,False,,,
2026-03-19 19:54:01,546.2,Safari Storme EX,92.0,918.5,15.0,0.0,11.764705882352942,0.0,14.046,1.0,0,0,0.0,44.25739729962654,0.1833333333333333,Aggressive,25.0,Clear,Unknown (no API key),40.0,0.0,50.0,1013.0,10.0,50.0,Urban,69406,12,5.5,4.0,0.2,18.5211,73.8502,Pune,0.137,OK,False,,,
2026-03-19 19:54:04,549.5,Safari Storme EX,92.0,1016.75,9.0,0.0,75.68627450980392,0.0,14.109,1.0,0,0,0.0,44.90893421430623,0.1666666666666666,Aggressive,25.0,Clear,Unknown (no API key),40.0,0.0,50.0,1013.0,10.0,50.0,Urban,69406,12,5.5,4.0,0.2,18.5211,73.8502,Pune,0.1303,OK,False,,,
2026-03-19 19:54:08,552.8,Safari Storme EX,92.0,1656.75,26.0,0.0,57.64705882352941,0.0,14.132,1.0,0,0,0.0,49.63631140476874,0.15,Aggressive,25.0,Clear,Unknown (no API key),40.0,0.0,50.0,1013.0,10.0,50.0,Urban,69406,12,5.5,4.0,0.2,18.5211,73.8502,Pune,0.1218,OK,False,,,
2026-03-19 19:54:11,556.0,Safari Storme EX,92.0,1452.75,30.0,0.0,0.0,0.0,14.093,1.0,0,0,0.0,49.84314852054007,0.1333333333333333,Aggressive,25.0,Clear,Unknown (no API key),40.0,0.0,50.0,1013.0,10.0,50.0,Urban,69406,12,5.5,4.0,0.2,18.5211,73.8502,Pune,0.1287,OK,False,,,
2026-03-19 19:54:14,559.2,Safari Storme EX,92.0,902.25,29.0,0.0,11.764705882352942,0.0,14.054,1.0,0,0,0.0,49.87704682562481,0.1166666666666666,Aggressive,25.0,Clear,Unknown (no API key),40.0,0.0,50.0,1013.0,10.0,50.0,Urban,69406,12,5.5,4.0,0.2,18.5211,73.8502,Pune,0.1281,OK,False,,,
2026-03-19 19:54:17,562.4,Safari Storme EX,92.0,900.5,17.0,0.0,13.72549019607843,0.0,14.093,1.0,0,0,0.0,52.47629991381786,0.1,Aggressive,25.0,Clear,Unknown (no API key),40.0,0.0,50.0,1013.0,10.0,50.0,Urban,69406,12,5.5,4.0,0.2,18.5211,73.8502,Pune,0.1245,OK,False,,,
2026-03-19 19:54:22,565.7,Safari Storme EX,92.0,1324.25,19.0,0.0,37.64705882352941,0.0,14.179,1.0,0,0,0.0,52.52341281241024,0.0833333333333333,Aggressive,25.0,Clear,Unknown (no API key),40.0,0.0,50.0,1013.0,10.0,50.0,Urban,69406,12,5.5,4.0,0.2,18.5211,73.8502,Pune,0.1292,OK,False,,,
2026-03-19 19:54:26,570.7,Safari Storme EX,92.0,1013.25,22.0,0.0,13.72549019607843,0.0,14.109,1.0,0,0,0.0,52.64062051134731,0.0666666666666666,Aggressive,25.0,Clear,Unknown (no API key),40.0,0.0,50.0,1013.0,10.0,50.0,Urban,69406,12,5.5,4.0,0.2,18.5211,73.8502,Pune,0.1288,OK,False,,,
2026-03-19 19:54:29,573.9,Safari Storme EX,92.0,897.5,13.0,0.0,12.941176470588236,0.0,14.101,1.0,0,0,0.0,54.10399310542949,0.05,Aggressive,25.0,Clear,Unknown (no API key),40.0,0.0,50.0,1013.0,10.0,50.0,Urban,69406,12,5.5,4.0,0.2,18.5211,73.8502,Pune,0.1221,OK,False,,,
2026-03-19 19:54:32,577.2,Safari Storme EX,92.0,960.0,13.0,0.0,7.84313725490196,0.0,14.179,1.0,0,0,0.0,54.103993105429474,0.0333333333333333,Aggressive,25.0,Clear,Unknown (no API key),40.0,0.0,50.0,1013.0,10.0,50.0,Urban,69406,12,5.5,4.0,0.2,18.5211,73.8502,Pune,0.1312,OK,False,,,
2026-03-19 19:54:35,580.5,Safari Storme EX,92.0,999.75,15.0,0.0,56.86274509803921,0.0,14.164,1.0,0,0,0.0,54.15570238437231,0.0166666666666666,Aggressive,25.0,Clear,Unknown (no API key),40.0,0.0,50.0,1013.0,10.0,50.0,Urban,69406,12,5.5,4.0,0.2,18.5211,73.8502,Pune,0.105,OK,False,,,
2026-03-19 19:54:39,583.7,Safari Storme EX,92.0,1264.5,18.0,0.0,6.666666666666667,0.0,14.101,1.0,0,0,0.0,53.72134444125251,0.0,Aggressive,25.0,Clear,Unknown (no API key),40.0,0.0,50.0,1013.0,10.0,50.0,Urban,69406,12,5.5,4.0,0.2,18.5211,73.8502,Pune,0.1032,OK,False,,,
2026-03-19 19:54:42,587.0,Safari Storme EX,92.0,1198.0,18.0,0.0,68.62745098039215,0.0,14.171,1.0,0,0,0.0,49.946567078425744,0.0,Aggressive,25.0,Clear,Unknown (no API key),40.0,0.0,50.0,1013.0,10.0,50.0,Urban,69406,12,5.5,4.0,0.2,18.5211,73.8502,Pune,0.1032,OK,False,,,
2026-03-19 19:54:45,590.2,Safari Storme EX,92.0,1945.5,28.0,0.0,16.862745098039216,0.0,14.171,1.0,0,0,0.0,50.98534903763287,0.0,Aggressive,25.0,Clear,Unknown (no API key),40.0,0.0,50.0,1013.0,10.0,50.0,Urban,69406,12,5.5,4.0,0.2,18.5211,73.8502,Pune,0.1032,OK,False,,,
2026-03-19 19:54:48,593.4,Safari Storme EX,92.0,1652.5,27.0,0.0,0.0,0.0,14.046,1.0,0,0,0.0,50.833668486067225,0.0,Aggressive,25.0,Clear,Unknown (no API key),40.0,0.0,50.0,1013.0,10.0,50.0,Urban,69406,12,5.5,4.0,0.2,18.5211,73.8502,Pune,0.1032,OK,False,,,
2026-03-19 19:54:52,596.6,Safari Storme EX,92.0,902.25,15.0,0.0,44.70588235294117,0.0,14.093,1.0,0,0,0.0,53.3174375179546,0.0,Aggressive,25.0,Clear,Unknown (no API key),40.0,0.0,50.0,1013.0,10.0,50.0,Urban,69406,12,5.5,4.0,0.2,18.5211,73.8502,Pune,0.1032,OK,False,,,
2026-03-19 19:54:55,599.9,Safari Storme EX,92.0,925.0,13.0,0.0,13.72549019607843,0.0,14.07,1.0,0,0,0.0,53.2301062912956,0.0,Aggressive,25.0,Clear,Unknown (no API key),40.0,0.0,50.0,1013.0,10.0,50.0,Urban,69406,12,5.5,4.0,0.2,18.5211,73.8502,Pune,0.1032,OK,False,,,
2026-03-19 19:54:58,603.1,Safari Storme EX,92.0,990.0,15.0,0.0,98.82352941176472,0.0,14.156,1.0,0,0,0.0,52.69462798046538,0.0,Aggressive,25.0,Clear,Unknown (no API key),40.0,0.0,50.0,1013.0,10.0,50.0,Urban,69406,12,5.5,4.0,0.2,18.5211,73.8502,Pune,0.1032,OK,False,,,
2026-03-19 19:55:01,606.4,Safari Storme EX,92.0,2017.0,31.0,0.0,52.94117647058823,0.0,14.148,1.0,0,0,0.0,56.92387245044527,0.0,Aggressive,25.0,Clear,Unknown (no API key),40.0,0.0,50.0,1013.0,10.0,50.0,Urban,69406,12,5.5,4.0,0.2,18.5211,73.8502,Pune,0.1032,OK,False,,,
2026-03-19 19:55:05,609.6,Safari Storme EX,92.0,2039.5,37.0,0.0,0.0,0.0,14.226,1.0,0,0,0.0,57.461648951450734,0.0,Aggressive,25.0,Clear,Unknown (no API key),40.0,0.0,50.0,1013.0,10.0,50.0,Urban,69406,12,5.5,4.0,0.2,18.5211,73.8502,Pune,0.1032,OK,False,,,
2026-03-19 19:55:08,612.9,Safari Storme EX,92.0,907.75,34.0,0.0,13.72549019607843,0.0,14.031,1.0,0,0,0.0,57.42545245619076,0.0,Aggressive,25.0,Clear,Unknown (no API key),40.0,0.0,50.0,1013.0,10.0,50.0,Urban,69406,12,5.5,4.0,0.2,18.5211,73.8502,Pune,0.1032,OK,False,,,
2026-03-19 19:55:11,616.2,Safari Storme EX,93.0,898.75,25.0,0.0,13.72549019607843,0.0,14.023,1.0,0,0,0.0,56.82792301062912,0.0,Aggressive,25.0,Clear,Unknown (no API key),40.0,0.0,50.0,1013.0,10.0,50.0,Urban,69406,12,5.5,4.0,0.2,18.5211,73.8502,Pune,0.1067,OK,False,,,
2026-03-19 19:55:14,619.4,Safari Storme EX,93.0,900.75,17.0,0.0,13.72549019607843,0.0,14.007,1.0,0,0,0.0,57.79890835966677,0.0,Aggressive,25.0,Clear,Unknown (no API key),40.0,0.0,50.0,1013.0,10.0,50.0,Urban,69406,12,5.5,4.0,0.2,18.5211,73.8502,Pune,0.1067,OK,False,,,
2026-03-19 19:55:18,622.6,Safari Storme EX,93.0,900.5,7.0,0.0,13.72549019607843,0.0,14.125,1.0,0,0,0.0,58.39299051996552,0.0,Aggressive,25.0,Clear,Unknown (no API key),40.0,0.0,50.0,1013.0,10.0,50.0,Urban,69406,12,5.5,4.0,0.2,18.5211,73.8502,Pune,0.1067,OK,False,,,
2026-03-19 19:55:22,625.8,Safari Storme EX,93.0,913.75,7.0,0.0,77.6470588235294,0.0,13.953,1.0,0,0,0.0,56.75553002010916,0.0,Aggressive,25.0,Clear,Unknown (no API key),40.0,0.0,50.0,1013.0,10.0,50.0,Urban,69406,12,5.5,4.0,0.2,18.5211,73.8502,Pune,0.1067,OK,False,,,
2026-03-19 19:55:26,630.6,Safari Storme EX,93.0,927.0,13.0,0.0,12.941176470588236,0.0,14.023,1.0,0,0,0.0,54.00229819017524,0.0,Aggressive,25.0,Clear,Unknown (no API key),40.0,0.0,50.0,1013.0,10.0,50.0,Urban,69406,12,5.5,4.0,0.2,18.5211,73.8502,Pune,0.1067,OK,False,,,
2026-03-19 19:55:29,633.8,Safari Storme EX,93.0,1014.75,15.0,0.0,61.96078431372549,0.0,14.109,1.0,0,0,0.0,53.62137316862971,0.0,Aggressive,25.0,Clear,Unknown (no API key),40.0,0.0,50.0,1013.0,10.0,50.0,Urban,69406,12,5.5,4.0,0.2,18.5211,73.8502,Pune,0.1067,OK,False,,,
2026-03-19 19:55:32,637.1,Safari Storme EX,93.0,1474.5,23.0,0.0,67.84313725490196,0.0,14.156,1.0,0,0,0.0,53.40649238724504,0.0,Aggressive,25.0,Clear,Unknown (no API key),40.0,0.0,50.0,1013.0,10.0,50.0,Urban,69406,12,5.5,4.0,0.2,18.5211,73.8502,Pune,0.1067,OK,False,,,
2026-03-19 19:55:35,640.3,Safari Storme EX,93.0,1480.75,27.0,0.0,1.96078431372549,0.0,14.109,1.0,0,0,0.0,53.65067509336397,0.0,Aggressive,25.0,Clear,Unknown (no API key),40.0,0.0,50.0,1013.0,10.0,50.0,Urban,69406,12,5.5,4.0,0.2,18.5211,73.8502,Pune,0.1067,OK,False,,,
2026-03-19 19:55:39,643.6,Safari Storme EX,93.0,902.25,26.0,0.0,12.941176470588236,0.0,14.078,1.0,0,0,0.0,52.30048836541222,0.0,Aggressive,25.0,Clear,Unknown (no API key),40.0,0.0,50.0,1013.0,10.0,50.0,Urban,69406,12,5.5,4.0,0.2,18.5211,73.8502,Pune,0.1067,OK,False,,,
2026-03-19 19:55:42,646.9,Safari Storme EX,93.0,1173.75,27.0,0.0,98.82352941176472,0.0,14.117,1.0,0,0,0.0,49.42889974145359,0.0,Aggressive,25.0,Clear,Unknown (no API key),40.0,0.0,50.0,1013.0,10.0,50.0,Urban,69406,12,5.5,4.0,0.2,18.5211,73.8502,Pune,0.1067,OK,False,,,
2026-03-19 19:55:45,650.1,Safari Storme EX,93.0,1444.0,34.0,0.0,65.88235294117646,0.0,14.054,1.0,0,0,0.0,50.11663315139328,0.0,Aggressive,25.0,Clear,Unknown (no API key),40.0,0.0,50.0,1013.0,10.0,50.0,Urban,69406,12,5.5,4.0,0.2,18.5211,73.8502,Pune,0.1067,OK,False,,,
2026-03-19 19:55:48,653.4,Safari Storme EX,93.0,911.25,30.0,0.0,13.72549019607843,0.0,14.062,1.0,0,0,0.0,46.67796610169491,0.0,Aggressive,25.0,Clear,Unknown (no API key),40.0,0.0,50.0,1013.0,10.0,50.0,Urban,69406,12,5.5,4.0,0.2,18.5211,73.8502,Pune,0.1067,OK,False,,,
2026-03-19 19:55:52,656.6,Safari Storme EX,93.0,896.5,26.0,0.0,12.941176470588236,0.0,14.023,1.0,0,0,0.0,46.65958058029302,0.0,Aggressive,25.0,Clear,Unknown (no API key),40.0,0.0,50.0,1013.0,10.0,50.0,Urban,69406,12,5.5,4.0,0.2,18.5211,73.8502,Pune,0.1067,OK,False,,,
2026-03-19 19:55:55,659.9,Safari Storme EX,93.0,1069.25,25.0,0.0,26.666666666666668,0.0,14.132,1.0,0,0,0.0,45.86325768457339,0.0,Aggressive,25.0,Clear,Unknown (no API key),40.0,0.0,50.0,1013.0,10.0,50.0,Urban,69406,12,5.5,4.0,0.2,18.5211,73.8502,Pune,0.1067,OK,False,,,
2026-03-19 19:55:58,663.1,Safari Storme EX,93.0,897.25,23.0,0.0,12.941176470588236,0.0,14.054,1.0,0,0,0.0,45.0991094513071,0.0,Aggressive,25.0,Clear,Unknown (no API key),40.0,0.0,50.0,1013.0,10.0,50.0,Urban,69406,12,5.5,4.0,0.2,18.5211,73.8502,Pune,0.1067,OK,False,,,
2026-03-19 19:56:01,666.3,Safari Storme EX,93.0,1577.25,23.0,0.0,72.94117647058823,0.0,14.14,1.0,0,0,0.0,43.68744613616776,0.0,Aggressive,25.0,Clear,Unknown (no API key),40.0,0.0,50.0,1013.0,10.0,50.0,Urban,69406,12,5.5,4.0,0.2,18.5211,73.8502,Pune,0.1067,OK,False,,,
2026-03-19 19:56:05,669.6,Safari Storme EX,93.0,1750.0,25.0,0.0,18.823529411764707,0.0,14.164,1.0,0,0,0.0,41.74317724791726,0.0,Aggressive,25.0,Clear,Unknown (no API key),40.0,0.0,50.0,1013.0,10.0,50.0,Urban,69406,12,5.5,4.0,0.2,18.5211,73.8502,Pune,0.1067,OK,False,,,
2026-03-19 19:56:08,672.9,Safari Storme EX,93.0,1889.5,28.0,0.0,42.74509803921568,0.0,14.14,1.0,0,0,0.0,41.8259120942258,0.0,Aggressive,25.0,Clear,Unknown (no API key),40.0,0.0,50.0,1013.0,10.0,50.0,Urban,69406,12,5.5,4.0,0.2,18.5211,73.8502,Pune,0.1067,OK,False,,,
2026-03-19 19:56:11,676.1,Safari Storme EX,93.0,1944.5,32.0,0.0,0.0,0.0,14.187,1.0,0,0,0.0,39.94714162596956,0.0,Aggressive,25.0,Clear,Unknown (no API key),40.0,0.0,50.0,1013.0,10.0,50.0,Urban,69406,12,5.5,4.0,0.2,18.5211,73.8502,Pune,0.1067,OK,False,,,
2026-03-19 19:56:14,679.4,Safari Storme EX,93.0,905.5,32.0,0.0,13.72549019607843,0.0,14.031,1.0,0,0,0.0,39.627693191611606,0.0,Aggressive,25.0,Clear,Unknown (no API key),40.0,0.0,50.0,1013.0,10.0,50.0,Urban,69406,12,5.5,4.0,0.2,18.5211,73.8502,Pune,0.1067,OK,False,,,
2026-03-19 19:56:18,682.6,Safari Storme EX,93.0,902.5,26.0,0.0,13.72549019607843,0.0,14.007,1.0,0,0,0.0,40.29933927032462,0.0,Aggressive,25.0,Clear,Unknown (no API key),40.0,0.0,50.0,1013.0,10.0,50.0,Urban,69406,12,5.5,4.0,0.2,18.5211,73.8502,Pune,0.1067,OK,False,,,
2026-03-19 19:56:21,685.8,Safari Storme EX,93.0,901.75,23.0,0.0,13.72549019607843,0.0,14.0,1.0,0,0,0.0,40.17121516805516,0.0,Aggressive,25.0,Clear,Unknown (no API key),40.0,0.0,50.0,1013.0,10.0,50.0,Urban,69406,12,5.5,4.0,0.2,18.5211,73.8502,Pune,0.1067,OK,False,,,
2026-03-19 19:56:25,689.1,Safari Storme EX,93.0,901.0,16.0,0.0,12.941176470588236,0.0,14.062,1.0,0,0,0.0,39.71157713300776,0.0,Aggressive,25.0,Clear,Unknown (no API key),40.0,0.0,50.0,1013.0,10.0,50.0,Urban,69406,12,5.5,4.0,0.2,18.5211,73.8502,Pune,0.1067,OK,False,,,
2026-03-19 19:56:28,693.6,Safari Storme EX,94.0,900.5,10.0,0.0,12.941176470588236,0.0,14.0,1.0,0,0,0.0,38.89284688307958,0.0,Aggressive,25.0,Clear,Unknown (no API key),40.0,0.0,50.0,1013.0,10.0,50.0,Urban,69406,12,5.5,4.0,0.2,18.5211,73.8502,Pune,0.1067,OK,False,,,
2026-03-19 19:56:32,696.8,Safari Storme EX,94.0,860.75,11.0,0.0,53.72549019607843,0.0,14.046,1.0,0,0,0.0,38.74001723642631,0.0,Aggressive,25.0,Clear,Unknown (no API key),40.0,0.0,50.0,1013.0,10.0,50.0,Urban,69406,12,5.5,4.0,0.2,18.5211,73.8502,Pune,0.1067,OK,False,,,
2026-03-19 19:56:35,700.1,Safari Storme EX,94.0,912.5,13.0,0.0,16.862745098039216,0.0,14.062,1.0,0,0,0.0,38.79977018098246,0.0,Aggressive,25.0,Clear,Unknown (no API key),40.0,0.0,50.0,1013.0,10.0,50.0,Urban,69406,12,5.5,4.0,0.2,18.5211,73.8502,Pune,0.1067,OK,False,,,
2026-03-19 19:56:38,703.3,Safari Storme EX,94.0,1076.5,16.0,0.0,63.92156862745098,0.0,14.109,1.0,0,0,0.0,38.9755817293881,0.0,Aggressive,25.0,Clear,Unknown (no API key),40.0,0.0,50.0,1013.0,10.0,50.0,Urban,69406,12,5.5,4.0,0.2,18.5211,73.8502,Pune,0.1067,OK,False,,,
2026-03-19 19:56:41,706.6,Safari Storme EX,94.0,1230.25,18.0,0.0,40.78431372549019,0.0,14.164,1.0,0,0,0.0,38.80321746624532,0.0,Aggressive,25.0,Clear,Unknown (no API key),40.0,0.0,50.0,1013.0,10.0,50.0,Urban,69406,12,5.5,4.0,0.2,18.5211,73.8502,Pune,0.1067,OK,False,,,
2026-03-19 19:56:45,709.8,Safari Storme EX,94.0,1219.0,17.0,0.0,41.96078431372549,0.0,14.148,1.0,0,0,0.0,38.405630565929314,0.0,Aggressive,25.0,Clear,Unknown (no API key),40.0,0.0,50.0,1013.0,10.0,50.0,Urban,69406,12,5.5,4.0,0.2,18.5211,73.8502,Pune,0.1067,OK,False,,,
2026-03-19 19:56:48,713.0,Safari Storme EX,94.0,953.75,16.0,0.0,12.941176470588236,0.0,14.031,1.0,0,0,0.0,37.81097385808676,0.0,Aggressive,25.0,Clear,Unknown (no API key),40.0,0.0,50.0,1013.0,10.0,50.0,Urban,69406,12,5.5,4.0,0.2,18.5211,73.8502,Pune,0.1067,OK,False,,,
2026-03-19 19:56:51,716.2,Safari Storme EX,94.0,900.0,7.0,0.0,12.941176470588236,0.0,14.007,1.0,0,0,0.0,38.57627118644068,0.0,Aggressive,25.0,Clear,Unknown (no API key),40.0,0.0,50.0,1013.0,10.0,50.0,Urban,69406,12,5.5,4.0,0.2,18.5211,73.8502,Pune,0.1067,OK,False,,,
2026-03-19 19:56:54,719.5,Safari Storme EX,94.0,901.25,4.0,0.0,13.72549019607843,0.0,14.07,1.0,0,0,0.0,38.44355070382073,0.0,Aggressive,25.0,Clear,Unknown (no API key),40.0,0.0,50.0,1013.0,10.0,50.0,Urban,69406,12,5.5,4.0,0.2,18.5211,73.8502,Pune,0.1067,OK,False,,,
2026-03-19 19:56:58,722.7,Safari Storme EX,94.0,933.75,7.0,0.0,30.980392156862745,0.0,14.062,1.0,0,0,0.0,36.85894857799484,0.0,Aggressive,25.0,Clear,Unknown (no API key),40.0,0.0,50.0,1013.0,10.0,50.0,Urban,69406,12,5.5,4.0,0.2,18.5211,73.8502,Pune,0.1067,OK,False,,,
2026-03-19 19:57:01,726.0,Safari Storme EX,94.0,914.5,7.0,0.0,18.823529411764707,0.0,14.07,1.0,0,0,0.0,36.773915541511066,0.0,Aggressive,25.0,Clear,Unknown (no API key),40.0,0.0,50.0,1013.0,10.0,50.0,Urban,69406,12,5.5,4.0,0.2,18.5211,73.8502,Pune,0.1067,OK,False,,,
2026-03-19 19:57:04,729.2,Safari Storme EX,94.0,785.75,12.0,0.0,52.94117647058823,0.0,14.117,1.0,0,0,0.0,37.22550991094513,0.0,Aggressive,25.0,Clear,Unknown (no API key),40.0,0.0,50.0,1013.0,10.0,50.0,Urban,69406,12,5.5,4.0,0.2,18.5211,73.8502,Pune,0.1067,OK,False,,,
2026-03-19 19:57:07,732.5,Safari Storme EX,94.0,908.25,9.0,0.0,23.92156862745098,0.0,13.992,1.0,0,0,0.0,36.782533754668194,0.0,Aggressive,25.0,Clear,Unknown (no API key),40.0,0.0,50.0,1013.0,10.0,50.0,Urban,69406,12,5.5,4.0,0.2,18.5211,73.8502,Pune,0.1067,OK,False,,,
2026-03-19 19:57:11,735.7,Safari Storme EX,94.0,1083.0,16.0,0.0,38.8235294117647,0.0,14.125,1.0,0,0,0.0,37.4719908072393,0.0,Aggressive,25.0,Clear,Unknown (no API key),40.0,0.0,50.0,1013.0,10.0,50.0,Urban,69406,12,5.5,4.0,0.2,18.5211,73.8502,Pune,0.1067,OK,False,,,
2026-03-19 19:57:14,739.0,Safari Storme EX,94.0,894.5,12.0,0.0,12.941176470588236,0.0,14.023,1.0,0,0,0.0,36.29933927032462,0.0,Aggressive,25.0,Clear,Unknown (no API key),40.0,0.0,50.0,1013.0,10.0,50.0,Urban,69406,12,5.5,4.0,0.2,18.5211,73.8502,Pune,0.1067,OK,False,,,
2026-03-19 19:57:17,742.2,Safari Storme EX,95.0,898.75,8.0,0.0,13.72549019607843,0.0,14.031,1.0,0,0,0.0,33.76558460212582,0.0,Aggressive,25.0,Clear,Unknown (no API key),40.0,0.0,50.0,1013.0,10.0,50.0,Urban,69406,12,5.5,4.0,0.2,18.5211,73.8502,Pune,0.1067,OK,False,,,
2026-03-19 19:57:20,745.5,Safari Storme EX,95.0,898.25,12.0,0.0,45.88235294117647,0.0,14.085,1.0,0,0,0.0,33.438092502154554,0.0,Aggressive,25.0,Clear,Unknown (no API key),40.0,0.0,50.0,1013.0,10.0,50.0,Urban,69406,12,5.5,4.0,0.2,18.5211,73.8502,Pune,0.1067,OK,False,,,
2026-03-19 19:57:24,748.7,Safari Storme EX,95.0,908.75,9.0,0.0,12.941176470588236,0.0,14.062,1.0,0,0,0.0,28.61189313415685,0.0,Aggressive,25.0,Clear,Unknown (no API key),40.0,0.0,50.0,1013.0,10.0,50.0,Urban,69406,12,5.5,4.0,0.2,18.5211,73.8502,Pune,0.1067,OK,False,,,
2026-03-19 19:57:28,751.9,Safari Storme EX,95.0,901.0,7.0,0.0,38.8235294117647,0.0,13.953,1.0,0,0,0.0,28.33955759839127,0.0,Aggressive,25.0,Clear,Unknown (no API key),40.0,0.0,50.0,1013.0,10.0,50.0,Urban,69406,12,5.5,4.0,0.2,18.5211,73.8502,Pune,0.1067,OK,False,,,
2026-03-19 19:57:31,756.2,Safari Storme EX,95.0,887.5,8.0,0.0,28.62745098039216,0.0,14.093,1.0,0,0,0.0,28.364837690318875,0.0,Aggressive,25.0,Clear,Unknown (no API key),40.0,0.0,50.0,1013.0,10.0,50.0,Urban,69406,12,5.5,4.0,0.2,18.5211,73.8502,Pune,0.1067,OK,False,,,
2026-03-19 19:57:34,759.5,Safari Storme EX,95.0,940.75,6.0,0.0,12.941176470588236,0.0,14.007,1.0,0,0,0.0,26.08388394139614,0.0,Aggressive,25.0,Clear,Unknown (no API key),40.0,0.0,50.0,1013.0,10.0,50.0,Urban,69406,12,5.5,4.0,0.2,18.5211,73.8502,Pune,0.1067,OK,False,,,
2026-03-19 19:57:38,762.8,Safari Storme EX,95.0,890.75,6.0,0.0,24.705882352941178,0.0,14.078,1.0,0,0,0.0,26.002298190175228,0.0,Aggressive,25.0,Clear,Unknown (no API key),40.0,0.0,50.0,1013.0,10.0,50.0,Urban,69406,12,5.5,4.0,0.2,18.5211,73.8502,Pune,0.1067,OK,False,,,
2026-03-19 19:57:41,766.0,Safari Storme EX,95.0,920.75,5.0,0.0,17.647058823529413,0.0,14.054,1.0,0,0,0.0,25.8322321172077,0.0,Aggressive,25.0,Clear,Unknown (no API key),40.0,0.0,50.0,1013.0,10.0,50.0,Urban,69406,12,5.5,4.0,0.2,18.5211,73.8502,Pune,0.1067,OK,False,,,
2026-03-19 19:57:44,769.2,Safari Storme EX,96.0,904.25,0.0,0.0,63.92156862745098,0.0,14.14,1.0,0,0,0.0,24.917552427463367,0.0166666666666666,Aggressive,25.0,Clear,Unknown (no API key),40.0,0.0,50.0,1013.0,10.0,50.0,Urban,69406,12,5.5,4.0,0.2,18.5211,73.8502,Pune,0.1085,OK,False,,,
2026-03-19 19:57:47,772.4,Safari Storme EX,96.0,1119.0,8.0,0.0,54.90196078431372,0.0,14.148,1.0,0,0,0.0,26.0436656133295,0.0166666666666666,Aggressive,25.0,Clear,Unknown (no API key),40.0,0.0,50.0,1013.0,10.0,50.0,Urban,69406,12,5.5,4.0,0.2,18.5211,73.8502,Pune,0.1085,OK,False,,,
2026-03-19 19:57:51,775.6,Safari Storme EX,96.0,1086.25,8.0,0.0,27.84313725490196,0.0,14.117,1.0,0,0,0.0,25.9689744326343,0.0166666666666666,Aggressive,25.0,Clear,Unknown (no API key),40.0,0.0,50.0,1013.0,10.0,50.0,Urban,69406,12,5.5,4.0,0.2,18.5211,73.8502,Pune,0.1085,OK,False,,,
2026-03-19 19:57:54,778.8,Safari Storme EX,96.0,1151.75,9.0,0.0,15.68627450980392,0.0,14.078,1.0,0,0,0.0,25.824188451594367,0.0166666666666666,Aggressive,25.0,Clear,Unknown (no API key),40.0,0.0,50.0,1013.0,10.0,50.0,Urban,69406,12,5.5,4.0,0.2,18.5211,73.8502,Pune,0.1085,OK,False,,,
2026-03-19 19:57:57,782.1,Safari Storme EX,96.0,898.75,10.0,0.0,50.98039215686274,0.0,13.945,1.0,0,0,0.0,25.84602125825912,0.0166666666666666,Aggressive,25.0,Clear,Unknown (no API key),40.0,0.0,50.0,1013.0,10.0,50.0,Urban,69406,12,5.5,4.0,0.2,18.5211,73.8502,Pune,0.1085,OK,False,,,
2026-03-19 19:58:00,785.3,Safari Storme EX,96.0,942.5,13.0,0.0,11.764705882352942,0.0,13.937,1.0,0,0,0.0,24.257397299626543,0.0166666666666666,Aggressive,25.0,Clear,Unknown (no API key),40.0,0.0,50.0,1013.0,10.0,50.0,Urban,69406,12,5.5,4.0,0.2,18.5211,73.8502,Pune,0.1085,OK,False,,,
2026-03-19 19:58:03,788.6,Safari Storme EX,95.0,846.75,9.0,0.0,46.66666666666666,0.0,13.937,1.0,0,0,0.0,24.483194484343585,0.0166666666666666,Aggressive,25.0,Clear,Unknown (no API key),40.0,0.0,50.0,1013.0,10.0,50.0,Urban,69406,12,5.5,4.0,0.2,18.5211,73.8502,Pune,0.1085,OK,False,,,
2026-03-19 19:58:07,791.8,Safari Storme EX,95.0,999.25,12.0,0.0,15.68627450980392,0.0,13.992,1.0,0,0,0.0,22.2855501292732,0.0166666666666666,Aggressive,25.0,Clear,Unknown (no API key),40.0,0.0,50.0,1013.0,10.0,50.0,Urban,69406,12,5.5,4.0,0.2,18.5211,73.8502,Pune,0.1085,OK,False,,,
